/*******************************************************************************
 * Size: 32 px
 * Bpp: 8
 * Opts: --bpp 8 --size 32 --no-compress --font ../../eez-128_esp32_s3/fonts/Nabla-Regular-VariableFont_EDPT,EHLT.ttf --range 32-127 --format lvgl
 ******************************************************************************/

#ifdef __has_include
    #if __has_include("lvgl.h")
        #ifndef LV_LVGL_H_INCLUDE_SIMPLE
            #define LV_LVGL_H_INCLUDE_SIMPLE
        #endif
    #endif
#endif

#ifdef LV_LVGL_H_INCLUDE_SIMPLE
    #include "lvgl.h"
#else
    #include "lvgl.h"
#endif

#ifndef UI_FONT_FUNKY_32
#define UI_FONT_FUNKY_32 1
#endif

#if UI_FONT_FUNKY_32

/*-----------------
 *    BITMAPS
 *----------------*/

/*Store the image of the glyphs*/
static LV_ATTRIBUTE_LARGE_CONST const uint8_t glyph_bitmap[] = {
    /* U+0020 " " */

    /* U+0021 "!" */
    0x0, 0x0, 0x0, 0x26, 0x0, 0x0, 0x0, 0x0,
    0x2c, 0xbd, 0xff, 0xad, 0x1f, 0x0, 0x43, 0xfc,
    0xff, 0xff, 0xff, 0xf6, 0x25, 0x58, 0xff, 0xff,
    0xff, 0xff, 0xff, 0x34, 0x58, 0xff, 0xff, 0xff,
    0xff, 0xff, 0x34, 0x58, 0xff, 0xff, 0xff, 0xff,
    0xff, 0x34, 0x58, 0xff, 0xff, 0xff, 0xff, 0xff,
    0x34, 0x58, 0xff, 0xff, 0xff, 0xff, 0xff, 0x34,
    0x58, 0xff, 0xff, 0xff, 0xff, 0xff, 0x34, 0x58,
    0xff, 0xff, 0xff, 0xff, 0xff, 0x34, 0x58, 0xff,
    0xff, 0xff, 0xff, 0xff, 0x34, 0x58, 0xff, 0xff,
    0xff, 0xff, 0xff, 0x34, 0x58, 0xff, 0xff, 0xff,
    0xff, 0xff, 0x34, 0x58, 0xff, 0xff, 0xff, 0xff,
    0xff, 0x34, 0x58, 0xff, 0xff, 0xff, 0xff, 0xff,
    0x34, 0x58, 0xff, 0xff, 0xff, 0xff, 0xff, 0x34,
    0x58, 0xff, 0xff, 0xff, 0xff, 0xff, 0x34, 0x58,
    0xff, 0xff, 0xff, 0xff, 0xff, 0x34, 0x58, 0xff,
    0xff, 0xff, 0xff, 0xff, 0x34, 0x58, 0xff, 0xff,
    0xff, 0xff, 0xff, 0x34, 0x58, 0xff, 0xff, 0xff,
    0xff, 0xff, 0x34, 0x58, 0xff, 0xff, 0xff, 0xff,
    0xff, 0x34, 0x58, 0xff, 0xff, 0xff, 0xff, 0xff,
    0x34, 0x58, 0xff, 0xff, 0xff, 0xff, 0xff, 0x34,
    0x58, 0xff, 0xff, 0xff, 0xff, 0xff, 0x34, 0x9,
    0x7e, 0xf5, 0xff, 0xee, 0x6b, 0x3, 0x0, 0x27,
    0xcd, 0xff, 0x32, 0x0, 0x0, 0x1b, 0xec, 0xff,
    0xff, 0xf6, 0x7d, 0x7, 0x94, 0xff, 0xff, 0xff,
    0xff, 0xff, 0x92, 0xd2, 0xff, 0xff, 0xff, 0xff,
    0xff, 0xb3, 0xbc, 0xff, 0xff, 0xff, 0xff, 0xff,
    0x7a, 0x19, 0xa7, 0xff, 0xff, 0xff, 0xe3, 0x11,
    0x0, 0x0, 0x3e, 0xc5, 0xbc, 0x26, 0x0, 0x0,
    0x0, 0x0, 0x0, 0x0, 0x0, 0x0,

    /* U+0022 "\"" */
    0x0, 0x0, 0x0, 0x0, 0x0, 0x0, 0x0, 0x0,
    0x0, 0x6, 0x0, 0x0, 0x0, 0x0, 0x0, 0x0,
    0x0, 0x0, 0x0, 0x0, 0x1, 0x5d, 0xe5, 0xb8,
    0x28, 0x0, 0x0, 0x0, 0x0, 0x0, 0x0, 0x0,
    0x0, 0xc4, 0xff, 0xff, 0xff, 0xfa, 0x61, 0x0,
    0x0, 0x0, 0x0, 0x0, 0x0, 0x0, 0xf8, 0xff,
    0xff, 0xff, 0xff, 0x90, 0x0, 0x0, 0x4, 0x13,
    0x0, 0x0, 0x0, 0xf8, 0xff, 0xff, 0xff, 0xff,
    0x90, 0x0, 0x46, 0xd6, 0xf1, 0x74, 0x6, 0x0,
    0xf8, 0xff, 0xff, 0xff, 0xff, 0x90, 0x80, 0xff,
    0xff, 0xff, 0xff, 0xd0, 0x0, 0xf8, 0xff, 0xff,
    0xff, 0xff, 0x90, 0xa0, 0xff, 0xff, 0xff, 0xff,
    0xf0, 0x0, 0xf8, 0xff, 0xff, 0xff, 0xff, 0x90,
    0xa0, 0xff, 0xff, 0xff, 0xff, 0xf0, 0x0, 0xf7,
    0xff, 0xff, 0xff, 0xff, 0x90, 0xa0, 0xff, 0xff,
    0xff, 0xff, 0xf0, 0x0, 0xdf, 0xff, 0xff, 0xff,
    0xff, 0x90, 0xa0, 0xff, 0xff, 0xff, 0xff, 0xf0,
    0x0, 0x5d, 0xfa, 0xff, 0xff, 0xff, 0x90, 0xa0,
    0xff, 0xff, 0xff, 0xff, 0xf0, 0x0, 0x0, 0x26,
    0xb5, 0xff, 0xff, 0x90, 0x9f, 0xff, 0xff, 0xff,
    0xff, 0xf0, 0x0, 0x0, 0x0, 0x0, 0x48, 0x8a,
    0x31, 0x81, 0xff, 0xff, 0xff, 0xff, 0xf0, 0x0,
    0x0, 0x0, 0x0, 0x0, 0x0, 0x0, 0x14, 0xcb,
    0xff, 0xff, 0xff, 0xf0, 0x0, 0x0, 0x0, 0x0,
    0x0, 0x0, 0x0, 0x0, 0x2, 0x66, 0xeb, 0xff,
    0xf0, 0x0, 0x0, 0x0, 0x0, 0x0, 0x0, 0x0,
    0x0, 0x0, 0x0, 0x10, 0x69, 0x47, 0x0, 0x0,
    0x0, 0x0, 0x0, 0x0, 0x0,

    /* U+0023 "#" */
    0x0, 0x0, 0x0, 0x0, 0x0, 0x0, 0x0, 0x0,
    0x0, 0x0, 0x0, 0x0, 0x0, 0x1d, 0x1, 0x0,
    0x0, 0x0, 0x0, 0x0, 0x0, 0x0, 0x0, 0x0,
    0x0, 0x0, 0x0, 0x0, 0x0, 0x0, 0x0, 0x12,
    0x94, 0xfc, 0xc9, 0x38, 0x0, 0x0, 0x0, 0x0,
    0x0, 0x0, 0x0, 0x0, 0x0, 0x0, 0x0, 0x0,
    0x0, 0x0, 0x10, 0xed, 0xff, 0xff, 0xff, 0xff,
    0xe0, 0x19, 0x0, 0x0, 0x0, 0x0, 0x0, 0x0,
    0x0, 0x0, 0x0, 0x0, 0x0, 0x0, 0x18, 0xff,
    0xff, 0xff, 0xff, 0xff, 0xff, 0xf2, 0x74, 0x5,
    0x0, 0x0, 0x0, 0x0, 0x0, 0x0, 0x0, 0x0,
    0x0, 0x0, 0x18, 0xff, 0xff, 0xff, 0xff, 0xff,
    0xff, 0xff, 0xff, 0x38, 0x0, 0x0, 0x0, 0x0,
    0x7, 0x79, 0x67, 0x2, 0x0, 0x0, 0x45, 0xff,
    0xff, 0xff, 0xff, 0xff, 0xff, 0xff, 0xff, 0x38,
    0x0, 0x0, 0x0, 0x4c, 0xdd, 0xff, 0xff, 0xcd,
    0x4b, 0x95, 0xff, 0xff, 0xff, 0xff, 0xff, 0xff,
    0xff, 0xff, 0xff, 0x38, 0x0, 0x0, 0x0, 0xd8,
    0xff, 0xff, 0xff, 0xff, 0xff, 0xff, 0xff, 0xff,
    0xff, 0xff, 0xff, 0xff, 0xff, 0xfe, 0xa1, 0xf,
    0x0, 0x0, 0x0, 0xd8, 0xff, 0xff, 0xff, 0xff,
    0xff, 0xff, 0xff, 0xff, 0xff, 0xff, 0xff, 0xff,
    0xd3, 0x39, 0x0, 0x0, 0x0, 0x0, 0x0, 0xd8,
    0xff, 0xff, 0xff, 0xff, 0xff, 0xff, 0xff, 0xff,
    0xff, 0xff, 0xff, 0xff, 0x78, 0x0, 0x0, 0x0,
    0x0, 0x8, 0x7d, 0xf9, 0xff, 0xff, 0xff, 0xff,
    0xff, 0xff, 0xff, 0xff, 0xff, 0xff, 0xff, 0xff,
    0x78, 0x0, 0x0, 0x0, 0x45, 0xdf, 0xff, 0xff,
    0xff, 0xff, 0xff, 0xff, 0xff, 0xff, 0xff, 0xff,
    0xff, 0xff, 0xff, 0xff, 0xe5, 0xe, 0x0, 0x0,
    0xa0, 0xff, 0xff, 0xff, 0xff, 0xff, 0xff, 0xff,
    0xff, 0xdc, 0x65, 0xff, 0xff, 0xff, 0xff, 0xff,
    0xff, 0xe8, 0x60, 0x1, 0xa0, 0xff, 0xff, 0xff,
    0xff, 0xff, 0xff, 0xff, 0xc8, 0x7, 0x18, 0xff,
    0xff, 0xff, 0xff, 0xff, 0xff, 0xff, 0xff, 0x37,
    0x9f, 0xff, 0xff, 0xff, 0xff, 0xff, 0xff, 0xff,
    0xb4, 0x0, 0x39, 0xff, 0xff, 0xff, 0xff, 0xff,
    0xff, 0xff, 0xff, 0x38, 0x1b, 0xa5, 0xff, 0xff,
    0xff, 0xff, 0xff, 0xff, 0xbe, 0x84, 0xff, 0xff,
    0xff, 0xff, 0xff, 0xff, 0xff, 0xff, 0xff, 0x38,
    0x0, 0x0, 0x3b, 0xff, 0xff, 0xff, 0xff, 0xff,
    0xff, 0xff, 0xff, 0xff, 0xff, 0xff, 0xff, 0xff,
    0xff, 0xff, 0xb5, 0x13, 0x0, 0x0, 0x0, 0xd8,
    0xff, 0xff, 0xff, 0xff, 0xff, 0xff, 0xff, 0xff,
    0xff, 0xff, 0xff, 0xff, 0xde, 0x4c, 0x0, 0x0,
    0x0, 0x0, 0x0, 0xd8, 0xff, 0xff, 0xff, 0xff,
    0xff, 0xff, 0xff, 0xff, 0xff, 0xff, 0xff, 0xff,
    0x78, 0x0, 0x0, 0x0, 0x0, 0x3, 0x6a, 0xf6,
    0xff, 0xff, 0xff, 0xff, 0xff, 0xff, 0xff, 0xff,
    0xff, 0xff, 0xff, 0xff, 0x78, 0x0, 0x0, 0x0,
    0x3a, 0xd2, 0xff, 0xff, 0xff, 0xff, 0xff, 0xff,
    0xff, 0xff, 0xff, 0xff, 0xff, 0xff, 0xff, 0xff,
    0x78, 0x0, 0x0, 0x0, 0xa0, 0xff, 0xff, 0xff,
    0xff, 0xff, 0xff, 0xff, 0xff, 0xe8, 0x65, 0x7e,
    0xf5, 0xff, 0xff, 0xb5, 0x21, 0x0, 0x0, 0x0,
    0xa0, 0xff, 0xff, 0xff, 0xff, 0xff, 0xff, 0xff,
    0xce, 0xf, 0x0, 0x0, 0x1d, 0x99, 0x4a, 0x0,
    0x0, 0x0, 0x0, 0x0, 0xa0, 0xff, 0xff, 0xff,
    0xff, 0xff, 0xff, 0xff, 0xb4, 0x0, 0x0, 0x0,
    0x0, 0x0, 0x0, 0x0, 0x0, 0x0, 0x0, 0x0,
    0x27, 0xb7, 0xff, 0xff, 0xff, 0xff, 0xff, 0xff,
    0xb4, 0x0, 0x0, 0x0, 0x0, 0x0, 0x0, 0x0,
    0x0, 0x0, 0x0, 0x0, 0x0, 0x0, 0x4b, 0xff,
    0xff, 0xff, 0xff, 0xff, 0x9c, 0x0, 0x0, 0x0,
    0x0, 0x0, 0x0, 0x0, 0x0, 0x0, 0x0, 0x0,
    0x0, 0x0, 0x0, 0x6, 0x75, 0xf2, 0xe8, 0x61,
    0x1, 0x0, 0x0, 0x0, 0x0, 0x0, 0x0, 0x0,
    0x0, 0x0, 0x0, 0x0, 0x0, 0x0, 0x0, 0x0,
    0x0, 0x17, 0xe, 0x0, 0x0, 0x0, 0x0, 0x0,
    0x0, 0x0, 0x0, 0x0, 0x0, 0x0, 0x0, 0x0,

    /* U+0024 "$" */
    0x0, 0x0, 0x0, 0x0, 0x0, 0x0, 0x0, 0x0,
    0x0, 0x0, 0x0, 0x0, 0x0, 0x0, 0x0, 0x47,
    0x2c, 0x0, 0x0, 0x0, 0x0, 0x0, 0x0, 0x0,
    0x0, 0x0, 0x3, 0x6b, 0xde, 0x74, 0x5, 0x0,
    0x23, 0xb2, 0xff, 0xfc, 0x94, 0x12, 0x0, 0x0,
    0x0, 0x0, 0x0, 0x0, 0x1e, 0xd3, 0xff, 0xff,
    0xff, 0xe5, 0xad, 0xf8, 0xff, 0xff, 0xff, 0xff,
    0xad, 0x0, 0x0, 0x0, 0x0, 0x0, 0x0, 0x40,
    0xff, 0xff, 0xff, 0xff, 0xff, 0xff, 0xff, 0xff,
    0xff, 0xff, 0xff, 0xb0, 0x0, 0x0, 0x0, 0x0,
    0x0, 0x0, 0x40, 0xff, 0xff, 0xff, 0xff, 0xff,
    0xff, 0xff, 0xff, 0xff, 0xff, 0xff, 0xb0, 0x0,
    0x0, 0x0, 0x0, 0x0, 0x0, 0x45, 0xff, 0xff,
    0xff, 0xff, 0xff, 0xff, 0xff, 0xff, 0xff, 0xff,
    0xf2, 0x60, 0x0, 0x0, 0x0, 0x0, 0x4, 0x6d,
    0xee, 0xff, 0xff, 0xff, 0xff, 0xff, 0xff, 0xff,
    0xff, 0xfe, 0xa1, 0x18, 0x0, 0x0, 0x0, 0x0,
    0x42, 0xd4, 0xff, 0xff, 0xff, 0xff, 0xff, 0xff,
    0xff, 0xff, 0xff, 0xca, 0x37, 0x0, 0x0, 0x0,
    0x0, 0x0, 0x8b, 0xff, 0xff, 0xff, 0xff, 0xff,
    0xff, 0xff, 0xff, 0xff, 0xe8, 0x62, 0x1, 0x0,
    0x0, 0x0, 0x0, 0x0, 0x65, 0xff, 0xff, 0xff,
    0xff, 0xff, 0xff, 0xff, 0xff, 0xff, 0xff, 0x51,
    0x7, 0x1b, 0x0, 0x0, 0x0, 0x0, 0xf, 0xea,
    0xff, 0xff, 0xff, 0xff, 0xff, 0xff, 0xff, 0xff,
    0xff, 0xff, 0xbb, 0xec, 0xff, 0xb2, 0x23, 0x0,
    0x0, 0x69, 0xff, 0xff, 0xff, 0xff, 0xff, 0xff,
    0xff, 0xff, 0xff, 0xff, 0xff, 0xff, 0xff, 0xff,
    0xff, 0xf8, 0x85, 0x2, 0x97, 0xff, 0xff, 0xff,
    0xff, 0xfc, 0xb8, 0xff, 0xff, 0xff, 0xff, 0xff,
    0xff, 0xff, 0xff, 0xff, 0xff, 0xff, 0x74, 0xa0,
    0xff, 0xff, 0xff, 0xff, 0xf0, 0x40, 0xff, 0xff,
    0xff, 0xff, 0xff, 0xff, 0xff, 0xff, 0xff, 0xff,
    0xff, 0xaa, 0xa0, 0xff, 0xff, 0xff, 0xff, 0xff,
    0xe0, 0xff, 0xff, 0xff, 0xff, 0xff, 0xff, 0xff,
    0xff, 0xff, 0xff, 0xff, 0xb0, 0xa0, 0xff, 0xff,
    0xff, 0xff, 0xff, 0xff, 0xff, 0xff, 0xff, 0xff,
    0xff, 0xff, 0xff, 0xff, 0xff, 0xff, 0xff, 0xb0,
    0xa0, 0xff, 0xff, 0xff, 0xff, 0xff, 0xff, 0xff,
    0xff, 0xff, 0xff, 0xff, 0xf4, 0xff, 0xff, 0xff,
    0xff, 0xff, 0xb0, 0x9d, 0xff, 0xff, 0xff, 0xff,
    0xff, 0xff, 0xff, 0xff, 0xff, 0xff, 0xff, 0x56,
    0xdc, 0xff, 0xff, 0xff, 0xff, 0xb0, 0x71, 0xff,
    0xff, 0xff, 0xff, 0xff, 0xff, 0xff, 0xff, 0xff,
    0xff, 0xff, 0x9f, 0xf3, 0xff, 0xff, 0xff, 0xff,
    0xa9, 0x5, 0x9a, 0xfe, 0xff, 0xff, 0xff, 0xff,
    0xff, 0xff, 0xff, 0xff, 0xff, 0xff, 0xff, 0xff,
    0xff, 0xff, 0xff, 0x7c, 0x0, 0x0, 0x34, 0xc6,
    0xff, 0xfb, 0xd4, 0xff, 0xff, 0xff, 0xff, 0xff,
    0xff, 0xff, 0xff, 0xff, 0xff, 0xf6, 0x1d, 0x0,
    0x0, 0x0, 0x1, 0x35, 0x1b, 0x40, 0xff, 0xff,
    0xff, 0xff, 0xff, 0xff, 0xff, 0xff, 0xff, 0xff,
    0x81, 0x0, 0x0, 0x0, 0x0, 0x0, 0x0, 0x3d,
    0xcf, 0xff, 0xff, 0xff, 0xff, 0xff, 0xff, 0xff,
    0xff, 0xff, 0xb0, 0x5, 0x0, 0x0, 0x0, 0x0,
    0x1b, 0xa6, 0xff, 0xff, 0xff, 0xff, 0xff, 0xff,
    0xff, 0xff, 0xff, 0xec, 0x67, 0x1, 0x0, 0x0,
    0x0, 0x7, 0x7a, 0xf4, 0xff, 0xff, 0xff, 0xff,
    0xff, 0xff, 0xff, 0xff, 0xfc, 0x95, 0x11, 0x0,
    0x0, 0x0, 0x0, 0x42, 0xdc, 0xff, 0xff, 0xff,
    0xff, 0xff, 0xff, 0xff, 0xff, 0xff, 0xff, 0x61,
    0x0, 0x0, 0x0, 0x0, 0x0, 0x0, 0xa0, 0xff,
    0xff, 0xff, 0xff, 0xff, 0xff, 0xff, 0xff, 0xff,
    0xff, 0xff, 0x50, 0x0, 0x0, 0x0, 0x0, 0x0,
    0x0, 0xa0, 0xff, 0xff, 0xff, 0xff, 0xff, 0xff,
    0xff, 0xff, 0xff, 0xff, 0xff, 0x50, 0x0, 0x0,
    0x0, 0x0, 0x0, 0x0, 0xa0, 0xff, 0xff, 0xff,
    0xff, 0xff, 0xd0, 0xff, 0xff, 0xff, 0xff, 0xeb,
    0x30, 0x0, 0x0, 0x0, 0x0, 0x0, 0x0, 0x1d,
    0xa9, 0xff, 0xff, 0xd2, 0x41, 0x0, 0xd, 0x8a,
    0xf5, 0x93, 0x11, 0x0, 0x0, 0x0, 0x0, 0x0,
    0x0, 0x0, 0x0, 0x0, 0x3e, 0x69, 0x3, 0x0,
    0x0, 0x0, 0x0, 0x8, 0x0, 0x0, 0x0, 0x0,
    0x0, 0x0, 0x0, 0x0, 0x0,

    /* U+0025 "%" */
    0x0, 0x0, 0x0, 0x0, 0x0, 0x0, 0x0, 0x0,
    0x0, 0x0, 0x0, 0x0, 0x0, 0x0, 0x9, 0x7,
    0x0, 0x0, 0x0, 0x0, 0x0, 0x0, 0x0, 0x0,
    0x0, 0x0, 0x0, 0x0, 0x0, 0x0, 0x0, 0x0,
    0x0, 0x0, 0x0, 0x0, 0x0, 0x7c, 0xf3, 0xaf,
    0x40, 0x0, 0x0, 0x0, 0x0, 0x0, 0x0, 0x0,
    0x0, 0x0, 0x0, 0x0, 0x0, 0x0, 0x0, 0x0,
    0x0, 0x0, 0x0, 0x5, 0xe5, 0xff, 0xff, 0xff,
    0xac, 0x20, 0x0, 0x0, 0x0, 0x0, 0x0, 0x0,
    0x0, 0x0, 0x0, 0x0, 0x0, 0x0, 0x0, 0x0,
    0x0, 0x0, 0x5b, 0xff, 0xff, 0xff, 0xff, 0xff,
    0x9b, 0x0, 0x0, 0x0, 0x0, 0x0, 0x0, 0x0,
    0x0, 0x0, 0x34, 0x3f, 0x0, 0x0, 0x0, 0x0,
    0x0, 0xca, 0xff, 0xff, 0xff, 0xff, 0xff, 0x2e,
    0x0, 0x0, 0x0, 0x0, 0x0, 0x0, 0x0, 0x28,
    0xb7, 0xff, 0xff, 0xc3, 0x30, 0x0, 0x0, 0x39,
    0xff, 0xff, 0xff, 0xff, 0xff, 0xbe, 0x0, 0x0,
    0x0, 0x0, 0x0, 0x0, 0xa, 0x8d, 0xfa, 0xff,
    0xff, 0xff, 0xff, 0xfd, 0x90, 0x1, 0xa8, 0xff,
    0xff, 0xff, 0xff, 0xff, 0x4f, 0x0, 0x0, 0x0,
    0x0, 0x0, 0xd, 0xcc, 0xff, 0xff, 0xff, 0xff,
    0xff, 0xff, 0xff, 0xff, 0x6e, 0xfb, 0xff, 0xff,
    0xff, 0xff, 0xde, 0x2, 0x0, 0x0, 0x0, 0x0,
    0x0, 0x93, 0xff, 0xff, 0xff, 0xff, 0xff, 0xff,
    0xff, 0xff, 0xff, 0xff, 0xff, 0xff, 0xff, 0xff,
    0xff, 0x71, 0x0, 0x0, 0x0, 0x0, 0x0, 0x27,
    0xfb, 0xff, 0xff, 0xff, 0xff, 0xff, 0xff, 0xff,
    0xff, 0xff, 0xff, 0xff, 0xff, 0xff, 0xff, 0xf3,
    0xf, 0x0, 0x0, 0x0, 0x0, 0x0, 0x7c, 0xff,
    0xff, 0xff, 0xff, 0xff, 0xff, 0xff, 0xff, 0xff,
    0xff, 0xff, 0xff, 0xff, 0xff, 0xff, 0x93, 0x0,
    0x0, 0x0, 0x0, 0x0, 0x0, 0x9c, 0xff, 0xff,
    0xff, 0xff, 0xff, 0xff, 0xff, 0xff, 0xff, 0xff,
    0xff, 0xff, 0xff, 0xff, 0xfe, 0x5b, 0xb3, 0xc9,
    0x53, 0x0, 0x0, 0x0, 0xa0, 0xff, 0xff, 0xff,
    0xff, 0xff, 0xff, 0xff, 0xff, 0xff, 0xff, 0xff,
    0xff, 0xff, 0xff, 0xff, 0xfe, 0xff, 0xff, 0xff,
    0xbd, 0x2c, 0x0, 0xa0, 0xff, 0xff, 0xff, 0xff,
    0xff, 0xff, 0xff, 0xff, 0xff, 0xff, 0xff, 0xff,
    0xff, 0xff, 0xff, 0xff, 0xff, 0xff, 0xff, 0xff,
    0xf6, 0x30, 0x9e, 0xff, 0xff, 0xff, 0xff, 0xff,
    0xff, 0xff, 0xff, 0xff, 0xff, 0xff, 0xff, 0xff,
    0xff, 0xff, 0xff, 0xff, 0xff, 0xff, 0xff, 0xff,
    0x7e, 0x79, 0xff, 0xff, 0xff, 0xff, 0xff, 0xff,
    0xff, 0xff, 0xff, 0xff, 0xff, 0xff, 0xff, 0xff,
    0xff, 0xff, 0xff, 0xff, 0xff, 0xff, 0xff, 0x8c,
    0xa, 0xb1, 0xff, 0xff, 0xff, 0xff, 0xff, 0xff,
    0xff, 0xff, 0xff, 0xff, 0xff, 0xff, 0xff, 0xff,
    0xff, 0xff, 0xff, 0xff, 0xff, 0xff, 0x8c, 0x0,
    0x0, 0x48, 0xd9, 0xff, 0xff, 0xa8, 0x8a, 0xff,
    0xff, 0xff, 0xff, 0xff, 0xff, 0xff, 0xff, 0xff,
    0xff, 0xff, 0xff, 0xff, 0xff, 0x8b, 0x0, 0x0,
    0x0, 0x5, 0x4d, 0x2c, 0x2, 0xdb, 0xff, 0xff,
    0xff, 0xff, 0xff, 0xff, 0xff, 0xff, 0xff, 0xff,
    0xff, 0xff, 0xff, 0xff, 0x7c, 0x0, 0x0, 0x0,
    0x0, 0x0, 0x0, 0x4d, 0xff, 0xff, 0xff, 0xff,
    0xff, 0xff, 0xff, 0xff, 0xff, 0xff, 0xff, 0xff,
    0xff, 0xff, 0xff, 0x3e, 0x0, 0x0, 0x0, 0x0,
    0x0, 0x0, 0xbc, 0xff, 0xff, 0xff, 0xff, 0xff,
    0xff, 0xff, 0xff, 0xff, 0xff, 0xff, 0xff, 0xff,
    0xff, 0xd0, 0x0, 0x0, 0x0, 0x0, 0x0, 0x0,
    0x2b, 0xff, 0xff, 0xff, 0xff, 0xff, 0xff, 0xff,
    0xff, 0xff, 0xff, 0xff, 0xff, 0xff, 0xff, 0xf8,
    0x36, 0x0, 0x0, 0x0, 0x0, 0x0, 0x0, 0x9a,
    0xff, 0xff, 0xff, 0xff, 0xff, 0x89, 0xf2, 0xff,
    0xff, 0xff, 0xff, 0xff, 0xff, 0xee, 0x4a, 0x0,
    0x0, 0x0, 0x0, 0x0, 0x0, 0x12, 0xf6, 0xff,
    0xff, 0xff, 0xff, 0xea, 0x7, 0x24, 0xb4, 0xff,
    0xff, 0xff, 0xfd, 0x9a, 0x15, 0x0, 0x0, 0x0,
    0x0, 0x0, 0x0, 0x0, 0x78, 0xff, 0xff, 0xff,
    0xff, 0xff, 0x82, 0x0, 0x0, 0x0, 0x4b, 0xc1,
    0xad, 0x31, 0x0, 0x0, 0x0, 0x0, 0x0, 0x0,
    0x0, 0x0, 0x4, 0xe3, 0xff, 0xff, 0xff, 0xff,
    0xfa, 0x19, 0x0, 0x0, 0x0, 0x0, 0x0, 0x0,
    0x0, 0x0, 0x0, 0x0, 0x0, 0x0, 0x0, 0x0,
    0x0, 0x1c, 0xd9, 0xff, 0xff, 0xff, 0xff, 0xa4,
    0x0, 0x0, 0x0, 0x0, 0x0, 0x0, 0x0, 0x0,
    0x0, 0x0, 0x0, 0x0, 0x0, 0x0, 0x0, 0x0,
    0x0, 0x5, 0x75, 0xf2, 0xff, 0xff, 0x35, 0x0,
    0x0, 0x0, 0x0, 0x0, 0x0, 0x0, 0x0, 0x0,
    0x0, 0x0, 0x0, 0x0, 0x0, 0x0, 0x0, 0x0,
    0x0, 0x0, 0xe, 0x54, 0x7f, 0x0, 0x0, 0x0,
    0x0, 0x0, 0x0, 0x0, 0x0, 0x0, 0x0, 0x0,
    0x0, 0x0, 0x0,

    /* U+0026 "&" */
    0x0, 0x0, 0x0, 0x0, 0x0, 0x0, 0x0, 0x0,
    0x0, 0x0, 0x0, 0x14, 0x0, 0x0, 0x0, 0x0,
    0x0, 0x0, 0x0, 0x0, 0x0, 0x0, 0x0, 0x0,
    0x0, 0x0, 0x0, 0x1b, 0xa4, 0xfd, 0x9d, 0x16,
    0x0, 0x0, 0x0, 0x0, 0x0, 0x0, 0x0, 0x0,
    0x0, 0x0, 0x0, 0x7, 0x79, 0xf4, 0xff, 0xff,
    0xff, 0xf0, 0x27, 0x0, 0x0, 0x0, 0x0, 0x0,
    0x0, 0x0, 0x0, 0x0, 0x4f, 0xdd, 0xff, 0xff,
    0xff, 0xff, 0xff, 0xff, 0x3c, 0x0, 0x0, 0x0,
    0x0, 0x0, 0x0, 0x0, 0x29, 0xba, 0xff, 0xff,
    0xff, 0xff, 0xff, 0xff, 0xff, 0xff, 0x3c, 0x0,
    0x0, 0x0, 0x0, 0x0, 0xa, 0x8e, 0xfb, 0xff,
    0xff, 0xff, 0xff, 0xff, 0xff, 0xff, 0xff, 0xf5,
    0x2a, 0x0, 0x0, 0x0, 0x0, 0xd, 0xcc, 0xff,
    0xff, 0xff, 0xff, 0xff, 0xff, 0xff, 0xff, 0xff,
    0xa9, 0x1d, 0x1, 0x0, 0x0, 0x0, 0x0, 0x93,
    0xff, 0xff, 0xff, 0xff, 0xff, 0xff, 0xff, 0xff,
    0xd0, 0x3e, 0x18, 0xa0, 0xde, 0x52, 0x0, 0x0,
    0x27, 0xfb, 0xff, 0xff, 0xff, 0xff, 0xff, 0xff,
    0xed, 0x6a, 0x4, 0x6d, 0xf1, 0xff, 0xff, 0xff,
    0xbc, 0x1, 0x7c, 0xff, 0xff, 0xff, 0xff, 0xff,
    0xfc, 0x96, 0x12, 0x0, 0x99, 0xff, 0xff, 0xff,
    0xff, 0xff, 0xff, 0x4, 0x9c, 0xff, 0xff, 0xff,
    0xff, 0xf7, 0x2e, 0x0, 0x0, 0x4a, 0xff, 0xff,
    0xff, 0xff, 0xff, 0xff, 0xff, 0x4, 0x9f, 0xff,
    0xff, 0xff, 0xff, 0xfc, 0x6e, 0x78, 0x11, 0xd7,
    0xff, 0xff, 0xff, 0xff, 0xff, 0xff, 0xf7, 0x3,
    0x7d, 0xff, 0xff, 0xff, 0xff, 0xff, 0xff, 0xff,
    0xff, 0xff, 0xff, 0xff, 0xff, 0xff, 0xff, 0xaf,
    0x21, 0x0, 0xe, 0xbd, 0xff, 0xff, 0xff, 0xff,
    0xff, 0xff, 0xff, 0xff, 0xff, 0xff, 0xff, 0xff,
    0x62, 0x0, 0x0, 0x0, 0x0, 0x21, 0xff, 0xff,
    0xff, 0xff, 0xff, 0xff, 0xff, 0xff, 0xff, 0xff,
    0xff, 0xff, 0x3c, 0x0, 0x0, 0x0, 0x0, 0xb3,
    0xff, 0xff, 0xff, 0xff, 0xff, 0xff, 0xff, 0xff,
    0xff, 0xff, 0xff, 0xff, 0x3c, 0x0, 0x0, 0x0,
    0x3c, 0xff, 0xff, 0xff, 0xff, 0xff, 0xff, 0xff,
    0xff, 0xff, 0xff, 0xff, 0xff, 0xff, 0x3c, 0x0,
    0x0, 0x0, 0x87, 0xff, 0xff, 0xff, 0xff, 0xff,
    0xe6, 0x5f, 0x4d, 0xff, 0xff, 0xff, 0xff, 0xff,
    0x3c, 0x0, 0x0, 0x0, 0x9f, 0xff, 0xff, 0xff,
    0xff, 0xf4, 0xd, 0x0, 0x4c, 0xff, 0xff, 0xff,
    0xff, 0xff, 0xff, 0x4e, 0x0, 0x0, 0xa0, 0xff,
    0xff, 0xff, 0xff, 0xf0, 0x0, 0x0, 0x4c, 0xff,
    0xff, 0xff, 0xff, 0xff, 0xff, 0xff, 0xb8, 0x1,
    0xa0, 0xff, 0xff, 0xff, 0xff, 0xf0, 0x0, 0x0,
    0x4c, 0xff, 0xff, 0xff, 0xff, 0xff, 0xff, 0xff,
    0xff, 0x4, 0xa0, 0xff, 0xff, 0xff, 0xff, 0xf0,
    0x0, 0x20, 0xb6, 0xff, 0xff, 0xff, 0xff, 0xff,
    0xff, 0xff, 0xff, 0x4, 0xa0, 0xff, 0xff, 0xff,
    0xff, 0xfa, 0x82, 0xf7, 0xff, 0xff, 0xff, 0xff,
    0xff, 0xff, 0xb2, 0xff, 0xf7, 0x3, 0xa0, 0xff,
    0xff, 0xff, 0xff, 0xff, 0xff, 0xff, 0xff, 0xff,
    0xff, 0xff, 0xff, 0x92, 0x0, 0x1e, 0x10, 0x0,
    0xa0, 0xff, 0xff, 0xff, 0xff, 0xff, 0xff, 0xff,
    0xff, 0xff, 0xff, 0xff, 0xee, 0x14, 0x0, 0x0,
    0x0, 0x0, 0xa0, 0xff, 0xff, 0xff, 0xff, 0xff,
    0xff, 0xff, 0xff, 0xff, 0xff, 0xee, 0x3f, 0x0,
    0x0, 0x0, 0x0, 0x0, 0x8a, 0xff, 0xff, 0xff,
    0xff, 0xff, 0xff, 0xff, 0xff, 0xfe, 0xa3, 0x1a,
    0x0, 0x0, 0x0, 0x0, 0x0, 0x0, 0x2a, 0xec,
    0xff, 0xff, 0xff, 0xff, 0xff, 0xff, 0xcb, 0x39,
    0x0, 0x0, 0x0, 0x0, 0x0, 0x0, 0x0, 0x0,
    0x0, 0x14, 0x99, 0xfd, 0xff, 0xff, 0xe9, 0x63,
    0x2, 0x0, 0x0, 0x0, 0x0, 0x0, 0x0, 0x0,
    0x0, 0x0, 0x0, 0x0, 0x0, 0x2f, 0x99, 0x7b,
    0xe, 0x0, 0x0, 0x0, 0x0, 0x0, 0x0, 0x0,
    0x0, 0x0, 0x0, 0x0,

    /* U+0027 "'" */
    0x0, 0x0, 0x0, 0x6, 0x0, 0x0, 0x0, 0x2d,
    0xbe, 0xe2, 0x58, 0x0, 0x6f, 0xfc, 0xff, 0xff,
    0xff, 0xbb, 0xa0, 0xff, 0xff, 0xff, 0xff, 0xf0,
    0xa0, 0xff, 0xff, 0xff, 0xff, 0xf0, 0xa0, 0xff,
    0xff, 0xff, 0xff, 0xf0, 0xa0, 0xff, 0xff, 0xff,
    0xff, 0xf0, 0xa0, 0xff, 0xff, 0xff, 0xff, 0xf0,
    0x9f, 0xff, 0xff, 0xff, 0xff, 0xf0, 0x87, 0xff,
    0xff, 0xff, 0xff, 0xf0, 0x1f, 0xdf, 0xff, 0xff,
    0xff, 0xf0, 0x0, 0xa, 0x82, 0xf7, 0xff, 0xf0,
    0x0, 0x0, 0x0, 0x20, 0x85, 0x61,

    /* U+0028 "(" */
    0x0, 0x0, 0x0, 0x0, 0x0, 0x0, 0x0, 0x1d,
    0x9c, 0x50, 0x0, 0x0, 0x0, 0x0, 0x0, 0x0,
    0x0, 0x7, 0x7c, 0xf5, 0xff, 0xff, 0xba, 0x24,
    0x0, 0x0, 0x0, 0x0, 0x25, 0xd2, 0xff, 0xff,
    0xff, 0xff, 0xff, 0x7c, 0x0, 0x0, 0x0, 0x26,
    0xe7, 0xff, 0xff, 0xff, 0xff, 0xff, 0xff, 0x7c,
    0x0, 0x0, 0xd, 0xd8, 0xff, 0xff, 0xff, 0xff,
    0xff, 0xff, 0xff, 0x7c, 0x0, 0x0, 0x97, 0xff,
    0xff, 0xff, 0xff, 0xff, 0xff, 0xff, 0xa8, 0x1b,
    0x0, 0x2e, 0xfe, 0xff, 0xff, 0xff, 0xff, 0xff,
    0xd3, 0x3d, 0x0, 0x0, 0x0, 0xaa, 0xff, 0xff,
    0xff, 0xff, 0xff, 0xb7, 0x8, 0x0, 0x0, 0x0,
    0x14, 0xfa, 0xff, 0xff, 0xff, 0xff, 0xf0, 0x14,
    0x0, 0x0, 0x0, 0x0, 0x58, 0xff, 0xff, 0xff,
    0xff, 0xff, 0x77, 0x0, 0x0, 0x0, 0x0, 0x0,
    0x88, 0xff, 0xff, 0xff, 0xff, 0xff, 0x19, 0x0,
    0x0, 0x0, 0x0, 0x0, 0x9c, 0xff, 0xff, 0xff,
    0xff, 0xf4, 0x0, 0x0, 0x0, 0x0, 0x0, 0x0,
    0xa0, 0xff, 0xff, 0xff, 0xff, 0xf0, 0x0, 0x0,
    0x0, 0x0, 0x0, 0x0, 0xa0, 0xff, 0xff, 0xff,
    0xff, 0xf0, 0x0, 0x0, 0x0, 0x0, 0x0, 0x0,
    0xa0, 0xff, 0xff, 0xff, 0xff, 0xf0, 0x0, 0x0,
    0x0, 0x0, 0x0, 0x0, 0xa0, 0xff, 0xff, 0xff,
    0xff, 0xf0, 0x0, 0x0, 0x0, 0x0, 0x0, 0x0,
    0xa0, 0xff, 0xff, 0xff, 0xff, 0xf0, 0x0, 0x0,
    0x0, 0x0, 0x0, 0x0, 0xa0, 0xff, 0xff, 0xff,
    0xff, 0xf0, 0x0, 0x0, 0x0, 0x0, 0x0, 0x0,
    0xa0, 0xff, 0xff, 0xff, 0xff, 0xf0, 0x0, 0x0,
    0x0, 0x0, 0x0, 0x0, 0xa0, 0xff, 0xff, 0xff,
    0xff, 0xf0, 0x0, 0x0, 0x0, 0x0, 0x0, 0x0,
    0xa0, 0xff, 0xff, 0xff, 0xff, 0xf0, 0x0, 0x0,
    0x0, 0x0, 0x0, 0x0, 0xa0, 0xff, 0xff, 0xff,
    0xff, 0xf0, 0x0, 0x0, 0x0, 0x0, 0x0, 0x0,
    0xa0, 0xff, 0xff, 0xff, 0xff, 0xf0, 0x0, 0x0,
    0x0, 0x0, 0x0, 0x0, 0xa0, 0xff, 0xff, 0xff,
    0xff, 0xf0, 0x0, 0x0, 0x0, 0x0, 0x0, 0x0,
    0xa0, 0xff, 0xff, 0xff, 0xff, 0xf0, 0x0, 0x0,
    0x0, 0x0, 0x0, 0x0, 0xa0, 0xff, 0xff, 0xff,
    0xff, 0xf0, 0x0, 0x0, 0x0, 0x0, 0x0, 0x0,
    0xa0, 0xff, 0xff, 0xff, 0xff, 0xf0, 0x0, 0x0,
    0x0, 0x0, 0x0, 0x0, 0xa0, 0xff, 0xff, 0xff,
    0xff, 0xf0, 0x0, 0x0, 0x0, 0x0, 0x0, 0x0,
    0xa0, 0xff, 0xff, 0xff, 0xff, 0xf0, 0x0, 0x0,
    0x0, 0x0, 0x0, 0x0, 0xa0, 0xff, 0xff, 0xff,
    0xff, 0xf0, 0x0, 0x0, 0x0, 0x0, 0x0, 0x0,
    0xa0, 0xff, 0xff, 0xff, 0xff, 0xf0, 0x0, 0x0,
    0x29, 0x5, 0x0, 0x0, 0xa0, 0xff, 0xff, 0xff,
    0xff, 0xf0, 0x17, 0x9e, 0xfe, 0xd7, 0x47, 0x0,
    0x9a, 0xff, 0xff, 0xff, 0xff, 0xff, 0xf4, 0xff,
    0xff, 0xff, 0xff, 0x68, 0x7b, 0xff, 0xff, 0xff,
    0xff, 0xff, 0xff, 0xff, 0xff, 0xff, 0xff, 0x7c,
    0x26, 0xfa, 0xff, 0xfb, 0xff, 0xff, 0xff, 0xff,
    0xff, 0xff, 0xff, 0x7c, 0x0, 0x61, 0xf9, 0xfe,
    0xff, 0xff, 0xff, 0xff, 0xff, 0xff, 0xf8, 0x53,
    0x0, 0x0, 0x26, 0xb3, 0xfd, 0xff, 0xff, 0xff,
    0xff, 0xb1, 0x23, 0x0, 0x0, 0x0, 0x0, 0x0,
    0x44, 0xb0, 0xce, 0xa4, 0x3b, 0x0, 0x0, 0x0,

    /* U+0029 ")" */
    0x0, 0x0, 0x0, 0x11, 0x60, 0x77, 0x4a, 0x3,
    0x0, 0x0, 0x0, 0x0, 0x0, 0xc, 0x82, 0xf4,
    0xff, 0xff, 0xff, 0xd7, 0x51, 0x0, 0x0, 0x0,
    0x50, 0xe7, 0xff, 0xff, 0xff, 0xfd, 0xff, 0xff,
    0xff, 0xc4, 0x1a, 0x0, 0xa0, 0xff, 0xff, 0xff,
    0xfe, 0xfe, 0xff, 0xff, 0xff, 0xff, 0xd2, 0x2,
    0xa0, 0xff, 0xff, 0xff, 0xff, 0xff, 0xff, 0xff,
    0xff, 0xff, 0xff, 0x45, 0x9e, 0xff, 0xff, 0xff,
    0xff, 0xff, 0xff, 0xff, 0xff, 0xff, 0xff, 0x6d,
    0x11, 0x93, 0xfb, 0xff, 0xc0, 0x3f, 0xff, 0xff,
    0xff, 0xff, 0xff, 0x7c, 0x0, 0x0, 0x2b, 0x51,
    0x0, 0x10, 0xff, 0xff, 0xff, 0xff, 0xff, 0x7c,
    0x0, 0x0, 0x0, 0x0, 0x0, 0x10, 0xff, 0xff,
    0xff, 0xff, 0xff, 0x7c, 0x0, 0x0, 0x0, 0x0,
    0x0, 0x10, 0xff, 0xff, 0xff, 0xff, 0xff, 0x7c,
    0x0, 0x0, 0x0, 0x0, 0x0, 0x10, 0xff, 0xff,
    0xff, 0xff, 0xff, 0x7c, 0x0, 0x0, 0x0, 0x0,
    0x0, 0x10, 0xff, 0xff, 0xff, 0xff, 0xff, 0x7c,
    0x0, 0x0, 0x0, 0x0, 0x0, 0x10, 0xff, 0xff,
    0xff, 0xff, 0xff, 0x7c, 0x0, 0x0, 0x0, 0x0,
    0x0, 0x10, 0xff, 0xff, 0xff, 0xff, 0xff, 0x7c,
    0x0, 0x0, 0x0, 0x0, 0x0, 0x10, 0xff, 0xff,
    0xff, 0xff, 0xff, 0x7c, 0x0, 0x0, 0x0, 0x0,
    0x0, 0x10, 0xff, 0xff, 0xff, 0xff, 0xff, 0x7c,
    0x0, 0x0, 0x0, 0x0, 0x0, 0x10, 0xff, 0xff,
    0xff, 0xff, 0xff, 0x7c, 0x0, 0x0, 0x0, 0x0,
    0x0, 0x10, 0xff, 0xff, 0xff, 0xff, 0xff, 0x7c,
    0x0, 0x0, 0x0, 0x0, 0x0, 0x10, 0xff, 0xff,
    0xff, 0xff, 0xff, 0x7c, 0x0, 0x0, 0x0, 0x0,
    0x0, 0x10, 0xff, 0xff, 0xff, 0xff, 0xff, 0x7c,
    0x0, 0x0, 0x0, 0x0, 0x0, 0x10, 0xff, 0xff,
    0xff, 0xff, 0xff, 0x7c, 0x0, 0x0, 0x0, 0x0,
    0x0, 0x10, 0xff, 0xff, 0xff, 0xff, 0xff, 0x7c,
    0x0, 0x0, 0x0, 0x0, 0x0, 0x10, 0xff, 0xff,
    0xff, 0xff, 0xff, 0x7c, 0x0, 0x0, 0x0, 0x0,
    0x0, 0x10, 0xff, 0xff, 0xff, 0xff, 0xff, 0x7c,
    0x0, 0x0, 0x0, 0x0, 0x0, 0x10, 0xff, 0xff,
    0xff, 0xff, 0xff, 0x7c, 0x0, 0x0, 0x0, 0x0,
    0x0, 0x10, 0xff, 0xff, 0xff, 0xff, 0xff, 0x7c,
    0x0, 0x0, 0x0, 0x0, 0x0, 0x11, 0xff, 0xff,
    0xff, 0xff, 0xff, 0x7a, 0x0, 0x0, 0x0, 0x0,
    0x0, 0x2f, 0xff, 0xff, 0xff, 0xff, 0xff, 0x69,
    0x0, 0x0, 0x0, 0x0, 0x0, 0x83, 0xff, 0xff,
    0xff, 0xff, 0xff, 0x3e, 0x0, 0x0, 0x0, 0x0,
    0x19, 0xf3, 0xff, 0xff, 0xff, 0xff, 0xf1, 0x7,
    0x0, 0x0, 0x0, 0x2, 0xb1, 0xff, 0xff, 0xff,
    0xff, 0xff, 0x99, 0x0, 0x0, 0x0, 0x22, 0xbb,
    0xff, 0xff, 0xff, 0xff, 0xff, 0xfc, 0x25, 0x0,
    0xc, 0x86, 0xf8, 0xff, 0xff, 0xff, 0xff, 0xff,
    0xff, 0x8b, 0x0, 0x0, 0x9c, 0xff, 0xff, 0xff,
    0xff, 0xff, 0xff, 0xff, 0xcd, 0x6, 0x0, 0x0,
    0xa0, 0xff, 0xff, 0xff, 0xff, 0xff, 0xff, 0xee,
    0x26, 0x0, 0x0, 0x0, 0xa0, 0xff, 0xff, 0xff,
    0xff, 0xff, 0xe5, 0x31, 0x0, 0x0, 0x0, 0x0,
    0x59, 0xf0, 0xff, 0xff, 0xfe, 0xa0, 0x13, 0x0,
    0x0, 0x0, 0x0, 0x0, 0x0, 0x16, 0x9b, 0xc5,
    0x36, 0x0, 0x0, 0x0, 0x0, 0x0, 0x0, 0x0,

    /* U+002A "*" */
    0x0, 0x0, 0x0, 0x0, 0x0, 0x0, 0x0, 0x0,
    0x0, 0x30, 0x1d, 0x0, 0x0, 0x0, 0x0, 0x0,
    0x0, 0x0, 0x0, 0x0, 0x14, 0x99, 0xfd, 0xf5,
    0x7f, 0x9, 0x0, 0x0, 0x0, 0x0, 0x0, 0x4,
    0x6d, 0xee, 0xff, 0xff, 0xff, 0xff, 0x9e, 0x0,
    0x0, 0x0, 0x0, 0x0, 0xb4, 0xff, 0xff, 0xff,
    0xff, 0xff, 0xff, 0x88, 0x0, 0x0, 0x0, 0x0,
    0x0, 0xcc, 0xff, 0xff, 0xff, 0xff, 0xff, 0xff,
    0x44, 0x8, 0x5a, 0x76, 0x40, 0x0, 0xcc, 0xff,
    0xff, 0xff, 0xff, 0xff, 0xe1, 0x4, 0x7f, 0xff,
    0xff, 0xff, 0xbf, 0xff, 0xff, 0xff, 0xff, 0xff,
    0xff, 0x7f, 0x0, 0x80, 0xff, 0xff, 0xfd, 0xff,
    0xff, 0xff, 0xff, 0xff, 0xff, 0xff, 0xf5, 0x6b,
    0x80, 0xff, 0xff, 0xff, 0xff, 0xff, 0xff, 0xff,
    0xff, 0xff, 0xff, 0xff, 0xb0, 0x80, 0xff, 0xff,
    0xff, 0xff, 0xff, 0xff, 0xff, 0xff, 0xff, 0xff,
    0xff, 0xb0, 0x80, 0xff, 0xff, 0xff, 0xff, 0xff,
    0xff, 0xff, 0xff, 0xff, 0xff, 0xff, 0xb0, 0x4e,
    0xf3, 0xff, 0xff, 0xff, 0xff, 0xff, 0xff, 0xfc,
    0xff, 0xff, 0xff, 0xb0, 0x0, 0x48, 0xff, 0xff,
    0xff, 0xff, 0xff, 0xff, 0xc8, 0xff, 0xff, 0xff,
    0xb0, 0x0, 0xa9, 0xff, 0xff, 0xff, 0xff, 0xff,
    0xfc, 0x2, 0x5c, 0xa6, 0x8e, 0x28, 0xf, 0xfa,
    0xff, 0xff, 0xff, 0xff, 0xff, 0xfc, 0x0, 0x0,
    0x0, 0x0, 0x0, 0x51, 0xff, 0xff, 0xff, 0xff,
    0xff, 0xff, 0xf6, 0x0, 0x0, 0x0, 0x0, 0x0,
    0x72, 0xff, 0xff, 0xff, 0xff, 0xff, 0xb6, 0x26,
    0x0, 0x0, 0x0, 0x0, 0x0, 0xf, 0x8e, 0xfa,
    0xff, 0xda, 0x4c, 0x0, 0x0, 0x0, 0x0, 0x0,
    0x0, 0x0, 0x0, 0x0, 0x28, 0x6b, 0x6, 0x0,
    0x0, 0x0, 0x0, 0x0, 0x0, 0x0, 0x0,

    /* U+002B "+" */
    0x0, 0x0, 0x0, 0x0, 0x0, 0x0, 0x2b, 0x75,
    0xa, 0x0, 0x0, 0x0, 0x0, 0x0, 0x0, 0x0,
    0x0, 0x0, 0x0, 0x12, 0x93, 0xfb, 0xff, 0xe3,
    0x59, 0x0, 0x0, 0x0, 0x0, 0x0, 0x0, 0x0,
    0x0, 0x0, 0x78, 0xff, 0xff, 0xff, 0xff, 0xff,
    0x14, 0x11, 0x0, 0x0, 0x0, 0x0, 0x0, 0x0,
    0x0, 0x78, 0xff, 0xff, 0xff, 0xff, 0xff, 0xb4,
    0xfc, 0x99, 0x14, 0x0, 0x0, 0x0, 0x0, 0x0,
    0x78, 0xff, 0xff, 0xff, 0xff, 0xff, 0xff, 0xff,
    0xff, 0xee, 0x26, 0x0, 0x0, 0x0, 0x0, 0x78,
    0xff, 0xff, 0xff, 0xff, 0xff, 0xff, 0xff, 0xff,
    0xff, 0x3c, 0x0, 0x0, 0x0, 0x0, 0x7d, 0xff,
    0xff, 0xff, 0xff, 0xff, 0xff, 0xff, 0xff, 0xff,
    0x3c, 0x0, 0x0, 0xe, 0x8d, 0xfa, 0xff, 0xff,
    0xff, 0xff, 0xff, 0xff, 0xff, 0xff, 0xf6, 0x2b,
    0x1, 0x60, 0xe8, 0xff, 0xff, 0xff, 0xff, 0xff,
    0xff, 0xff, 0xff, 0xff, 0xad, 0x1f, 0x0, 0x8e,
    0xff, 0xff, 0xff, 0xff, 0xff, 0xff, 0xff, 0xff,
    0xff, 0xd4, 0x42, 0x0, 0x0, 0x0, 0xa0, 0xff,
    0xff, 0xff, 0xff, 0xff, 0xff, 0xff, 0xff, 0xff,
    0x15, 0x0, 0x0, 0x0, 0x0, 0xa0, 0xff, 0xff,
    0xff, 0xff, 0xff, 0xff, 0xff, 0xff, 0xff, 0x14,
    0x0, 0x0, 0x0, 0x0, 0x6f, 0xfc, 0xff, 0xff,
    0xff, 0xff, 0xff, 0xff, 0xff, 0xff, 0x14, 0x0,
    0x0, 0x0, 0x0, 0x0, 0x2f, 0xc1, 0xe4, 0xd3,
    0xff, 0xff, 0xff, 0xff, 0xff, 0x14, 0x0, 0x0,
    0x0, 0x0, 0x0, 0x0, 0x0, 0x8, 0x77, 0xff,
    0xff, 0xff, 0xff, 0xff, 0x13, 0x0, 0x0, 0x0,
    0x0, 0x0, 0x0, 0x0, 0x0, 0xb, 0x84, 0xf7,
    0xff, 0xd9, 0x4a, 0x0, 0x0, 0x0, 0x0, 0x0,
    0x0, 0x0, 0x0, 0x0, 0x0, 0x0, 0x20, 0x65,
    0x5, 0x0, 0x0, 0x0, 0x0, 0x0, 0x0,

    /* U+002C "," */
    0x0, 0x0, 0x1f, 0x70, 0x31, 0x0, 0x0, 0x0,
    0x0, 0x43, 0xf2, 0xff, 0xfd, 0x9d, 0x17, 0x0,
    0xf, 0xeb, 0xff, 0xff, 0xff, 0xff, 0xef, 0x31,
    0x69, 0xff, 0xff, 0xff, 0xff, 0xff, 0xff, 0x88,
    0x95, 0xff, 0xff, 0xff, 0xff, 0xff, 0xff, 0x94,
    0x72, 0xff, 0xff, 0xff, 0xff, 0xff, 0xff, 0x94,
    0x3, 0x79, 0xff, 0xff, 0xff, 0xff, 0xff, 0x94,
    0x0, 0x0, 0x80, 0xff, 0xff, 0xff, 0xff, 0x91,
    0x0, 0x0, 0x64, 0xff, 0xff, 0xff, 0xff, 0x6f,
    0x0, 0x0, 0x61, 0xff, 0xff, 0xff, 0xf2, 0x15,
    0x0, 0x0, 0x3, 0x69, 0xec, 0xff, 0x6e, 0x0,
    0x0, 0x0, 0x0, 0x0, 0x11, 0x50, 0x0, 0x0,

    /* U+002D "-" */
    0x0, 0x0, 0x0, 0x0, 0x0, 0x0, 0x0, 0x6,
    0x68, 0x23, 0x0, 0x0, 0x0, 0x0, 0x0, 0x0,
    0x0, 0x0, 0x4a, 0xd9, 0xff, 0xf8, 0x87, 0xc,
    0x0, 0x0, 0x0, 0x0, 0x26, 0xb5, 0xff, 0xff,
    0xff, 0xff, 0xff, 0x7b, 0x0, 0x0, 0xd, 0x8a,
    0xf9, 0xff, 0xff, 0xff, 0xff, 0xff, 0xff, 0x7c,
    0x1, 0x5f, 0xe7, 0xff, 0xff, 0xff, 0xff, 0xff,
    0xff, 0xff, 0xff, 0x7c, 0x8e, 0xff, 0xff, 0xff,
    0xff, 0xff, 0xff, 0xff, 0xff, 0xff, 0xd6, 0x34,
    0xa0, 0xff, 0xff, 0xff, 0xff, 0xff, 0xff, 0xff,
    0xf0, 0x71, 0x4, 0x0, 0xa0, 0xff, 0xff, 0xff,
    0xff, 0xff, 0xfd, 0x9b, 0x15, 0x0, 0x0, 0x0,
    0x6f, 0xfc, 0xff, 0xff, 0xff, 0xc5, 0x33, 0x0,
    0x0, 0x0, 0x0, 0x0, 0x0, 0x2f, 0xc1, 0xe4,
    0x5b, 0x0, 0x0, 0x0, 0x0, 0x0, 0x0, 0x0,
    0x0, 0x0, 0x0, 0x8, 0x0, 0x0, 0x0, 0x0,
    0x0, 0x0, 0x0, 0x0,

    /* U+002E "." */
    0x0, 0x0, 0x1f, 0x70, 0x31, 0x0, 0x0, 0x0,
    0x0, 0x43, 0xf2, 0xff, 0xfd, 0x9d, 0x17, 0x0,
    0xf, 0xeb, 0xff, 0xff, 0xff, 0xff, 0xef, 0x31,
    0x69, 0xff, 0xff, 0xff, 0xff, 0xff, 0xff, 0x86,
    0x95, 0xff, 0xff, 0xff, 0xff, 0xff, 0xff, 0x77,
    0x72, 0xff, 0xff, 0xff, 0xff, 0xff, 0xfe, 0x27,
    0x3, 0x79, 0xf4, 0xff, 0xff, 0xff, 0x8f, 0x0,
    0x0, 0x0, 0x1c, 0xa3, 0xe0, 0x7e, 0x2, 0x0,
    0x0, 0x0, 0x0, 0x0, 0x0, 0x0, 0x0, 0x0,

    /* U+002F "/" */
    0x0, 0x0, 0x0, 0x0, 0x0, 0x0, 0x0, 0x0,
    0x0, 0x0, 0x2, 0x0, 0x0, 0x0, 0x0, 0x0,
    0x0, 0x0, 0x0, 0x0, 0x0, 0x0, 0x0, 0x0,
    0x0, 0x6, 0xff, 0xff, 0xf9, 0x8f, 0x13, 0x0,
    0x0, 0x0, 0x0, 0x0, 0x0, 0x0, 0x0, 0x0,
    0x0, 0x43, 0xff, 0xff, 0xfe, 0xff, 0xf1, 0x41,
    0x0, 0x0, 0x0, 0x0, 0x0, 0x0, 0x0, 0x0,
    0x0, 0x8c, 0xff, 0xff, 0xff, 0xff, 0xff, 0x2f,
    0x0, 0x0, 0x0, 0x0, 0x0, 0x0, 0x0, 0x0,
    0x0, 0xd4, 0xff, 0xff, 0xff, 0xff, 0xe6, 0x0,
    0x0, 0x0, 0x0, 0x0, 0x0, 0x0, 0x0, 0x0,
    0x1c, 0xff, 0xff, 0xff, 0xff, 0xff, 0x9f, 0x0,
    0x0, 0x0, 0x0, 0x0, 0x0, 0x0, 0x0, 0x0,
    0x64, 0xff, 0xff, 0xff, 0xff, 0xff, 0x57, 0x0,
    0x0, 0x0, 0x0, 0x0, 0x0, 0x0, 0x0, 0x0,
    0xac, 0xff, 0xff, 0xff, 0xff, 0xfd, 0x12, 0x0,
    0x0, 0x0, 0x0, 0x0, 0x0, 0x0, 0x0, 0x3,
    0xef, 0xff, 0xff, 0xff, 0xff, 0xc7, 0x0, 0x0,
    0x0, 0x0, 0x0, 0x0, 0x0, 0x0, 0x0, 0x3c,
    0xff, 0xff, 0xff, 0xff, 0xff, 0x7f, 0x0, 0x0,
    0x0, 0x0, 0x0, 0x0, 0x0, 0x0, 0x0, 0x85,
    0xff, 0xff, 0xff, 0xff, 0xff, 0x37, 0x0, 0x0,
    0x0, 0x0, 0x0, 0x0, 0x0, 0x0, 0x0, 0xcd,
    0xff, 0xff, 0xff, 0xff, 0xec, 0x2, 0x0, 0x0,
    0x0, 0x0, 0x0, 0x0, 0x0, 0x0, 0x16, 0xfe,
    0xff, 0xff, 0xff, 0xff, 0xa6, 0x0, 0x0, 0x0,
    0x0, 0x0, 0x0, 0x0, 0x0, 0x0, 0x5d, 0xff,
    0xff, 0xff, 0xff, 0xff, 0x5e, 0x0, 0x0, 0x0,
    0x0, 0x0, 0x0, 0x0, 0x0, 0x0, 0xa5, 0xff,
    0xff, 0xff, 0xff, 0xfe, 0x17, 0x0, 0x0, 0x0,
    0x0, 0x0, 0x0, 0x0, 0x0, 0x1, 0xea, 0xff,
    0xff, 0xff, 0xff, 0xce, 0x0, 0x0, 0x0, 0x0,
    0x0, 0x0, 0x0, 0x0, 0x0, 0x35, 0xff, 0xff,
    0xff, 0xff, 0xff, 0x86, 0x0, 0x0, 0x0, 0x0,
    0x0, 0x0, 0x0, 0x0, 0x0, 0x7e, 0xff, 0xff,
    0xfe, 0xff, 0xff, 0x3e, 0x0, 0x0, 0x0, 0x0,
    0x0, 0x0, 0x0, 0x0, 0x0, 0xc6, 0xff, 0xff,
    0xfe, 0xff, 0xf1, 0x4, 0x0, 0x0, 0x0, 0x0,
    0x0, 0x0, 0x0, 0x0, 0x11, 0xfc, 0xff, 0xff,
    0xfd, 0xff, 0xad, 0x0, 0x0, 0x0, 0x0, 0x0,
    0x0, 0x0, 0x0, 0x0, 0x56, 0xff, 0xff, 0xfd,
    0xff, 0xff, 0x65, 0x0, 0x0, 0x0, 0x0, 0x0,
    0x0, 0x0, 0x0, 0x0, 0x9e, 0xff, 0xff, 0xfd,
    0xff, 0xff, 0x1d, 0x0, 0x0, 0x0, 0x0, 0x0,
    0x0, 0x0, 0x0, 0x0, 0xe5, 0xff, 0xff, 0xfd,
    0xff, 0xd5, 0x0, 0x0, 0x0, 0x0, 0x0, 0x0,
    0x0, 0x0, 0x0, 0x2e, 0xff, 0xff, 0xff, 0xfd,
    0xff, 0x8d, 0x0, 0x0, 0x0, 0x0, 0x0, 0x0,
    0x0, 0x0, 0x0, 0x77, 0xff, 0xff, 0xfc, 0xff,
    0xff, 0x45, 0x0, 0x0, 0x0, 0x0, 0x0, 0x0,
    0x0, 0x0, 0x0, 0xbf, 0xff, 0xff, 0xfc, 0xff,
    0xf5, 0x7, 0x0, 0x0, 0x0, 0x0, 0x0, 0x0,
    0x0, 0x0, 0xc, 0xf9, 0xff, 0xff, 0xfc, 0xff,
    0xb5, 0x0, 0x0, 0x0, 0x0, 0x0, 0x0, 0x0,
    0x0, 0x0, 0x4f, 0xff, 0xff, 0xfd, 0xfe, 0xff,
    0x6d, 0x0, 0x0, 0x0, 0x0, 0x0, 0x0, 0x0,
    0x0, 0x0, 0x97, 0xff, 0xff, 0xfb, 0xff, 0xff,
    0x24, 0x0, 0x0, 0x0, 0x0, 0x0, 0x0, 0x0,
    0x0, 0x0, 0xde, 0xff, 0xff, 0xfb, 0xff, 0xdc,
    0x0, 0x0, 0x0, 0x0, 0x0, 0x0, 0x0, 0x0,
    0x0, 0x27, 0xff, 0xff, 0xff, 0xfb, 0xff, 0x94,
    0x0, 0x0, 0x0, 0x0, 0x0, 0x0, 0x0, 0x0,
    0x0, 0x70, 0xff, 0xff, 0xfa, 0xff, 0xff, 0x4c,
    0x0, 0x0, 0x0, 0x0, 0x0, 0x0, 0x0, 0x0,
    0x0, 0xb8, 0xff, 0xff, 0xfa, 0xff, 0xf9, 0xb,
    0x0, 0x0, 0x0, 0x0, 0x0, 0x0, 0x0, 0x0,
    0x8, 0xf6, 0xff, 0xff, 0xfa, 0xff, 0xbc, 0x0,
    0x0, 0x0, 0x0, 0x0, 0x0, 0x0, 0x0, 0x0,
    0x48, 0xff, 0xff, 0xfc, 0xfd, 0xff, 0x74, 0x0,
    0x0, 0x0, 0x0, 0x0, 0x0, 0x0, 0x0, 0x0,
    0x33, 0xd8, 0xff, 0xfa, 0xff, 0xff, 0x2c, 0x0,
    0x0, 0x0, 0x0, 0x0, 0x0, 0x0, 0x0, 0x0,
    0x0, 0x5, 0x73, 0xed, 0xff, 0xe3, 0x0, 0x0,
    0x0, 0x0, 0x0, 0x0, 0x0, 0x0, 0x0, 0x0,

    /* U+0030 "0" */
    0x0, 0x0, 0x0, 0x0, 0x0, 0x1b, 0x9a, 0xe9,
    0xf3, 0xb7, 0x3a, 0x0, 0x0, 0x0, 0x0, 0x0,
    0x0, 0x0, 0x0, 0x46, 0xee, 0xff, 0xff, 0xff,
    0xff, 0xff, 0xd8, 0x43, 0x0, 0x0, 0x0, 0x0,
    0x0, 0x45, 0xf9, 0xff, 0xff, 0xff, 0xff, 0xff,
    0xff, 0xff, 0xfd, 0x59, 0x0, 0x0, 0x0, 0x1f,
    0xee, 0xff, 0xff, 0xff, 0xff, 0xff, 0xff, 0xff,
    0xff, 0xff, 0xe4, 0x4, 0x0, 0x0, 0xba, 0xff,
    0xff, 0xff, 0xff, 0xff, 0xff, 0xff, 0xff, 0xff,
    0xff, 0xff, 0x22, 0x0, 0x4a, 0xff, 0xff, 0xff,
    0xff, 0xff, 0xfb, 0xc5, 0xff, 0xed, 0xf7, 0xff,
    0xff, 0x3a, 0x0, 0xc2, 0xff, 0xff, 0xff, 0xff,
    0xff, 0x67, 0x4c, 0xff, 0xff, 0xf9, 0xff, 0xff,
    0x3c, 0x22, 0xff, 0xff, 0xff, 0xff, 0xff, 0xc9,
    0x1, 0x4c, 0xff, 0xff, 0xff, 0xff, 0xff, 0x3c,
    0x65, 0xff, 0xff, 0xff, 0xff, 0xff, 0x49, 0x0,
    0x4c, 0xff, 0xff, 0xff, 0xff, 0xff, 0x3c, 0x8e,
    0xff, 0xff, 0xff, 0xff, 0xfd, 0x6, 0x0, 0x4c,
    0xff, 0xff, 0xff, 0xff, 0xff, 0x3c, 0x9e, 0xff,
    0xff, 0xff, 0xff, 0xf0, 0x0, 0x0, 0x4c, 0xff,
    0xff, 0xff, 0xff, 0xff, 0x3c, 0xa0, 0xff, 0xff,
    0xff, 0xff, 0xf0, 0x0, 0x0, 0x4c, 0xff, 0xff,
    0xff, 0xff, 0xff, 0x3c, 0xa0, 0xff, 0xff, 0xff,
    0xff, 0xf0, 0x0, 0x0, 0x4c, 0xff, 0xff, 0xff,
    0xff, 0xff, 0x3c, 0xa0, 0xff, 0xff, 0xff, 0xff,
    0xf0, 0x0, 0x0, 0x4c, 0xff, 0xff, 0xff, 0xff,
    0xff, 0x3c, 0xa0, 0xff, 0xff, 0xff, 0xff, 0xf0,
    0x0, 0x0, 0x4c, 0xff, 0xff, 0xff, 0xff, 0xff,
    0x3c, 0xa0, 0xff, 0xff, 0xff, 0xff, 0xf0, 0x0,
    0x0, 0x4c, 0xff, 0xff, 0xff, 0xff, 0xff, 0x3c,
    0xa0, 0xff, 0xff, 0xff, 0xff, 0xf0, 0x0, 0x0,
    0x4c, 0xff, 0xff, 0xff, 0xff, 0xff, 0x3c, 0xa0,
    0xff, 0xff, 0xff, 0xff, 0xf0, 0x0, 0x0, 0x4c,
    0xff, 0xff, 0xff, 0xff, 0xff, 0x3c, 0xa0, 0xff,
    0xff, 0xff, 0xff, 0xf0, 0x0, 0x0, 0x51, 0xff,
    0xff, 0xff, 0xff, 0xff, 0x35, 0xa0, 0xff, 0xff,
    0xff, 0xff, 0xf0, 0x0, 0x0, 0x7a, 0xff, 0xff,
    0xff, 0xff, 0xff, 0x1d, 0xa0, 0xff, 0xff, 0xff,
    0xff, 0xf0, 0x0, 0x4, 0xd8, 0xff, 0xff, 0xff,
    0xff, 0xe5, 0x0, 0xa0, 0xff, 0xff, 0xff, 0xff,
    0xf0, 0x0, 0x6f, 0xff, 0xff, 0xff, 0xff, 0xff,
    0x96, 0x0, 0xa0, 0xff, 0xff, 0xff, 0xff, 0xf0,
    0x3c, 0xf5, 0xff, 0xff, 0xff, 0xff, 0xff, 0x31,
    0x0, 0x99, 0xff, 0xff, 0xff, 0xff, 0xff, 0xff,
    0xff, 0xff, 0xff, 0xff, 0xff, 0xb0, 0x0, 0x0,
    0x78, 0xff, 0xff, 0xff, 0xff, 0xff, 0xff, 0xff,
    0xff, 0xff, 0xff, 0xed, 0x1c, 0x0, 0x0, 0x22,
    0xf8, 0xff, 0xf7, 0xff, 0xff, 0xff, 0xff, 0xff,
    0xff, 0xff, 0x52, 0x0, 0x0, 0x0, 0x0, 0x55,
    0xf4, 0xf3, 0xff, 0xff, 0xff, 0xff, 0xff, 0xff,
    0x82, 0x0, 0x0, 0x0, 0x0, 0x0, 0x0, 0x1b,
    0x99, 0xed, 0xff, 0xff, 0xff, 0xf5, 0x67, 0x0,
    0x0, 0x0, 0x0, 0x0, 0x0, 0x0, 0x0, 0x0,
    0x23, 0x80, 0x9e, 0x74, 0x14, 0x0, 0x0, 0x0,
    0x0, 0x0, 0x0,

    /* U+0031 "1" */
    0x0, 0x0, 0x0, 0x0, 0x0, 0x49, 0x81, 0xc,
    0x0, 0x0, 0x0, 0x0, 0x0, 0x0, 0x0, 0x21,
    0xb1, 0xff, 0xff, 0xe5, 0x5c, 0x0, 0x0, 0x0,
    0x0, 0x0, 0x0, 0x8c, 0xff, 0xff, 0xff, 0xff,
    0xfc, 0x0, 0x0, 0x0, 0x4a, 0xc2, 0xa2, 0xab,
    0xff, 0xff, 0xff, 0xff, 0xfc, 0x0, 0x0, 0x0,
    0xa0, 0xff, 0xff, 0xff, 0xff, 0xff, 0xff, 0xff,
    0xfc, 0x0, 0x0, 0x0, 0xa0, 0xff, 0xff, 0xff,
    0xff, 0xff, 0xff, 0xff, 0xfc, 0x0, 0x0, 0x0,
    0x9f, 0xff, 0xff, 0xff, 0xff, 0xff, 0xff, 0xff,
    0xfc, 0x0, 0x0, 0x0, 0x14, 0x99, 0xfd, 0xff,
    0xff, 0xff, 0xff, 0xff, 0xfc, 0x0, 0x0, 0x0,
    0x0, 0x0, 0x30, 0xe5, 0xff, 0xff, 0xff, 0xff,
    0xfc, 0x0, 0x0, 0x0, 0x0, 0x0, 0x0, 0x8c,
    0xff, 0xff, 0xff, 0xff, 0xfc, 0x0, 0x0, 0x0,
    0x0, 0x0, 0x0, 0x8c, 0xff, 0xff, 0xff, 0xff,
    0xfc, 0x0, 0x0, 0x0, 0x0, 0x0, 0x0, 0x8c,
    0xff, 0xff, 0xff, 0xff, 0xfc, 0x0, 0x0, 0x0,
    0x0, 0x0, 0x0, 0x8c, 0xff, 0xff, 0xff, 0xff,
    0xfc, 0x0, 0x0, 0x0, 0x0, 0x0, 0x0, 0x8c,
    0xff, 0xff, 0xff, 0xff, 0xfc, 0x0, 0x0, 0x0,
    0x0, 0x0, 0x0, 0x8c, 0xff, 0xff, 0xff, 0xff,
    0xfc, 0x0, 0x0, 0x0, 0x0, 0x0, 0x0, 0x8c,
    0xff, 0xff, 0xff, 0xff, 0xfc, 0x0, 0x0, 0x0,
    0x0, 0x0, 0x0, 0x8c, 0xff, 0xff, 0xff, 0xff,
    0xfc, 0x0, 0x0, 0x0, 0x0, 0x0, 0x0, 0x8c,
    0xff, 0xff, 0xff, 0xff, 0xfc, 0x0, 0x0, 0x0,
    0x0, 0x0, 0x0, 0x8c, 0xff, 0xff, 0xff, 0xff,
    0xfc, 0x0, 0x0, 0x0, 0x0, 0x0, 0x0, 0x8c,
    0xff, 0xff, 0xff, 0xff, 0xff, 0xe, 0x0, 0x0,
    0x0, 0x0, 0x0, 0x8c, 0xff, 0xff, 0xff, 0xff,
    0xff, 0xe7, 0x5e, 0x1, 0x0, 0x0, 0x0, 0x8c,
    0xff, 0xff, 0xff, 0xff, 0xff, 0xff, 0xff, 0x9f,
    0x0, 0x0, 0x0, 0x8c, 0xff, 0xff, 0xff, 0xff,
    0xff, 0xff, 0xff, 0xbc, 0x0, 0x6, 0x76, 0xf2,
    0xff, 0xff, 0xff, 0xff, 0xff, 0xff, 0xff, 0xbc,
    0x42, 0xdb, 0xff, 0xff, 0xff, 0xff, 0xff, 0xff,
    0xff, 0xff, 0xff, 0x97, 0xa0, 0xff, 0xff, 0xff,
    0xff, 0xff, 0xff, 0xff, 0xff, 0xdf, 0x52, 0x0,
    0xa0, 0xff, 0xff, 0xff, 0xff, 0xff, 0xff, 0xf5,
    0x7e, 0x8, 0x0, 0x0, 0xa0, 0xff, 0xff, 0xff,
    0xff, 0xff, 0xaa, 0x1d, 0x0, 0x0, 0x0, 0x0,
    0x1d, 0xa9, 0xff, 0xff, 0xd2, 0x40, 0x0, 0x0,
    0x0, 0x0, 0x0, 0x0, 0x0, 0x0, 0x3e, 0x69,
    0x3, 0x0, 0x0, 0x0, 0x0, 0x0, 0x0, 0x0,

    /* U+0032 "2" */
    0x0, 0x0, 0x0, 0x0, 0x0, 0x0, 0x0, 0x0,
    0x20, 0x82, 0x69, 0x5, 0x0, 0x0, 0x0, 0x0,
    0x0, 0x0, 0x0, 0x0, 0x0, 0xa, 0x83, 0xf7,
    0xff, 0xff, 0xd8, 0x48, 0x0, 0x0, 0x0, 0x0,
    0x0, 0x0, 0x0, 0x57, 0xe2, 0xff, 0xff, 0xff,
    0xff, 0xff, 0xff, 0x98, 0x0, 0x0, 0x0, 0x0,
    0x2e, 0xc0, 0xff, 0xff, 0xff, 0xff, 0xff, 0xff,
    0xff, 0xff, 0xff, 0x21, 0x0, 0x0, 0x73, 0xfc,
    0xff, 0xff, 0xff, 0xff, 0xff, 0xff, 0xff, 0xff,
    0xff, 0xff, 0x3b, 0x0, 0x55, 0xff, 0xff, 0xff,
    0xff, 0xff, 0xff, 0xff, 0xff, 0xff, 0xff, 0xff,
    0xff, 0x3c, 0xa, 0xe2, 0xff, 0xff, 0xff, 0xff,
    0xff, 0xff, 0xff, 0xff, 0xff, 0xff, 0xff, 0xff,
    0x3c, 0x61, 0xff, 0xff, 0xff, 0xff, 0xff, 0xff,
    0xea, 0xb0, 0xff, 0xff, 0xff, 0xff, 0xff, 0x3c,
    0x95, 0xff, 0xff, 0xff, 0xff, 0xfd, 0x90, 0xf,
    0x4c, 0xff, 0xff, 0xff, 0xff, 0xff, 0x3c, 0xa0,
    0xff, 0xff, 0xff, 0xff, 0xf0, 0x0, 0x0, 0x4c,
    0xff, 0xff, 0xff, 0xff, 0xff, 0x3c, 0xa0, 0xff,
    0xff, 0xff, 0xff, 0xf0, 0x0, 0x0, 0x52, 0xff,
    0xff, 0xff, 0xff, 0xff, 0x3b, 0x6a, 0xfa, 0xff,
    0xff, 0xff, 0xb4, 0x6, 0x78, 0xf3, 0xff, 0xff,
    0xff, 0xff, 0xff, 0x26, 0x0, 0x28, 0xb7, 0xdd,
    0x51, 0x4d, 0xdc, 0xff, 0xff, 0xff, 0xff, 0xff,
    0xff, 0xde, 0x0, 0x0, 0x0, 0x0, 0x2c, 0xb8,
    0xff, 0xff, 0xff, 0xff, 0xff, 0xff, 0xff, 0xff,
    0x5d, 0x0, 0x0, 0x0, 0x6b, 0xfa, 0xff, 0xff,
    0xff, 0xff, 0xff, 0xff, 0xff, 0xff, 0xbf, 0x1,
    0x0, 0x0, 0x50, 0xff, 0xff, 0xff, 0xff, 0xff,
    0xff, 0xff, 0xff, 0xff, 0xa8, 0xe, 0x0, 0x0,
    0x8, 0xdf, 0xff, 0xff, 0xff, 0xff, 0xff, 0xff,
    0xff, 0xd4, 0x43, 0x0, 0x0, 0x0, 0x0, 0x5f,
    0xff, 0xff, 0xff, 0xff, 0xff, 0xff, 0xee, 0x6e,
    0x4, 0x0, 0x0, 0x0, 0x0, 0x0, 0x94, 0xff,
    0xff, 0xff, 0xff, 0xfe, 0x98, 0x14, 0x0, 0x0,
    0x29, 0x91, 0x24, 0x0, 0x0, 0xa0, 0xff, 0xff,
    0xff, 0xff, 0xf0, 0x0, 0x0, 0xf, 0x8f, 0xfb,
    0xff, 0xf9, 0x86, 0x9, 0xa0, 0xff, 0xff, 0xff,
    0xff, 0xf0, 0x2, 0x64, 0xea, 0xff, 0xff, 0xff,
    0xff, 0xff, 0x3c, 0xa0, 0xff, 0xff, 0xff, 0xff,
    0xff, 0xcc, 0xff, 0xff, 0xff, 0xff, 0xff, 0xff,
    0xff, 0x3c, 0xa0, 0xff, 0xff, 0xff, 0xff, 0xff,
    0xff, 0xff, 0xff, 0xff, 0xff, 0xff, 0xff, 0xff,
    0x3c, 0xa0, 0xff, 0xff, 0xff, 0xff, 0xff, 0xff,
    0xff, 0xff, 0xff, 0xff, 0xff, 0xfb, 0x92, 0xc,
    0xa0, 0xff, 0xff, 0xff, 0xff, 0xff, 0xff, 0xff,
    0xff, 0xff, 0xff, 0xbd, 0x2c, 0x0, 0x0, 0xa0,
    0xff, 0xff, 0xff, 0xff, 0xff, 0xff, 0xff, 0xff,
    0xe0, 0x54, 0x0, 0x0, 0x0, 0x0, 0xa0, 0xff,
    0xff, 0xff, 0xff, 0xff, 0xff, 0xf6, 0x80, 0x9,
    0x0, 0x0, 0x0, 0x0, 0x0, 0xa0, 0xff, 0xff,
    0xff, 0xff, 0xff, 0xab, 0x1f, 0x0, 0x0, 0x0,
    0x0, 0x0, 0x0, 0x0, 0x1d, 0xa9, 0xff, 0xff,
    0xd2, 0x41, 0x0, 0x0, 0x0, 0x0, 0x0, 0x0,
    0x0, 0x0, 0x0, 0x0, 0x0, 0x3e, 0x69, 0x3,
    0x0, 0x0, 0x0, 0x0, 0x0, 0x0, 0x0, 0x0,
    0x0, 0x0,

    /* U+0033 "3" */
    0x0, 0x0, 0x0, 0x0, 0x0, 0x0, 0x0, 0x0,
    0x20, 0x82, 0x69, 0x5, 0x0, 0x0, 0x0, 0x0,
    0x0, 0x0, 0x0, 0x0, 0x0, 0xa, 0x83, 0xf7,
    0xff, 0xff, 0xd8, 0x48, 0x0, 0x0, 0x0, 0x0,
    0x0, 0x0, 0x0, 0x57, 0xe2, 0xff, 0xff, 0xff,
    0xff, 0xff, 0xff, 0x98, 0x0, 0x0, 0x0, 0x0,
    0x2e, 0xc0, 0xff, 0xff, 0xff, 0xff, 0xff, 0xff,
    0xff, 0xff, 0xff, 0x21, 0x0, 0x0, 0x73, 0xfc,
    0xff, 0xff, 0xff, 0xff, 0xff, 0xff, 0xff, 0xff,
    0xff, 0xff, 0x3b, 0x0, 0x55, 0xff, 0xff, 0xff,
    0xff, 0xff, 0xff, 0xff, 0xff, 0xff, 0xff, 0xff,
    0xff, 0x3c, 0xa, 0xe2, 0xff, 0xff, 0xff, 0xff,
    0xff, 0xff, 0xff, 0xff, 0xff, 0xff, 0xff, 0xff,
    0x3c, 0x61, 0xff, 0xff, 0xff, 0xff, 0xff, 0xff,
    0xea, 0xb0, 0xff, 0xff, 0xff, 0xff, 0xff, 0x39,
    0x95, 0xff, 0xff, 0xff, 0xff, 0xfd, 0x90, 0xf,
    0x4c, 0xff, 0xff, 0xff, 0xff, 0xff, 0x1b, 0xa0,
    0xff, 0xff, 0xff, 0xff, 0xf0, 0x0, 0x0, 0x4c,
    0xff, 0xff, 0xff, 0xff, 0xc5, 0x0, 0xa0, 0xff,
    0xff, 0xff, 0xff, 0xf0, 0x0, 0x0, 0x5e, 0xff,
    0xff, 0xff, 0xff, 0x3c, 0x0, 0x6a, 0xfa, 0xff,
    0xff, 0xff, 0xb4, 0x6, 0x78, 0xf3, 0xff, 0xff,
    0xff, 0xd0, 0x0, 0x0, 0x0, 0x28, 0xb7, 0xdd,
    0x51, 0x4d, 0xdc, 0xff, 0xff, 0xff, 0xff, 0xff,
    0xff, 0x8c, 0x0, 0x0, 0x0, 0x0, 0x2c, 0xb8,
    0xff, 0xff, 0xff, 0xff, 0xff, 0xff, 0xff, 0xff,
    0xff, 0x1f, 0x0, 0x0, 0x0, 0xd7, 0xff, 0xff,
    0xff, 0xff, 0xff, 0xff, 0xff, 0xff, 0xff, 0xff,
    0x3b, 0x0, 0x0, 0x0, 0xd8, 0xff, 0xff, 0xff,
    0xff, 0xff, 0xff, 0xff, 0xff, 0xff, 0xff, 0x3c,
    0x0, 0x0, 0x0, 0xd8, 0xff, 0xff, 0xff, 0xff,
    0xff, 0xff, 0xff, 0xff, 0xff, 0xff, 0x3c, 0x0,
    0x0, 0x0, 0x78, 0xf7, 0xff, 0xff, 0xee, 0xba,
    0xff, 0xff, 0xff, 0xff, 0xff, 0x3c, 0x0, 0x0,
    0x0, 0x0, 0x20, 0xab, 0x98, 0x14, 0x4c, 0xff,
    0xff, 0xff, 0xff, 0xff, 0x3c, 0x0, 0x0, 0x0,
    0x0, 0x0, 0x0, 0x0, 0x0, 0x4d, 0xff, 0xff,
    0xff, 0xff, 0xff, 0x3b, 0x0, 0x0, 0x0, 0x0,
    0x0, 0x0, 0x2, 0x63, 0xe9, 0xff, 0xff, 0xff,
    0xff, 0xff, 0x29, 0x0, 0x0, 0x0, 0x0, 0x0,
    0x3a, 0xcc, 0xff, 0xff, 0xff, 0xff, 0xff, 0xff,
    0xe5, 0x1, 0x0, 0x0, 0x0, 0x1a, 0xa3, 0xfe,
    0xff, 0xff, 0xff, 0xff, 0xff, 0xff, 0xff, 0x68,
    0x0, 0x0, 0x7, 0x79, 0xf4, 0xff, 0xff, 0xff,
    0xff, 0xff, 0xff, 0xff, 0xff, 0xcb, 0x3, 0x0,
    0x42, 0xdc, 0xff, 0xff, 0xff, 0xff, 0xff, 0xff,
    0xff, 0xff, 0xff, 0xbb, 0x16, 0x0, 0x0, 0xa0,
    0xff, 0xff, 0xff, 0xff, 0xff, 0xff, 0xff, 0xff,
    0xe2, 0x57, 0x0, 0x0, 0x0, 0x0, 0xa0, 0xff,
    0xff, 0xff, 0xff, 0xff, 0xff, 0xf7, 0x82, 0xa,
    0x0, 0x0, 0x0, 0x0, 0x0, 0xa0, 0xff, 0xff,
    0xff, 0xff, 0xff, 0xad, 0x1f, 0x0, 0x0, 0x0,
    0x0, 0x0, 0x0, 0x0, 0x1d, 0xa9, 0xff, 0xff,
    0xd3, 0x42, 0x0, 0x0, 0x0, 0x0, 0x0, 0x0,
    0x0, 0x0, 0x0, 0x0, 0x0, 0x3e, 0x69, 0x3,
    0x0, 0x0, 0x0, 0x0, 0x0, 0x0, 0x0, 0x0,
    0x0, 0x0,

    /* U+0034 "4" */
    0x0, 0x0, 0x0, 0x0, 0x0, 0x0, 0x0, 0x0,
    0x0, 0x0, 0xe, 0x62, 0xb, 0x0, 0x0, 0x0,
    0x0, 0x0, 0x0, 0x0, 0x0, 0x0, 0x0, 0x1,
    0x61, 0xe8, 0xff, 0xe3, 0x59, 0x0, 0x0, 0x0,
    0x0, 0x0, 0x0, 0x0, 0x0, 0x0, 0x4a, 0xff,
    0xff, 0xff, 0xff, 0xff, 0x3a, 0x0, 0x0, 0x0,
    0x0, 0x0, 0x0, 0x0, 0x0, 0x4c, 0xff, 0xff,
    0xff, 0xff, 0xff, 0x3c, 0x0, 0x0, 0x0, 0x0,
    0x0, 0x0, 0x0, 0x0, 0x4c, 0xff, 0xff, 0xff,
    0xff, 0xff, 0x3c, 0x0, 0x0, 0x34, 0x74, 0x7,
    0x0, 0x0, 0x0, 0x4c, 0xff, 0xff, 0xff, 0xff,
    0xff, 0x3c, 0x0, 0x2b, 0xf2, 0xff, 0xdd, 0x4f,
    0x0, 0x0, 0x4c, 0xff, 0xff, 0xff, 0xff, 0xff,
    0x3c, 0x0, 0xc0, 0xff, 0xff, 0xff, 0xf0, 0x0,
    0x0, 0x4c, 0xff, 0xff, 0xff, 0xff, 0xff, 0x3c,
    0x46, 0xff, 0xff, 0xff, 0xff, 0xf0, 0x0, 0x0,
    0x4c, 0xff, 0xff, 0xff, 0xff, 0xff, 0x3c, 0x8b,
    0xff, 0xff, 0xff, 0xff, 0xf0, 0x0, 0x0, 0x4c,
    0xff, 0xff, 0xff, 0xff, 0xff, 0x3c, 0x9f, 0xff,
    0xff, 0xff, 0xff, 0xf0, 0x0, 0x0, 0x4c, 0xff,
    0xff, 0xff, 0xff, 0xff, 0x3c, 0xa0, 0xff, 0xff,
    0xff, 0xff, 0xf0, 0x0, 0x0, 0x4c, 0xff, 0xff,
    0xff, 0xff, 0xff, 0x3c, 0xa0, 0xff, 0xff, 0xff,
    0xff, 0xf0, 0x0, 0x0, 0x4c, 0xff, 0xff, 0xff,
    0xff, 0xff, 0x3c, 0xa0, 0xff, 0xff, 0xff, 0xff,
    0xf0, 0x0, 0x0, 0x4c, 0xff, 0xff, 0xff, 0xff,
    0xff, 0x3c, 0xa0, 0xff, 0xff, 0xff, 0xff, 0xf0,
    0x0, 0x0, 0x4c, 0xff, 0xff, 0xff, 0xff, 0xff,
    0x3c, 0xa0, 0xff, 0xff, 0xff, 0xff, 0xf0, 0x0,
    0x40, 0xff, 0xff, 0xff, 0xff, 0xff, 0xff, 0x3c,
    0xa0, 0xff, 0xff, 0xff, 0xff, 0xff, 0xaa, 0xff,
    0xff, 0xff, 0xff, 0xff, 0xff, 0xff, 0x3c, 0xa0,
    0xff, 0xff, 0xff, 0xff, 0xff, 0xff, 0xff, 0xff,
    0xff, 0xff, 0xff, 0xff, 0xff, 0x3c, 0xa0, 0xff,
    0xff, 0xff, 0xff, 0xff, 0xff, 0xff, 0xff, 0xff,
    0xff, 0xff, 0xff, 0xff, 0x3c, 0xa0, 0xff, 0xff,
    0xff, 0xff, 0xff, 0xff, 0xff, 0xff, 0xff, 0xff,
    0xff, 0xff, 0xff, 0x3c, 0xa0, 0xff, 0xff, 0xff,
    0xff, 0xff, 0xff, 0xff, 0xff, 0xff, 0xff, 0xff,
    0xff, 0xff, 0x3c, 0xa0, 0xff, 0xff, 0xff, 0xff,
    0xff, 0xff, 0xfe, 0xed, 0xff, 0xff, 0xff, 0xff,
    0xff, 0x3c, 0xa0, 0xff, 0xff, 0xff, 0xff, 0xff,
    0xcc, 0x39, 0x4c, 0xff, 0xff, 0xff, 0xff, 0xff,
    0x3c, 0x33, 0xca, 0xff, 0xff, 0xea, 0x65, 0x2,
    0x0, 0x4c, 0xff, 0xff, 0xff, 0xff, 0xff, 0x3c,
    0x0, 0x1, 0x62, 0x8d, 0x10, 0x0, 0x0, 0x0,
    0x4c, 0xff, 0xff, 0xff, 0xff, 0xff, 0x3c, 0x0,
    0x0, 0x0, 0x0, 0x0, 0x0, 0x0, 0x0, 0x4c,
    0xff, 0xff, 0xff, 0xff, 0xff, 0x3c, 0x0, 0x0,
    0x0, 0x0, 0x0, 0x0, 0x0, 0x0, 0x4c, 0xff,
    0xff, 0xff, 0xff, 0xff, 0x3c, 0x0, 0x0, 0x0,
    0x0, 0x0, 0x0, 0x0, 0x0, 0x4c, 0xff, 0xff,
    0xff, 0xff, 0xff, 0x3c, 0x0, 0x0, 0x0, 0x0,
    0x0, 0x0, 0x0, 0x0, 0x6, 0x77, 0xf3, 0xff,
    0xf0, 0x6f, 0x4, 0x0, 0x0, 0x0, 0x0, 0x0,
    0x0, 0x0, 0x0, 0x0, 0x0, 0x19, 0x7a, 0x16,
    0x0, 0x0,

    /* U+0035 "5" */
    0x0, 0x0, 0x0, 0x0, 0x0, 0x0, 0x0, 0x0,
    0x0, 0x0, 0xd, 0x62, 0xb, 0x0, 0x0, 0x0,
    0x0, 0x0, 0x0, 0x0, 0x0, 0x0, 0x0, 0x1,
    0x5f, 0xe7, 0xff, 0xe3, 0x59, 0x0, 0x0, 0x0,
    0x0, 0x0, 0x0, 0x0, 0x0, 0x36, 0xc8, 0xff,
    0xff, 0xff, 0xff, 0xff, 0x3a, 0x0, 0x0, 0x0,
    0x0, 0x0, 0x17, 0x9f, 0xfe, 0xff, 0xff, 0xff,
    0xff, 0xff, 0xff, 0x3c, 0x0, 0x0, 0x0, 0x5,
    0x74, 0xf2, 0xff, 0xff, 0xff, 0xff, 0xff, 0xff,
    0xff, 0xff, 0x3c, 0x0, 0x0, 0x4a, 0xff, 0xff,
    0xff, 0xff, 0xff, 0xff, 0xff, 0xff, 0xff, 0xff,
    0xc1, 0x17, 0x26, 0xb6, 0xff, 0xff, 0xff, 0xff,
    0xff, 0xff, 0xff, 0xff, 0xff, 0xe2, 0x58, 0x0,
    0x0, 0xa0, 0xff, 0xff, 0xff, 0xff, 0xff, 0xff,
    0xff, 0xff, 0xf7, 0x83, 0xa, 0x0, 0x0, 0x0,
    0xa0, 0xff, 0xff, 0xff, 0xff, 0xff, 0x8f, 0xe3,
    0xa6, 0x21, 0x0, 0x0, 0x0, 0x0, 0x0, 0xa0,
    0xff, 0xff, 0xff, 0xff, 0xf0, 0x0, 0x0, 0x0,
    0x0, 0x0, 0x0, 0x0, 0x0, 0x0, 0xa0, 0xff,
    0xff, 0xff, 0xff, 0xf0, 0x0, 0x0, 0x18, 0x76,
    0x5d, 0x3, 0x0, 0x0, 0x0, 0xa0, 0xff, 0xff,
    0xff, 0xff, 0xf0, 0x6, 0x78, 0xf3, 0xff, 0xff,
    0xd0, 0x3f, 0x0, 0x0, 0xa0, 0xff, 0xff, 0xff,
    0xff, 0xff, 0xdc, 0xff, 0xff, 0xff, 0xff, 0xff,
    0xfe, 0x8c, 0x0, 0xa0, 0xff, 0xff, 0xff, 0xff,
    0xff, 0xff, 0xff, 0xff, 0xff, 0xff, 0xff, 0xff,
    0xff, 0x1f, 0xa0, 0xff, 0xff, 0xff, 0xff, 0xff,
    0xff, 0xff, 0xff, 0xff, 0xff, 0xff, 0xff, 0xff,
    0x3b, 0x9d, 0xff, 0xff, 0xff, 0xff, 0xff, 0xff,
    0xff, 0xff, 0xff, 0xff, 0xff, 0xff, 0xff, 0x3c,
    0x74, 0xff, 0xff, 0xff, 0xff, 0xff, 0xff, 0xff,
    0xff, 0xff, 0xff, 0xff, 0xff, 0xff, 0x3c, 0x7,
    0xa2, 0xff, 0xff, 0xff, 0xff, 0xff, 0xee, 0xba,
    0xff, 0xff, 0xff, 0xff, 0xff, 0x3c, 0x0, 0x0,
    0x3b, 0xcd, 0xff, 0xfc, 0x98, 0x14, 0x4c, 0xff,
    0xff, 0xff, 0xff, 0xff, 0x3c, 0x0, 0x0, 0x0,
    0x2, 0x3d, 0x1f, 0x0, 0x0, 0x4d, 0xff, 0xff,
    0xff, 0xff, 0xff, 0x3b, 0x0, 0x0, 0x0, 0x0,
    0x0, 0x0, 0x2, 0x63, 0xe9, 0xff, 0xff, 0xff,
    0xff, 0xff, 0x29, 0x0, 0x0, 0x0, 0x0, 0x0,
    0x3a, 0xcc, 0xff, 0xff, 0xff, 0xff, 0xff, 0xff,
    0xe5, 0x1, 0x0, 0x0, 0x0, 0x1a, 0xa3, 0xfe,
    0xff, 0xff, 0xff, 0xff, 0xff, 0xff, 0xff, 0x68,
    0x0, 0x0, 0x7, 0x79, 0xf4, 0xff, 0xff, 0xff,
    0xff, 0xff, 0xff, 0xff, 0xff, 0xcb, 0x3, 0x0,
    0x42, 0xdc, 0xff, 0xff, 0xff, 0xff, 0xff, 0xff,
    0xff, 0xff, 0xff, 0xbb, 0x16, 0x0, 0x0, 0xa0,
    0xff, 0xff, 0xff, 0xff, 0xff, 0xff, 0xff, 0xff,
    0xe2, 0x57, 0x0, 0x0, 0x0, 0x0, 0xa0, 0xff,
    0xff, 0xff, 0xff, 0xff, 0xff, 0xf7, 0x82, 0xa,
    0x0, 0x0, 0x0, 0x0, 0x0, 0xa0, 0xff, 0xff,
    0xff, 0xff, 0xff, 0xad, 0x1f, 0x0, 0x0, 0x0,
    0x0, 0x0, 0x0, 0x0, 0x1d, 0xa9, 0xff, 0xff,
    0xd3, 0x42, 0x0, 0x0, 0x0, 0x0, 0x0, 0x0,
    0x0, 0x0, 0x0, 0x0, 0x0, 0x3e, 0x69, 0x3,
    0x0, 0x0, 0x0, 0x0, 0x0, 0x0, 0x0, 0x0,
    0x0, 0x0,

    /* U+0036 "6" */
    0x0, 0x0, 0x0, 0x0, 0x0, 0x0, 0x0, 0x0,
    0x0, 0x0, 0xd, 0x62, 0xb, 0x0, 0x0, 0x0,
    0x0, 0x0, 0x0, 0x0, 0x0, 0x0, 0x0, 0x1,
    0x5f, 0xe7, 0xff, 0xe3, 0x59, 0x0, 0x0, 0x0,
    0x0, 0x0, 0x0, 0x0, 0x0, 0x36, 0xc8, 0xff,
    0xff, 0xff, 0xff, 0xff, 0x3a, 0x0, 0x0, 0x0,
    0x0, 0x0, 0x17, 0x9f, 0xfe, 0xff, 0xff, 0xff,
    0xff, 0xff, 0xff, 0x3c, 0x0, 0x0, 0x0, 0x5,
    0x74, 0xf2, 0xff, 0xff, 0xff, 0xff, 0xff, 0xff,
    0xff, 0xff, 0x3c, 0x0, 0x0, 0x34, 0xd9, 0xff,
    0xff, 0xff, 0xff, 0xff, 0xff, 0xff, 0xff, 0xff,
    0xc1, 0x17, 0x0, 0x2b, 0xf2, 0xff, 0xff, 0xff,
    0xff, 0xff, 0xff, 0xff, 0xff, 0xe3, 0x59, 0x0,
    0x0, 0x0, 0xc0, 0xff, 0xff, 0xff, 0xff, 0xff,
    0xff, 0xff, 0xf7, 0x84, 0xa, 0x0, 0x0, 0x0,
    0x46, 0xff, 0xff, 0xff, 0xff, 0xff, 0xff, 0xff,
    0xb0, 0x21, 0x0, 0x0, 0x0, 0x0, 0x0, 0x8b,
    0xff, 0xff, 0xff, 0xff, 0xff, 0xd6, 0x45, 0x0,
    0x0, 0x0, 0x0, 0x0, 0x0, 0x0, 0x9f, 0xff,
    0xff, 0xff, 0xff, 0xf2, 0x4, 0x0, 0x18, 0x76,
    0x5d, 0x3, 0x0, 0x0, 0x0, 0xa0, 0xff, 0xff,
    0xff, 0xff, 0xf0, 0x6, 0x76, 0xf3, 0xff, 0xff,
    0xd0, 0x3f, 0x0, 0x0, 0xa0, 0xff, 0xff, 0xff,
    0xff, 0xff, 0xda, 0xff, 0xff, 0xff, 0xff, 0xff,
    0xfe, 0x8c, 0x0, 0xa0, 0xff, 0xff, 0xff, 0xff,
    0xff, 0xff, 0xff, 0xff, 0xff, 0xff, 0xff, 0xff,
    0xff, 0x1f, 0xa0, 0xff, 0xff, 0xff, 0xff, 0xff,
    0xff, 0xff, 0xff, 0xff, 0xff, 0xff, 0xff, 0xff,
    0x3b, 0xa0, 0xff, 0xff, 0xff, 0xff, 0xff, 0xff,
    0xff, 0xff, 0xff, 0xff, 0xff, 0xff, 0xff, 0x3c,
    0xa0, 0xff, 0xff, 0xff, 0xff, 0xff, 0xff, 0xff,
    0xff, 0xff, 0xff, 0xff, 0xff, 0xff, 0x3c, 0xa0,
    0xff, 0xff, 0xff, 0xff, 0xff, 0xff, 0xee, 0xba,
    0xff, 0xff, 0xff, 0xff, 0xff, 0x3c, 0xa0, 0xff,
    0xff, 0xff, 0xff, 0xff, 0x98, 0x14, 0x4c, 0xff,
    0xff, 0xff, 0xff, 0xff, 0x3c, 0xa0, 0xff, 0xff,
    0xff, 0xff, 0xf0, 0x0, 0x0, 0x4c, 0xff, 0xff,
    0xff, 0xff, 0xff, 0x3c, 0xa0, 0xff, 0xff, 0xff,
    0xff, 0xf0, 0x0, 0x0, 0x4c, 0xff, 0xff, 0xff,
    0xff, 0xff, 0x3c, 0xa0, 0xff, 0xff, 0xff, 0xff,
    0xf0, 0x0, 0x20, 0xb6, 0xff, 0xff, 0xff, 0xff,
    0xff, 0x32, 0xa0, 0xff, 0xff, 0xff, 0xff, 0xfa,
    0x82, 0xf7, 0xff, 0xff, 0xff, 0xff, 0xff, 0xf6,
    0xa, 0xa0, 0xff, 0xff, 0xff, 0xff, 0xff, 0xff,
    0xff, 0xff, 0xff, 0xff, 0xff, 0xff, 0x92, 0x0,
    0xa0, 0xff, 0xff, 0xff, 0xff, 0xff, 0xff, 0xff,
    0xff, 0xff, 0xff, 0xff, 0xee, 0x14, 0x0, 0xa0,
    0xff, 0xff, 0xff, 0xff, 0xff, 0xff, 0xff, 0xff,
    0xff, 0xff, 0xee, 0x3f, 0x0, 0x0, 0x8a, 0xff,
    0xff, 0xff, 0xff, 0xff, 0xff, 0xff, 0xff, 0xfe,
    0xa3, 0x1a, 0x0, 0x0, 0x0, 0x2a, 0xec, 0xff,
    0xff, 0xff, 0xff, 0xff, 0xff, 0xcb, 0x39, 0x0,
    0x0, 0x0, 0x0, 0x0, 0x0, 0x14, 0x99, 0xfd,
    0xff, 0xff, 0xe9, 0x63, 0x2, 0x0, 0x0, 0x0,
    0x0, 0x0, 0x0, 0x0, 0x0, 0x0, 0x2f, 0x99,
    0x7b, 0xe, 0x0, 0x0, 0x0, 0x0, 0x0, 0x0,
    0x0, 0x0,

    /* U+0037 "7" */
    0x0, 0x0, 0x0, 0x0, 0x0, 0x0, 0x0, 0x0,
    0x0, 0x0, 0xe, 0x62, 0xb, 0x0, 0x0, 0x0,
    0x0, 0x0, 0x0, 0x0, 0x0, 0x0, 0x0, 0x1,
    0x61, 0xe8, 0xff, 0xe3, 0x59, 0x0, 0x0, 0x0,
    0x0, 0x0, 0x0, 0x0, 0x0, 0x0, 0x4a, 0xff,
    0xff, 0xff, 0xff, 0xff, 0x3a, 0x0, 0x0, 0x0,
    0x0, 0x0, 0x18, 0x86, 0x90, 0x6a, 0xff, 0xff,
    0xff, 0xff, 0xff, 0x3c, 0x0, 0x0, 0x0, 0x6,
    0x75, 0xf2, 0xff, 0xff, 0xff, 0xff, 0xff, 0xff,
    0xff, 0xff, 0x3c, 0x0, 0x0, 0x4b, 0xda, 0xff,
    0xff, 0xff, 0xff, 0xff, 0xff, 0xff, 0xff, 0xff,
    0xff, 0x3c, 0x27, 0xb7, 0xff, 0xff, 0xff, 0xff,
    0xff, 0xff, 0xff, 0xff, 0xff, 0xff, 0xff, 0xff,
    0x3c, 0xa0, 0xff, 0xff, 0xff, 0xff, 0xff, 0xff,
    0xff, 0xff, 0xff, 0xff, 0xff, 0xff, 0xff, 0x3c,
    0xa0, 0xff, 0xff, 0xff, 0xff, 0xff, 0xff, 0xff,
    0xfa, 0xff, 0xff, 0xff, 0xff, 0xff, 0x3c, 0xa0,
    0xff, 0xff, 0xff, 0xff, 0xff, 0xd4, 0x43, 0x4c,
    0xff, 0xff, 0xff, 0xff, 0xff, 0x3c, 0x3b, 0xd3,
    0xff, 0xff, 0xee, 0x6e, 0x4, 0x0, 0x4c, 0xff,
    0xff, 0xff, 0xff, 0xff, 0x3c, 0x0, 0x3, 0x6b,
    0x95, 0x14, 0x0, 0x0, 0x0, 0x55, 0xff, 0xff,
    0xff, 0xff, 0xff, 0x3b, 0x0, 0x0, 0x0, 0x0,
    0x0, 0x0, 0x8, 0x7e, 0xf6, 0xff, 0xff, 0xff,
    0xff, 0xff, 0x25, 0x0, 0x0, 0x0, 0x0, 0x0,
    0x43, 0xdf, 0xff, 0xff, 0xff, 0xff, 0xff, 0xff,
    0xdc, 0x0, 0x0, 0x0, 0x0, 0x0, 0x47, 0xfb,
    0xff, 0xff, 0xff, 0xff, 0xff, 0xff, 0xff, 0x5b,
    0x0, 0x0, 0x0, 0x0, 0x9, 0xe1, 0xff, 0xff,
    0xff, 0xff, 0xff, 0xff, 0xff, 0xbc, 0x1, 0x0,
    0x0, 0x0, 0x0, 0x74, 0xff, 0xff, 0xff, 0xff,
    0xff, 0xff, 0xff, 0xa0, 0xc, 0x0, 0x0, 0x0,
    0x0, 0x0, 0xbf, 0xff, 0xff, 0xff, 0xff, 0xff,
    0xce, 0x3c, 0x0, 0x0, 0x0, 0x0, 0x0, 0x0,
    0x0, 0xd7, 0xff, 0xff, 0xff, 0xff, 0xc2, 0x2,
    0x0, 0x0, 0x0, 0x0, 0x0, 0x0, 0x0, 0x0,
    0xd8, 0xff, 0xff, 0xff, 0xff, 0xb4, 0x0, 0x0,
    0x0, 0x0, 0x0, 0x0, 0x0, 0x0, 0x0, 0xd8,
    0xff, 0xff, 0xff, 0xff, 0xb4, 0x0, 0x0, 0x0,
    0x0, 0x0, 0x0, 0x0, 0x0, 0x0, 0xd8, 0xff,
    0xff, 0xff, 0xff, 0xb4, 0x0, 0x0, 0x0, 0x0,
    0x0, 0x0, 0x0, 0x0, 0x0, 0xd8, 0xff, 0xff,
    0xff, 0xff, 0xb4, 0x0, 0x0, 0x0, 0x0, 0x0,
    0x0, 0x0, 0x0, 0x0, 0xd8, 0xff, 0xff, 0xff,
    0xff, 0xb4, 0x0, 0x0, 0x0, 0x0, 0x0, 0x0,
    0x0, 0x0, 0x0, 0xd8, 0xff, 0xff, 0xff, 0xff,
    0xb4, 0x0, 0x0, 0x0, 0x0, 0x0, 0x0, 0x0,
    0x0, 0x0, 0xd8, 0xff, 0xff, 0xff, 0xff, 0xb4,
    0x0, 0x0, 0x0, 0x0, 0x0, 0x0, 0x0, 0x0,
    0x0, 0xd8, 0xff, 0xff, 0xff, 0xff, 0xb4, 0x0,
    0x0, 0x0, 0x0, 0x0, 0x0, 0x0, 0x0, 0x0,
    0xd8, 0xff, 0xff, 0xff, 0xff, 0xb4, 0x0, 0x0,
    0x0, 0x0, 0x0, 0x0, 0x0, 0x0, 0x0, 0x35,
    0xc8, 0xff, 0xff, 0xb5, 0x25, 0x0, 0x0, 0x0,
    0x0, 0x0, 0x0, 0x0, 0x0, 0x0, 0x0, 0x1,
    0x5e, 0x4c, 0x0, 0x0, 0x0, 0x0, 0x0, 0x0,
    0x0, 0x0,

    /* U+0038 "8" */
    0x0, 0x0, 0x0, 0x0, 0x0, 0x0, 0x0, 0x0,
    0x20, 0x82, 0x69, 0x5, 0x0, 0x0, 0x0, 0x0,
    0x0, 0x0, 0x0, 0x0, 0x0, 0xa, 0x83, 0xf7,
    0xff, 0xff, 0xd8, 0x48, 0x0, 0x0, 0x0, 0x0,
    0x0, 0x0, 0x0, 0x57, 0xe2, 0xff, 0xff, 0xff,
    0xff, 0xff, 0xff, 0x98, 0x0, 0x0, 0x0, 0x0,
    0x2e, 0xc0, 0xff, 0xff, 0xff, 0xff, 0xff, 0xff,
    0xff, 0xff, 0xff, 0x21, 0x0, 0x0, 0x73, 0xfc,
    0xff, 0xff, 0xff, 0xff, 0xff, 0xff, 0xff, 0xff,
    0xff, 0xff, 0x3b, 0x0, 0x55, 0xff, 0xff, 0xff,
    0xff, 0xff, 0xff, 0xff, 0xff, 0xff, 0xff, 0xff,
    0xff, 0x3c, 0xa, 0xe2, 0xff, 0xff, 0xff, 0xff,
    0xff, 0xff, 0xff, 0xff, 0xff, 0xff, 0xff, 0xff,
    0x3c, 0x61, 0xff, 0xff, 0xff, 0xff, 0xff, 0xff,
    0xea, 0xb0, 0xff, 0xff, 0xff, 0xff, 0xff, 0x39,
    0x95, 0xff, 0xff, 0xff, 0xff, 0xfd, 0x90, 0xf,
    0x4c, 0xff, 0xff, 0xff, 0xff, 0xff, 0x1b, 0xa0,
    0xff, 0xff, 0xff, 0xff, 0xf0, 0x0, 0x0, 0x4c,
    0xff, 0xff, 0xff, 0xff, 0xc5, 0x0, 0xa0, 0xff,
    0xff, 0xff, 0xff, 0xf0, 0x0, 0x0, 0x5e, 0xff,
    0xff, 0xff, 0xff, 0x3c, 0x0, 0xa0, 0xff, 0xff,
    0xff, 0xff, 0xf0, 0x6, 0x78, 0xf3, 0xff, 0xff,
    0xff, 0xd0, 0x0, 0x0, 0x98, 0xff, 0xff, 0xff,
    0xff, 0xff, 0xdc, 0xff, 0xff, 0xff, 0xff, 0xff,
    0xff, 0x8c, 0x0, 0x5a, 0xff, 0xff, 0xff, 0xff,
    0xff, 0xff, 0xff, 0xff, 0xff, 0xff, 0xff, 0xff,
    0xff, 0x1f, 0x0, 0x65, 0xff, 0xff, 0xff, 0xff,
    0xff, 0xff, 0xff, 0xff, 0xff, 0xff, 0xff, 0xff,
    0x3b, 0x0, 0x50, 0xff, 0xff, 0xff, 0xff, 0xff,
    0xff, 0xff, 0xff, 0xff, 0xff, 0xff, 0xff, 0x3c,
    0x8, 0xdf, 0xff, 0xff, 0xff, 0xff, 0xff, 0xff,
    0xff, 0xff, 0xff, 0xff, 0xff, 0xff, 0x3c, 0x5f,
    0xff, 0xff, 0xff, 0xff, 0xff, 0xff, 0xee, 0xba,
    0xff, 0xff, 0xff, 0xff, 0xff, 0x3c, 0x94, 0xff,
    0xff, 0xff, 0xff, 0xfe, 0x98, 0x14, 0x4c, 0xff,
    0xff, 0xff, 0xff, 0xff, 0x3c, 0xa0, 0xff, 0xff,
    0xff, 0xff, 0xf0, 0x0, 0x0, 0x4c, 0xff, 0xff,
    0xff, 0xff, 0xff, 0x3c, 0xa0, 0xff, 0xff, 0xff,
    0xff, 0xf0, 0x0, 0x0, 0x4c, 0xff, 0xff, 0xff,
    0xff, 0xff, 0x3c, 0xa0, 0xff, 0xff, 0xff, 0xff,
    0xf0, 0x0, 0x20, 0xb6, 0xff, 0xff, 0xff, 0xff,
    0xff, 0x32, 0xa0, 0xff, 0xff, 0xff, 0xff, 0xfa,
    0x82, 0xf7, 0xff, 0xff, 0xff, 0xff, 0xff, 0xf6,
    0xa, 0xa0, 0xff, 0xff, 0xff, 0xff, 0xff, 0xff,
    0xff, 0xff, 0xff, 0xff, 0xff, 0xff, 0x92, 0x0,
    0xa0, 0xff, 0xff, 0xff, 0xff, 0xff, 0xff, 0xff,
    0xff, 0xff, 0xff, 0xff, 0xee, 0x14, 0x0, 0xa0,
    0xff, 0xff, 0xff, 0xff, 0xff, 0xff, 0xff, 0xff,
    0xff, 0xff, 0xee, 0x3f, 0x0, 0x0, 0x8a, 0xff,
    0xff, 0xff, 0xff, 0xff, 0xff, 0xff, 0xff, 0xfe,
    0xa3, 0x1a, 0x0, 0x0, 0x0, 0x2a, 0xec, 0xff,
    0xff, 0xff, 0xff, 0xff, 0xff, 0xcb, 0x39, 0x0,
    0x0, 0x0, 0x0, 0x0, 0x0, 0x14, 0x99, 0xfd,
    0xff, 0xff, 0xe9, 0x63, 0x2, 0x0, 0x0, 0x0,
    0x0, 0x0, 0x0, 0x0, 0x0, 0x0, 0x2f, 0x99,
    0x7b, 0xe, 0x0, 0x0, 0x0, 0x0, 0x0, 0x0,
    0x0, 0x0,

    /* U+0039 "9" */
    0x0, 0x0, 0x0, 0x0, 0x0, 0x0, 0x0, 0x0,
    0x20, 0x82, 0x69, 0x5, 0x0, 0x0, 0x0, 0x0,
    0x0, 0x0, 0x0, 0x0, 0x0, 0xa, 0x83, 0xf7,
    0xff, 0xff, 0xd8, 0x48, 0x0, 0x0, 0x0, 0x0,
    0x0, 0x0, 0x0, 0x57, 0xe2, 0xff, 0xff, 0xff,
    0xff, 0xff, 0xff, 0x98, 0x0, 0x0, 0x0, 0x0,
    0x2e, 0xc0, 0xff, 0xff, 0xff, 0xff, 0xff, 0xff,
    0xff, 0xff, 0xff, 0x21, 0x0, 0x0, 0x73, 0xfc,
    0xff, 0xff, 0xff, 0xff, 0xff, 0xff, 0xff, 0xff,
    0xff, 0xff, 0x3b, 0x0, 0x55, 0xff, 0xff, 0xff,
    0xff, 0xff, 0xff, 0xff, 0xff, 0xff, 0xff, 0xff,
    0xff, 0x3c, 0xa, 0xe2, 0xff, 0xff, 0xff, 0xff,
    0xff, 0xff, 0xff, 0xff, 0xff, 0xff, 0xff, 0xff,
    0x3c, 0x61, 0xff, 0xff, 0xff, 0xff, 0xff, 0xff,
    0xea, 0xb0, 0xff, 0xff, 0xff, 0xff, 0xff, 0x3c,
    0x95, 0xff, 0xff, 0xff, 0xff, 0xfd, 0x90, 0xf,
    0x4c, 0xff, 0xff, 0xff, 0xff, 0xff, 0x3c, 0xa0,
    0xff, 0xff, 0xff, 0xff, 0xf0, 0x0, 0x0, 0x4c,
    0xff, 0xff, 0xff, 0xff, 0xff, 0x3c, 0xa0, 0xff,
    0xff, 0xff, 0xff, 0xf0, 0x0, 0x0, 0x4c, 0xff,
    0xff, 0xff, 0xff, 0xff, 0x3c, 0xa0, 0xff, 0xff,
    0xff, 0xff, 0xf0, 0x0, 0x29, 0xf8, 0xff, 0xff,
    0xff, 0xff, 0xff, 0x3c, 0xa0, 0xff, 0xff, 0xff,
    0xff, 0xff, 0x8e, 0xfb, 0xff, 0xff, 0xff, 0xff,
    0xff, 0xff, 0x3c, 0xa0, 0xff, 0xff, 0xff, 0xff,
    0xff, 0xff, 0xff, 0xff, 0xff, 0xff, 0xff, 0xff,
    0xff, 0x3c, 0xa0, 0xff, 0xff, 0xff, 0xff, 0xff,
    0xff, 0xff, 0xff, 0xff, 0xff, 0xff, 0xff, 0xff,
    0x3c, 0xa0, 0xff, 0xff, 0xff, 0xff, 0xff, 0xff,
    0xff, 0xff, 0xff, 0xff, 0xff, 0xff, 0xff, 0x3c,
    0x88, 0xff, 0xff, 0xff, 0xff, 0xff, 0xff, 0xff,
    0xff, 0xff, 0xff, 0xff, 0xff, 0xff, 0x3c, 0x24,
    0xe6, 0xff, 0xff, 0xff, 0xff, 0xff, 0xff, 0xff,
    0xff, 0xff, 0xff, 0xff, 0xff, 0x3c, 0x0, 0xf,
    0x8e, 0xfa, 0xff, 0xff, 0xe2, 0x57, 0x4c, 0xff,
    0xff, 0xff, 0xff, 0xff, 0x3c, 0x0, 0x0, 0x0,
    0x28, 0x91, 0x70, 0x9, 0x0, 0x4d, 0xff, 0xff,
    0xff, 0xff, 0xff, 0x3b, 0x0, 0x0, 0x0, 0x0,
    0x0, 0x0, 0x2, 0x63, 0xe9, 0xff, 0xff, 0xff,
    0xff, 0xff, 0x29, 0x0, 0x0, 0x0, 0x0, 0x0,
    0x3a, 0xcc, 0xff, 0xff, 0xff, 0xff, 0xff, 0xff,
    0xe5, 0x1, 0x0, 0x0, 0x0, 0x1a, 0xa3, 0xfe,
    0xff, 0xff, 0xff, 0xff, 0xff, 0xff, 0xff, 0x68,
    0x0, 0x0, 0x7, 0x79, 0xf4, 0xff, 0xff, 0xff,
    0xff, 0xff, 0xff, 0xff, 0xff, 0xcb, 0x3, 0x0,
    0x42, 0xdc, 0xff, 0xff, 0xff, 0xff, 0xff, 0xff,
    0xff, 0xff, 0xff, 0xbb, 0x16, 0x0, 0x0, 0xa0,
    0xff, 0xff, 0xff, 0xff, 0xff, 0xff, 0xff, 0xff,
    0xe2, 0x57, 0x0, 0x0, 0x0, 0x0, 0xa0, 0xff,
    0xff, 0xff, 0xff, 0xff, 0xff, 0xf7, 0x82, 0xa,
    0x0, 0x0, 0x0, 0x0, 0x0, 0xa0, 0xff, 0xff,
    0xff, 0xff, 0xff, 0xad, 0x1f, 0x0, 0x0, 0x0,
    0x0, 0x0, 0x0, 0x0, 0x1d, 0xa9, 0xff, 0xff,
    0xd3, 0x42, 0x0, 0x0, 0x0, 0x0, 0x0, 0x0,
    0x0, 0x0, 0x0, 0x0, 0x0, 0x3e, 0x69, 0x3,
    0x0, 0x0, 0x0, 0x0, 0x0, 0x0, 0x0, 0x0,
    0x0, 0x0,

    /* U+003A ":" */
    0x0, 0x0, 0x0, 0x3, 0x0, 0x0, 0x0, 0x0,
    0x0, 0xb, 0x9e, 0xf9, 0xbb, 0x2c, 0x0, 0x0,
    0x0, 0xaf, 0xff, 0xff, 0xff, 0xfc, 0x94, 0x6,
    0x3f, 0xff, 0xff, 0xff, 0xff, 0xff, 0xff, 0x71,
    0x88, 0xff, 0xff, 0xff, 0xff, 0xff, 0xff, 0x87,
    0x90, 0xff, 0xff, 0xff, 0xff, 0xff, 0xff, 0x53,
    0x2a, 0xe2, 0xff, 0xff, 0xff, 0xff, 0xd8, 0x5,
    0x0, 0xa, 0x85, 0xf7, 0xff, 0xe2, 0x2b, 0x0,
    0x0, 0x0, 0x0, 0x1f, 0x53, 0xd, 0x0, 0x0,
    0x0, 0x0, 0x0, 0x0, 0x0, 0x0, 0x0, 0x0,
    0x0, 0x0, 0x0, 0x0, 0x0, 0x0, 0x0, 0x0,
    0x0, 0x0, 0x0, 0x0, 0x0, 0x0, 0x0, 0x0,
    0x0, 0x0, 0x0, 0x0, 0x0, 0x0, 0x0, 0x0,
    0x0, 0x0, 0x0, 0x0, 0x0, 0x0, 0x0, 0x0,
    0x0, 0x0, 0x0, 0x0, 0x0, 0x0, 0x0, 0x0,
    0x0, 0x0, 0x0, 0x0, 0x0, 0x0, 0x0, 0x0,
    0x0, 0x0, 0x1f, 0x70, 0x31, 0x0, 0x0, 0x0,
    0x0, 0x43, 0xf2, 0xff, 0xfd, 0x9d, 0x17, 0x0,
    0xf, 0xeb, 0xff, 0xff, 0xff, 0xff, 0xef, 0x31,
    0x69, 0xff, 0xff, 0xff, 0xff, 0xff, 0xff, 0x86,
    0x95, 0xff, 0xff, 0xff, 0xff, 0xff, 0xff, 0x77,
    0x72, 0xff, 0xff, 0xff, 0xff, 0xff, 0xfe, 0x27,
    0x3, 0x79, 0xf4, 0xff, 0xff, 0xff, 0x8f, 0x0,
    0x0, 0x0, 0x1c, 0xa3, 0xe0, 0x7e, 0x2, 0x0,
    0x0, 0x0, 0x0, 0x0, 0x0, 0x0, 0x0, 0x0,

    /* U+003B ";" */
    0x0, 0x0, 0x0, 0x3, 0x0, 0x0, 0x0, 0x0,
    0x0, 0xb, 0x9e, 0xf9, 0xbb, 0x2c, 0x0, 0x0,
    0x0, 0xaf, 0xff, 0xff, 0xff, 0xfc, 0x94, 0x6,
    0x3f, 0xff, 0xff, 0xff, 0xff, 0xff, 0xff, 0x71,
    0x88, 0xff, 0xff, 0xff, 0xff, 0xff, 0xff, 0x87,
    0x90, 0xff, 0xff, 0xff, 0xff, 0xff, 0xff, 0x53,
    0x2a, 0xe2, 0xff, 0xff, 0xff, 0xff, 0xd8, 0x5,
    0x0, 0xa, 0x85, 0xf7, 0xff, 0xe2, 0x2b, 0x0,
    0x0, 0x0, 0x0, 0x1f, 0x53, 0xd, 0x0, 0x0,
    0x0, 0x0, 0x0, 0x0, 0x0, 0x0, 0x0, 0x0,
    0x0, 0x0, 0x0, 0x0, 0x0, 0x0, 0x0, 0x0,
    0x0, 0x0, 0x0, 0x0, 0x0, 0x0, 0x0, 0x0,
    0x0, 0x0, 0x0, 0x0, 0x0, 0x0, 0x0, 0x0,
    0x0, 0x0, 0x0, 0x0, 0x0, 0x0, 0x0, 0x0,
    0x0, 0x0, 0x0, 0x0, 0x0, 0x0, 0x0, 0x0,
    0x0, 0x0, 0x0, 0x0, 0x0, 0x0, 0x0, 0x0,
    0x0, 0x0, 0x1f, 0x70, 0x31, 0x0, 0x0, 0x0,
    0x0, 0x43, 0xf2, 0xff, 0xfd, 0x9d, 0x17, 0x0,
    0xf, 0xeb, 0xff, 0xff, 0xff, 0xff, 0xef, 0x31,
    0x69, 0xff, 0xff, 0xff, 0xff, 0xff, 0xff, 0x88,
    0x95, 0xff, 0xff, 0xff, 0xff, 0xff, 0xff, 0x94,
    0x72, 0xff, 0xff, 0xff, 0xff, 0xff, 0xff, 0x94,
    0x3, 0x79, 0xff, 0xff, 0xff, 0xff, 0xff, 0x94,
    0x0, 0x0, 0x80, 0xff, 0xff, 0xff, 0xff, 0x91,
    0x0, 0x0, 0x64, 0xff, 0xff, 0xff, 0xff, 0x6f,
    0x0, 0x0, 0x61, 0xff, 0xff, 0xff, 0xf2, 0x15,
    0x0, 0x0, 0x3, 0x69, 0xec, 0xff, 0x6e, 0x0,
    0x0, 0x0, 0x0, 0x0, 0x11, 0x50, 0x0, 0x0,

    /* U+003C "<" */
    0x0, 0x0, 0x0, 0x0, 0x0, 0x0, 0x0, 0x0,
    0x0, 0x31, 0x58, 0x0, 0x0, 0x0, 0x0, 0x0,
    0x0, 0x0, 0x0, 0x0, 0x0, 0x0, 0x0, 0x13,
    0xdf, 0xff, 0xc3, 0x31, 0x0, 0x0, 0x0, 0x0,
    0x0, 0x0, 0x0, 0x0, 0x0, 0x3, 0xba, 0xff,
    0xff, 0xff, 0xf5, 0x1f, 0x0, 0x0, 0x0, 0x0,
    0x0, 0x0, 0x0, 0x0, 0x89, 0xff, 0xff, 0xff,
    0xff, 0xff, 0xae, 0x0, 0x0, 0x0, 0x0, 0x0,
    0x0, 0x0, 0x54, 0xff, 0xff, 0xff, 0xff, 0xff,
    0xff, 0xe0, 0x7, 0x0, 0x0, 0x0, 0x0, 0x0,
    0x2b, 0xf3, 0xff, 0xff, 0xff, 0xff, 0xff, 0xf6,
    0x31, 0x0, 0x0, 0x0, 0x0, 0x0, 0xf, 0xda,
    0xff, 0xff, 0xff, 0xff, 0xff, 0xff, 0x5c, 0x0,
    0x0, 0x0, 0x0, 0x0, 0x1, 0xb3, 0xff, 0xff,
    0xff, 0xff, 0xff, 0xff, 0x90, 0x0, 0x0, 0x0,
    0x0, 0x0, 0x0, 0x80, 0xff, 0xff, 0xff, 0xff,
    0xff, 0xff, 0xc0, 0x4, 0x0, 0x0, 0x0, 0x0,
    0x0, 0x4d, 0xfe, 0xff, 0xff, 0xff, 0xff, 0xff,
    0xe3, 0x16, 0x0, 0x0, 0x0, 0x0, 0x0, 0x26,
    0xf0, 0xff, 0xff, 0xff, 0xff, 0xff, 0xf8, 0x35,
    0x0, 0x0, 0x0, 0x0, 0x0, 0xc, 0xd5, 0xff,
    0xff, 0xff, 0xff, 0xff, 0xff, 0x61, 0x0, 0x0,
    0x0, 0x0, 0x0, 0x0, 0x8c, 0xff, 0xff, 0xff,
    0xff, 0xff, 0xff, 0x95, 0x0, 0x0, 0x0, 0x0,
    0x0, 0x0, 0x0, 0xa0, 0xff, 0xff, 0xff, 0xff,
    0xff, 0xff, 0x48, 0x2b, 0x14, 0x1, 0x0, 0x0,
    0x0, 0x0, 0xa0, 0xff, 0xff, 0xff, 0xff, 0xff,
    0xff, 0xff, 0xff, 0xff, 0xfb, 0xcd, 0x41, 0x0,
    0x0, 0xa0, 0xff, 0xff, 0xff, 0xff, 0xff, 0xff,
    0xff, 0xff, 0xff, 0xff, 0xff, 0xff, 0xab, 0x7,
    0x74, 0xfe, 0xff, 0xff, 0xff, 0xff, 0xff, 0xff,
    0xff, 0xff, 0xff, 0xff, 0xff, 0xcf, 0x0, 0x0,
    0x36, 0xc9, 0xff, 0xff, 0xff, 0xff, 0xff, 0xff,
    0xff, 0xff, 0xff, 0xff, 0x66, 0x0, 0x0, 0x0,
    0x1, 0x32, 0x4b, 0x63, 0x7a, 0x91, 0xa9, 0xc0,
    0xd7, 0xef, 0xf0, 0xc, 0x0, 0x0, 0x0, 0x0,
    0x0, 0x0, 0x0, 0x0, 0x0, 0x0, 0x0, 0x0,
    0x0, 0x3, 0x0, 0x0,

    /* U+003D "=" */
    0x0, 0x0, 0x0, 0x0, 0x0, 0x0, 0x0, 0x0,
    0x0, 0x0, 0x0, 0x2, 0x0, 0x0, 0x0, 0x0,
    0x0, 0x0, 0x0, 0x0, 0x0, 0x0, 0x0, 0x0,
    0xa, 0x80, 0xeb, 0x7b, 0x7, 0x0, 0x0, 0x0,
    0x0, 0x0, 0x0, 0x0, 0x0, 0x0, 0x56, 0xe2,
    0xff, 0xff, 0xff, 0xdd, 0x20, 0x0, 0x0, 0x0,
    0x0, 0x0, 0x0, 0x2f, 0xc1, 0xff, 0xff, 0xff,
    0xff, 0xff, 0xff, 0x3c, 0x0, 0x0, 0x0, 0x0,
    0x14, 0x97, 0xfd, 0xff, 0xff, 0xff, 0xff, 0xff,
    0xff, 0xff, 0x3c, 0x0, 0x0, 0x4, 0x6d, 0xee,
    0xff, 0xff, 0xff, 0xff, 0xff, 0xff, 0xff, 0xff,
    0xfe, 0x33, 0x0, 0x43, 0xd4, 0xff, 0xff, 0xff,
    0xff, 0xff, 0xff, 0xff, 0xff, 0xff, 0xc9, 0x37,
    0x0, 0x7e, 0xff, 0xff, 0xff, 0xff, 0xff, 0xff,
    0xff, 0xff, 0xff, 0xe8, 0x61, 0x1, 0x0, 0x0,
    0xa0, 0xff, 0xff, 0xff, 0xff, 0xff, 0xff, 0xff,
    0xfa, 0x8c, 0xe, 0x29, 0x0, 0x0, 0x0, 0xa0,
    0xff, 0xff, 0xff, 0xff, 0xff, 0xff, 0xb6, 0x26,
    0x2b, 0xbc, 0xff, 0xb5, 0x25, 0x0, 0x83, 0xff,
    0xff, 0xff, 0xff, 0xdb, 0x4c, 0x11, 0x91, 0xfb,
    0xff, 0xff, 0xff, 0xf9, 0x2d, 0x0, 0x4b, 0xd9,
    0xf3, 0x77, 0x9, 0x66, 0xeb, 0xff, 0xff, 0xff,
    0xff, 0xff, 0xff, 0x3c, 0x0, 0x0, 0x5, 0x15,
    0x3d, 0xcf, 0xff, 0xff, 0xff, 0xff, 0xff, 0xff,
    0xff, 0xff, 0x3c, 0x0, 0x0, 0x1c, 0xa6, 0xff,
    0xff, 0xff, 0xff, 0xff, 0xff, 0xff, 0xff, 0xff,
    0xea, 0x25, 0x8, 0x7b, 0xf5, 0xff, 0xff, 0xff,
    0xff, 0xff, 0xff, 0xff, 0xff, 0xfb, 0x90, 0xf,
    0x0, 0x99, 0xff, 0xff, 0xff, 0xff, 0xff, 0xff,
    0xff, 0xff, 0xff, 0xbb, 0x2a, 0x0, 0x0, 0x0,
    0xa0, 0xff, 0xff, 0xff, 0xff, 0xff, 0xff, 0xff,
    0xde, 0x52, 0x0, 0x0, 0x0, 0x0, 0x0, 0xa0,
    0xff, 0xff, 0xff, 0xff, 0xff, 0xf5, 0x7e, 0x8,
    0x0, 0x0, 0x0, 0x0, 0x0, 0x0, 0x5e, 0xf4,
    0xff, 0xff, 0xff, 0xa9, 0x1d, 0x0, 0x0, 0x0,
    0x0, 0x0, 0x0, 0x0, 0x0, 0x0, 0x1c, 0xa6,
    0xd0, 0x3f, 0x0, 0x0, 0x0, 0x0, 0x0, 0x0,
    0x0, 0x0, 0x0, 0x0, 0x0, 0x0, 0x0, 0x0,
    0x0, 0x0, 0x0, 0x0, 0x0, 0x0, 0x0, 0x0,
    0x0, 0x0, 0x0,

    /* U+003E ">" */
    0x0, 0x45, 0xae, 0x97, 0x80, 0x68, 0x51, 0x3a,
    0x23, 0xb, 0x0, 0x0, 0x0, 0x0, 0x0, 0x0,
    0xb4, 0xff, 0xff, 0xff, 0xff, 0xff, 0xff, 0xff,
    0xff, 0xf4, 0xc5, 0x39, 0x0, 0x0, 0x1a, 0xfc,
    0xff, 0xff, 0xff, 0xff, 0xff, 0xff, 0xff, 0xff,
    0xff, 0xff, 0xfe, 0xa0, 0xa, 0x76, 0xff, 0xff,
    0xff, 0xff, 0xff, 0xff, 0xff, 0xff, 0xff, 0xff,
    0xff, 0xff, 0xff, 0x24, 0xe, 0x8b, 0xf9, 0xff,
    0xff, 0xff, 0xff, 0xff, 0xff, 0xff, 0xff, 0xff,
    0xff, 0xff, 0x24, 0x0, 0x0, 0x25, 0x86, 0xa0,
    0xb8, 0xcf, 0xee, 0xff, 0xff, 0xff, 0xff, 0xff,
    0xff, 0x24, 0x0, 0x0, 0x0, 0x0, 0x0, 0x0,
    0x0, 0x9b, 0xff, 0xff, 0xff, 0xff, 0xff, 0xff,
    0x21, 0x0, 0x0, 0x0, 0x0, 0x0, 0x0, 0x67,
    0xff, 0xff, 0xff, 0xff, 0xff, 0xff, 0xa1, 0x0,
    0x0, 0x0, 0x0, 0x0, 0x0, 0x39, 0xf9, 0xff,
    0xff, 0xff, 0xff, 0xff, 0xcd, 0x8, 0x0, 0x0,
    0x0, 0x0, 0x0, 0x18, 0xe5, 0xff, 0xff, 0xff,
    0xff, 0xff, 0xeb, 0x1f, 0x0, 0x0, 0x0, 0x0,
    0x0, 0x5, 0xc3, 0xff, 0xff, 0xff, 0xff, 0xff,
    0xfc, 0x43, 0x0, 0x0, 0x0, 0x0, 0x0, 0x0,
    0x95, 0xff, 0xff, 0xff, 0xff, 0xff, 0xff, 0x73,
    0x0, 0x0, 0x0, 0x0, 0x0, 0x0, 0x60, 0xff,
    0xff, 0xff, 0xff, 0xff, 0xff, 0xa8, 0x0, 0x0,
    0x0, 0x0, 0x0, 0x0, 0x34, 0xf7, 0xff, 0xff,
    0xff, 0xff, 0xff, 0xd2, 0xa, 0x0, 0x0, 0x0,
    0x0, 0x0, 0x15, 0xe2, 0xff, 0xff, 0xff, 0xff,
    0xff, 0xee, 0x23, 0x0, 0x0, 0x0, 0x0, 0x0,
    0x0, 0x6c, 0xff, 0xff, 0xff, 0xff, 0xff, 0xfd,
    0x48, 0x0, 0x0, 0x0, 0x0, 0x0, 0x0, 0x0,
    0x4, 0xc9, 0xff, 0xff, 0xff, 0xff, 0x7a, 0x0,
    0x0, 0x0, 0x0, 0x0, 0x0, 0x0, 0x0, 0x0,
    0x1f, 0xc0, 0xff, 0xff, 0xae, 0x1, 0x0, 0x0,
    0x0, 0x0, 0x0, 0x0, 0x0, 0x0, 0x0, 0x0,
    0x0, 0x58, 0xbb, 0xd, 0x0, 0x0, 0x0, 0x0,
    0x0, 0x0, 0x0, 0x0, 0x0,

    /* U+003F "?" */
    0x0, 0x0, 0x0, 0x0, 0x0, 0x0, 0x0, 0x0,
    0x0, 0x0, 0x0, 0x0, 0x0, 0x0, 0x0, 0x0,
    0x0, 0x0, 0x0, 0x0, 0x0, 0x0, 0x1, 0x5b,
    0xc6, 0xad, 0x27, 0x0, 0x0, 0x0, 0x0, 0x0,
    0x0, 0x0, 0x0, 0x0, 0x33, 0xc6, 0xff, 0xff,
    0xff, 0xfa, 0x8b, 0xd, 0x0, 0x0, 0x0, 0x0,
    0x0, 0x15, 0x9b, 0xfd, 0xff, 0xff, 0xff, 0xff,
    0xff, 0xff, 0xce, 0x4, 0x0, 0x0, 0x2, 0x6e,
    0xef, 0xff, 0xff, 0xff, 0xff, 0xff, 0xff, 0xff,
    0xff, 0xff, 0x2d, 0x0, 0x5, 0xb4, 0xff, 0xff,
    0xff, 0xff, 0xff, 0xff, 0xff, 0xff, 0xff, 0xff,
    0xff, 0x3c, 0x0, 0x7f, 0xff, 0xff, 0xff, 0xff,
    0xff, 0xff, 0xff, 0xff, 0xff, 0xff, 0xff, 0xff,
    0x3c, 0x1c, 0xf6, 0xff, 0xff, 0xff, 0xff, 0xff,
    0xff, 0xff, 0xff, 0xff, 0xff, 0xff, 0xff, 0x3c,
    0x74, 0xff, 0xff, 0xff, 0xff, 0xff, 0xff, 0xb5,
    0x71, 0xff, 0xff, 0xff, 0xff, 0xff, 0x3c, 0x9b,
    0xff, 0xff, 0xff, 0xff, 0xf9, 0x4c, 0x0, 0x4c,
    0xff, 0xff, 0xff, 0xff, 0xff, 0x3c, 0xa0, 0xff,
    0xff, 0xff, 0xff, 0xf0, 0x0, 0x0, 0x4c, 0xff,
    0xff, 0xff, 0xff, 0xff, 0x3c, 0xa0, 0xff, 0xff,
    0xff, 0xff, 0xf0, 0x0, 0x0, 0x4c, 0xff, 0xff,
    0xff, 0xff, 0xff, 0x3c, 0x9b, 0xff, 0xff, 0xff,
    0xff, 0xeb, 0x0, 0x0, 0x4c, 0xff, 0xff, 0xff,
    0xff, 0xff, 0x3c, 0xb, 0x85, 0xf8, 0xff, 0xb3,
    0x24, 0x0, 0x0, 0x4c, 0xff, 0xff, 0xff, 0xff,
    0xff, 0x3c, 0x0, 0x0, 0x22, 0x44, 0x0, 0x0,
    0x0, 0x0, 0x4c, 0xff, 0xff, 0xff, 0xff, 0xff,
    0x3c, 0x0, 0x0, 0x0, 0x0, 0x0, 0x0, 0x0,
    0x2e, 0xc4, 0xff, 0xff, 0xff, 0xff, 0xff, 0x31,
    0x0, 0x0, 0x0, 0x0, 0x0, 0xf, 0x94, 0xfc,
    0xff, 0xff, 0xff, 0xff, 0xff, 0xf3, 0x7, 0x0,
    0x0, 0x0, 0x0, 0x1a, 0xdb, 0xff, 0xff, 0xff,
    0xff, 0xff, 0xff, 0xff, 0x87, 0x0, 0x0, 0x0,
    0x0, 0x0, 0xba, 0xff, 0xff, 0xff, 0xff, 0xff,
    0xff, 0xff, 0xe7, 0xe, 0x0, 0x0, 0x0, 0x0,
    0x4c, 0xff, 0xff, 0xff, 0xff, 0xff, 0xff, 0xff,
    0xe4, 0x32, 0x0, 0x0, 0x0, 0x0, 0x0, 0xad,
    0xff, 0xff, 0xff, 0xff, 0xff, 0xfb, 0x90, 0xf,
    0x0, 0x0, 0x0, 0x0, 0x0, 0x0, 0xd3, 0xff,
    0xff, 0xff, 0xff, 0xdb, 0x29, 0x0, 0x0, 0x0,
    0x0, 0x0, 0x0, 0x0, 0x0, 0xd8, 0xff, 0xff,
    0xff, 0xff, 0xb4, 0x0, 0x0, 0x0, 0x0, 0x0,
    0x0, 0x0, 0x0, 0x0, 0xd8, 0xff, 0xff, 0xff,
    0xff, 0xb4, 0x0, 0x0, 0x0, 0x0, 0x0, 0x0,
    0x0, 0x0, 0x0, 0xd8, 0xff, 0xff, 0xff, 0xff,
    0xb4, 0x0, 0x0, 0x0, 0x0, 0x0, 0x0, 0x0,
    0x0, 0x0, 0x59, 0xe6, 0xff, 0xff, 0xd9, 0x43,
    0x0, 0x0, 0x0, 0x0, 0x0, 0x0, 0x0, 0x0,
    0x0, 0x0, 0x5a, 0xff, 0xa9, 0x5, 0x0, 0x0,
    0x0, 0x0, 0x0, 0x0, 0x0, 0x0, 0x0, 0x0,
    0x67, 0xff, 0xff, 0xfe, 0x9e, 0x17, 0x0, 0x0,
    0x0, 0x0, 0x0, 0x0, 0x0, 0x0, 0xf, 0xf4,
    0xff, 0xff, 0xff, 0xff, 0xe7, 0x10, 0x0, 0x0,
    0x0, 0x0, 0x0, 0x0, 0x0, 0x50, 0xff, 0xff,
    0xff, 0xff, 0xff, 0xff, 0x31, 0x0, 0x0, 0x0,
    0x0, 0x0, 0x0, 0x0, 0x4d, 0xff, 0xff, 0xff,
    0xff, 0xff, 0xf6, 0xd, 0x0, 0x0, 0x0, 0x0,
    0x0, 0x0, 0x0, 0x2, 0x85, 0xf9, 0xff, 0xff,
    0xff, 0x8c, 0x0, 0x0, 0x0, 0x0, 0x0, 0x0,
    0x0, 0x0, 0x0, 0x0, 0x24, 0xb4, 0xfb, 0x9c,
    0x6, 0x0, 0x0, 0x0, 0x0, 0x0, 0x0, 0x0,
    0x0, 0x0, 0x0, 0x0, 0x0, 0x4, 0x0, 0x0,
    0x0, 0x0, 0x0, 0x0, 0x0, 0x0,

    /* U+0040 "@" */
    0x0, 0x0, 0x0, 0x0, 0x0, 0x0, 0x0, 0x0,
    0x0, 0x0, 0x0, 0x0, 0x4b, 0xbf, 0xf4, 0xe5,
    0x8e, 0x14, 0x0, 0x0, 0x0, 0x0, 0x0, 0x0,
    0x0, 0x0, 0x0, 0x0, 0x0, 0x0, 0x0, 0x28,
    0xb8, 0xff, 0xff, 0xff, 0xff, 0xff, 0xfd, 0x83,
    0xd, 0x0, 0x0, 0x0, 0x0, 0x0, 0x0, 0x0,
    0x0, 0x0, 0xe, 0x8d, 0xfa, 0xff, 0xff, 0xff,
    0xf8, 0xfb, 0xff, 0xff, 0xff, 0xd1, 0x11, 0x0,
    0x0, 0x0, 0x0, 0x0, 0x0, 0x1, 0x61, 0xe8,
    0xff, 0xff, 0xff, 0xf9, 0xf8, 0xff, 0xff, 0xff,
    0xff, 0xff, 0xff, 0x83, 0x0, 0x0, 0x0, 0x0,
    0x0, 0x30, 0xca, 0xff, 0xff, 0xff, 0xfb, 0xf8,
    0xfe, 0xff, 0xff, 0xff, 0xff, 0xff, 0xff, 0xff,
    0xc6, 0x0, 0x0, 0x0, 0x0, 0x5f, 0xf9, 0xff,
    0xff, 0xfe, 0xf8, 0xfb, 0xff, 0xff, 0xff, 0xe2,
    0xff, 0xff, 0xff, 0xff, 0xff, 0xe1, 0x0, 0x0,
    0x0, 0x58, 0xfe, 0xff, 0xff, 0xfb, 0xf9, 0xff,
    0xff, 0xff, 0xf7, 0x83, 0xa, 0xa4, 0xff, 0xff,
    0xff, 0xff, 0xe4, 0x0, 0x0, 0x2b, 0xf6, 0xff,
    0xff, 0xfb, 0xfc, 0xff, 0xff, 0xff, 0xae, 0x20,
    0x0, 0x0, 0xa4, 0xff, 0xff, 0xff, 0xff, 0xe4,
    0x0, 0x1, 0xc9, 0xff, 0xff, 0xff, 0xff, 0xff,
    0xff, 0xd4, 0x43, 0x0, 0x0, 0x0, 0x0, 0xa4,
    0xff, 0xff, 0xff, 0xff, 0xe4, 0x0, 0x59, 0xff,
    0xff, 0xff, 0xff, 0xff, 0xfc, 0x7e, 0x7f, 0xb2,
    0x58, 0x0, 0x0, 0x0, 0xa4, 0xff, 0xff, 0xff,
    0xff, 0xe4, 0x0, 0xce, 0xff, 0xff, 0xfe, 0xff,
    0xff, 0x72, 0xc0, 0xff, 0xff, 0xff, 0xc2, 0x30,
    0x0, 0xa4, 0xff, 0xff, 0xff, 0xff, 0xe4, 0x2b,
    0xff, 0xff, 0xff, 0xfe, 0xff, 0xcb, 0x7d, 0xff,
    0xff, 0xff, 0xff, 0xff, 0xfc, 0x53, 0xa4, 0xff,
    0xff, 0xff, 0xff, 0xe4, 0x6c, 0xff, 0xff, 0xfe,
    0xff, 0xff, 0x60, 0xf3, 0xff, 0xff, 0xff, 0xff,
    0xff, 0xff, 0xc9, 0xc3, 0xff, 0xff, 0xff, 0xff,
    0xe1, 0x91, 0xff, 0xff, 0xfe, 0xff, 0xfd, 0x68,
    0xff, 0xff, 0xff, 0xff, 0xff, 0xff, 0xff, 0xff,
    0xff, 0xff, 0xff, 0xff, 0xff, 0xbf, 0x9f, 0xff,
    0xff, 0xff, 0xff, 0xf0, 0x51, 0xff, 0xff, 0xff,
    0xff, 0xff, 0xff, 0xff, 0xff, 0xff, 0xff, 0xff,
    0xff, 0xff, 0x67, 0xa0, 0xff, 0xff, 0xff, 0xff,
    0xf0, 0x8, 0xff, 0xff, 0xff, 0xff, 0xff, 0xff,
    0xff, 0xff, 0xff, 0xff, 0xff, 0xff, 0xd8, 0x4,
    0xa0, 0xff, 0xff, 0xff, 0xff, 0xf0, 0x51, 0xff,
    0xff, 0xff, 0xff, 0xff, 0xff, 0xff, 0xff, 0xff,
    0xff, 0xff, 0xf5, 0x39, 0x0, 0xa0, 0xff, 0xff,
    0xff, 0xff, 0xf0, 0x7b, 0xff, 0xff, 0xff, 0xff,
    0xff, 0xff, 0xff, 0xff, 0xff, 0xff, 0xc6, 0x2c,
    0x0, 0x0, 0xa0, 0xff, 0xff, 0xff, 0xff, 0xf0,
    0x5c, 0xff, 0xff, 0xff, 0xff, 0xff, 0xff, 0xff,
    0xff, 0xe5, 0x6f, 0x94, 0xba, 0x2a, 0x0, 0xa0,
    0xff, 0xff, 0xff, 0xff, 0xf0, 0x3, 0x99, 0xfe,
    0xff, 0xff, 0xff, 0xff, 0xf9, 0x8a, 0x74, 0xec,
    0xff, 0xff, 0xfb, 0x84, 0xa0, 0xff, 0xff, 0xff,
    0xff, 0xf0, 0x0, 0x0, 0x34, 0xc9, 0xff, 0xff,
    0xb2, 0x61, 0xcf, 0xff, 0xff, 0xff, 0xff, 0xff,
    0xc6, 0xa0, 0xff, 0xff, 0xff, 0xff, 0xf0, 0x0,
    0x0, 0x0, 0x1, 0x44, 0x4d, 0xa6, 0xff, 0xff,
    0xff, 0xff, 0xff, 0xff, 0xff, 0x76, 0xa0, 0xff,
    0xff, 0xff, 0xff, 0xf0, 0x0, 0x0, 0x0, 0x7,
    0x7b, 0xf4, 0xff, 0xff, 0xff, 0xff, 0xff, 0xff,
    0xff, 0xe5, 0xa, 0xa0, 0xff, 0xff, 0xff, 0xff,
    0xf0, 0x0, 0x0, 0x4f, 0xdd, 0xff, 0xff, 0xff,
    0xff, 0xff, 0xff, 0xff, 0xff, 0xfc, 0x4d, 0x0,
    0xa0, 0xff, 0xff, 0xff, 0xff, 0xf0, 0x29, 0xba,
    0xff, 0xff, 0xff, 0xff, 0xff, 0xff, 0xff, 0xff,
    0xff, 0xdf, 0x45, 0x0, 0x0, 0x98, 0xff, 0xff,
    0xff, 0xff, 0xff, 0xff, 0xff, 0xff, 0xff, 0xff,
    0xff, 0xff, 0xff, 0xff, 0xf5, 0x7e, 0x8, 0x0,
    0x0, 0x0, 0x75, 0xff, 0xff, 0xff, 0xff, 0xff,
    0xff, 0xff, 0xff, 0xff, 0xff, 0xff, 0xff, 0xff,
    0xa9, 0x1d, 0x0, 0x0, 0x0, 0x0, 0x0, 0x1e,
    0xf5, 0xff, 0xfa, 0xff, 0xff, 0xff, 0xff, 0xff,
    0xff, 0xff, 0xff, 0xd0, 0x3f, 0x0, 0x0, 0x0,
    0x0, 0x0, 0x0, 0x0, 0x0, 0x4c, 0xef, 0xff,
    0xff, 0xff, 0xff, 0xff, 0xff, 0xff, 0xec, 0x6a,
    0x3, 0x0, 0x0, 0x0, 0x0, 0x0, 0x0, 0x0,
    0x0, 0x0, 0x0, 0x14, 0x98, 0xf9, 0xff, 0xff,
    0xff, 0xfc, 0x95, 0x12, 0x0, 0x0, 0x0, 0x0,
    0x0, 0x0, 0x0, 0x0, 0x0, 0x0, 0x0, 0x0,
    0x0, 0x0, 0x2b, 0x94, 0xb2, 0x88, 0x23, 0x0,
    0x0, 0x0, 0x0, 0x0, 0x0, 0x0, 0x0, 0x0,
    0x0, 0x0, 0x0,

    /* U+0041 "A" */
    0x0, 0x0, 0x0, 0x0, 0x0, 0x0, 0x0, 0x0,
    0x0, 0x0, 0x0, 0x0, 0x0, 0x0, 0x0, 0x0,
    0x0, 0x0, 0x0, 0x0, 0x0, 0x0, 0x0, 0x0,
    0x0, 0x4d, 0xd2, 0xf3, 0x86, 0xc, 0x0, 0x0,
    0x0, 0x0, 0x0, 0x0, 0x0, 0x0, 0x0, 0x27,
    0xb7, 0xff, 0xff, 0xff, 0xff, 0xe5, 0x59, 0x0,
    0x0, 0x0, 0x0, 0x0, 0x0, 0xe, 0x8c, 0xfa,
    0xff, 0xff, 0xff, 0xff, 0xff, 0xff, 0xff, 0x55,
    0x0, 0x0, 0x0, 0x1, 0x60, 0xe8, 0xff, 0xff,
    0xff, 0xff, 0xff, 0xff, 0xff, 0xff, 0xff, 0x9b,
    0x0, 0x0, 0x27, 0xc9, 0xff, 0xff, 0xff, 0xff,
    0xff, 0xff, 0xff, 0xff, 0xff, 0xff, 0xff, 0xa4,
    0x0, 0x22, 0xeb, 0xff, 0xff, 0xff, 0xff, 0xff,
    0xff, 0xff, 0xff, 0xff, 0xff, 0xff, 0xff, 0xa4,
    0x0, 0xb5, 0xff, 0xff, 0xff, 0xff, 0xff, 0xff,
    0xff, 0xfd, 0xff, 0xff, 0xff, 0xff, 0xff, 0xa4,
    0x3e, 0xff, 0xff, 0xff, 0xff, 0xff, 0xff, 0xff,
    0xc3, 0x31, 0xec, 0xff, 0xff, 0xff, 0xff, 0xa4,
    0x88, 0xff, 0xff, 0xff, 0xff, 0xff, 0xe4, 0x5a,
    0x0, 0x0, 0xec, 0xff, 0xff, 0xff, 0xff, 0xa4,
    0x9f, 0xff, 0xff, 0xff, 0xff, 0xf3, 0xb, 0x0,
    0x0, 0x0, 0xec, 0xff, 0xff, 0xff, 0xff, 0xa4,
    0xa0, 0xff, 0xff, 0xff, 0xff, 0xf0, 0x0, 0x0,
    0x0, 0x0, 0xec, 0xff, 0xff, 0xff, 0xff, 0xa4,
    0xa0, 0xff, 0xff, 0xff, 0xff, 0xf0, 0x0, 0x0,
    0x0, 0x0, 0xec, 0xff, 0xff, 0xff, 0xff, 0xa4,
    0xa0, 0xff, 0xff, 0xff, 0xff, 0xf0, 0x0, 0x0,
    0x0, 0x0, 0xec, 0xff, 0xff, 0xff, 0xff, 0xa4,
    0xa0, 0xff, 0xff, 0xff, 0xff, 0xf0, 0x0, 0x0,
    0x0, 0x0, 0xec, 0xff, 0xff, 0xff, 0xff, 0xa4,
    0xa0, 0xff, 0xff, 0xff, 0xff, 0xf0, 0x0, 0x0,
    0x0, 0x1a, 0xf3, 0xff, 0xff, 0xff, 0xff, 0xa4,
    0xa0, 0xff, 0xff, 0xff, 0xff, 0xf0, 0x0, 0x6,
    0x77, 0xf3, 0xff, 0xff, 0xff, 0xff, 0xff, 0xa4,
    0xa0, 0xff, 0xff, 0xff, 0xff, 0xf0, 0x4c, 0xdb,
    0xff, 0xff, 0xff, 0xff, 0xff, 0xff, 0xff, 0xa4,
    0xa0, 0xff, 0xff, 0xff, 0xff, 0xff, 0xff, 0xff,
    0xff, 0xff, 0xff, 0xff, 0xff, 0xff, 0xff, 0xa4,
    0xa0, 0xff, 0xff, 0xff, 0xff, 0xff, 0xff, 0xff,
    0xff, 0xff, 0xff, 0xff, 0xff, 0xff, 0xff, 0xa4,
    0xa0, 0xff, 0xff, 0xff, 0xff, 0xff, 0xff, 0xff,
    0xff, 0xff, 0xff, 0xff, 0xff, 0xff, 0xff, 0xa4,
    0xa0, 0xff, 0xff, 0xff, 0xff, 0xff, 0xff, 0xff,
    0xff, 0xff, 0xff, 0xff, 0xff, 0xff, 0xff, 0xa4,
    0xa0, 0xff, 0xff, 0xff, 0xff, 0xff, 0xff, 0xff,
    0xef, 0x6f, 0xf0, 0xff, 0xff, 0xff, 0xff, 0xa4,
    0xa0, 0xff, 0xff, 0xff, 0xff, 0xff, 0xfd, 0x9a,
    0x15, 0x0, 0xec, 0xff, 0xff, 0xff, 0xff, 0xa4,
    0xa0, 0xff, 0xff, 0xff, 0xff, 0xf7, 0x32, 0x0,
    0x0, 0x0, 0xec, 0xff, 0xff, 0xff, 0xff, 0xa4,
    0xa0, 0xff, 0xff, 0xff, 0xff, 0xf0, 0x0, 0x0,
    0x0, 0x0, 0x8d, 0xfc, 0xff, 0xff, 0xec, 0x54,
    0xa0, 0xff, 0xff, 0xff, 0xff, 0xf0, 0x0, 0x0,
    0x0, 0x0, 0x0, 0x2c, 0xbb, 0x94, 0x12, 0x0,
    0xa0, 0xff, 0xff, 0xff, 0xff, 0xf0, 0x0, 0x0,
    0x0, 0x0, 0x0, 0x0, 0x0, 0x0, 0x0, 0x0,
    0xa0, 0xff, 0xff, 0xff, 0xff, 0xf0, 0x0, 0x0,
    0x0, 0x0, 0x0, 0x0, 0x0, 0x0, 0x0, 0x0,
    0xa0, 0xff, 0xff, 0xff, 0xff, 0xf0, 0x0, 0x0,
    0x0, 0x0, 0x0, 0x0, 0x0, 0x0, 0x0, 0x0,
    0xa0, 0xff, 0xff, 0xff, 0xff, 0xf0, 0x0, 0x0,
    0x0, 0x0, 0x0, 0x0, 0x0, 0x0, 0x0, 0x0,
    0x1d, 0xa9, 0xff, 0xff, 0xd3, 0x41, 0x0, 0x0,
    0x0, 0x0, 0x0, 0x0, 0x0, 0x0, 0x0, 0x0,
    0x0, 0x0, 0x3e, 0x69, 0x3, 0x0, 0x0, 0x0,
    0x0, 0x0, 0x0, 0x0, 0x0, 0x0, 0x0, 0x0,

    /* U+0042 "B" */
    0x0, 0x0, 0x0, 0x0, 0x0, 0x0, 0x0, 0x0,
    0x0, 0x0, 0x2, 0x22, 0x2, 0x0, 0x0, 0x0,
    0x0, 0x0, 0x0, 0x0, 0x0, 0x0, 0x0, 0x0,
    0x0, 0x4b, 0xd8, 0xff, 0xd6, 0x43, 0x0, 0x0,
    0x0, 0x0, 0x0, 0x0, 0x0, 0x0, 0x0, 0x26,
    0xb6, 0xff, 0xff, 0xff, 0xff, 0xff, 0xac, 0x13,
    0x0, 0x0, 0x0, 0x0, 0x0, 0xd, 0x8a, 0xfa,
    0xff, 0xff, 0xff, 0xff, 0xff, 0xff, 0xff, 0xab,
    0x0, 0x0, 0x0, 0x1, 0x60, 0xe7, 0xff, 0xff,
    0xff, 0xff, 0xff, 0xff, 0xff, 0xff, 0xff, 0xdf,
    0x0, 0x0, 0x37, 0xc9, 0xff, 0xff, 0xff, 0xff,
    0xff, 0xff, 0xff, 0xff, 0xff, 0xff, 0xff, 0xe4,
    0x18, 0x9f, 0xfe, 0xff, 0xff, 0xff, 0xff, 0xff,
    0xff, 0xff, 0xff, 0xff, 0xff, 0xff, 0xff, 0xe4,
    0x9f, 0xff, 0xff, 0xff, 0xff, 0xff, 0xff, 0xff,
    0xff, 0xfd, 0xff, 0xff, 0xff, 0xff, 0xff, 0xe4,
    0xa0, 0xff, 0xff, 0xff, 0xff, 0xff, 0xff, 0xff,
    0xc4, 0x32, 0xa4, 0xff, 0xff, 0xff, 0xff, 0xe3,
    0xa0, 0xff, 0xff, 0xff, 0xff, 0xff, 0xe4, 0x5b,
    0x0, 0x0, 0xa4, 0xff, 0xff, 0xff, 0xff, 0xd4,
    0xa0, 0xff, 0xff, 0xff, 0xff, 0xf3, 0xb, 0x0,
    0x0, 0x0, 0xa4, 0xff, 0xff, 0xff, 0xff, 0x94,
    0xa0, 0xff, 0xff, 0xff, 0xff, 0xf0, 0x0, 0x0,
    0x0, 0x0, 0xa6, 0xff, 0xff, 0xff, 0xf8, 0x20,
    0xa0, 0xff, 0xff, 0xff, 0xff, 0xf0, 0x0, 0x0,
    0x0, 0x4b, 0xff, 0xff, 0xff, 0xff, 0x83, 0x0,
    0xa0, 0xff, 0xff, 0xff, 0xff, 0xf0, 0x0, 0x25,
    0xb5, 0xff, 0xff, 0xff, 0xff, 0xff, 0xaa, 0x11,
    0xa0, 0xff, 0xff, 0xff, 0xff, 0xfc, 0x89, 0xf9,
    0xff, 0xff, 0xff, 0xff, 0xff, 0xff, 0xff, 0xa9,
    0xa0, 0xff, 0xff, 0xff, 0xff, 0xff, 0xff, 0xff,
    0xff, 0xff, 0xff, 0xff, 0xff, 0xff, 0xff, 0xdf,
    0xa0, 0xff, 0xff, 0xff, 0xff, 0xff, 0xff, 0xff,
    0xff, 0xff, 0xff, 0xff, 0xff, 0xff, 0xff, 0xe4,
    0xa0, 0xff, 0xff, 0xff, 0xff, 0xff, 0xff, 0xff,
    0xff, 0xff, 0xff, 0xff, 0xff, 0xff, 0xff, 0xe4,
    0xa0, 0xff, 0xff, 0xff, 0xff, 0xff, 0xff, 0xff,
    0xff, 0xfd, 0xff, 0xff, 0xff, 0xff, 0xff, 0xe4,
    0xa0, 0xff, 0xff, 0xff, 0xff, 0xff, 0xff, 0xff,
    0xc6, 0x34, 0xa4, 0xff, 0xff, 0xff, 0xff, 0xe4,
    0xa0, 0xff, 0xff, 0xff, 0xff, 0xff, 0xe6, 0x5e,
    0x1, 0x0, 0xa4, 0xff, 0xff, 0xff, 0xff, 0xe4,
    0xa0, 0xff, 0xff, 0xff, 0xff, 0xf4, 0xd, 0x0,
    0x0, 0x0, 0xa5, 0xff, 0xff, 0xff, 0xff, 0xe3,
    0xa0, 0xff, 0xff, 0xff, 0xff, 0xf0, 0x0, 0x0,
    0x11, 0x93, 0xfc, 0xff, 0xff, 0xff, 0xff, 0xd2,
    0xa0, 0xff, 0xff, 0xff, 0xff, 0xf0, 0x2, 0x67,
    0xeb, 0xff, 0xff, 0xff, 0xff, 0xff, 0xff, 0x92,
    0xa0, 0xff, 0xff, 0xff, 0xff, 0xff, 0xce, 0xff,
    0xff, 0xff, 0xff, 0xff, 0xff, 0xff, 0xf7, 0x1f,
    0xa0, 0xff, 0xff, 0xff, 0xff, 0xff, 0xff, 0xff,
    0xff, 0xff, 0xff, 0xff, 0xff, 0xff, 0x7d, 0x0,
    0xa0, 0xff, 0xff, 0xff, 0xff, 0xff, 0xff, 0xff,
    0xff, 0xff, 0xff, 0xff, 0xfc, 0x84, 0x1, 0x0,
    0xa0, 0xff, 0xff, 0xff, 0xff, 0xff, 0xff, 0xff,
    0xff, 0xff, 0xff, 0xbd, 0x2c, 0x0, 0x0, 0x0,
    0xa0, 0xff, 0xff, 0xff, 0xff, 0xff, 0xff, 0xff,
    0xff, 0xdf, 0x53, 0x0, 0x0, 0x0, 0x0, 0x0,
    0xa0, 0xff, 0xff, 0xff, 0xff, 0xf1, 0x63, 0xb6,
    0x77, 0x8, 0x0, 0x0, 0x0, 0x0, 0x0, 0x0,
    0xa0, 0xff, 0xff, 0xff, 0xff, 0xf0, 0x0, 0x0,
    0x0, 0x0, 0x0, 0x0, 0x0, 0x0, 0x0, 0x0,
    0x1d, 0xa9, 0xff, 0xff, 0xd3, 0x41, 0x0, 0x0,
    0x0, 0x0, 0x0, 0x0, 0x0, 0x0, 0x0, 0x0,
    0x0, 0x0, 0x3e, 0x69, 0x3, 0x0, 0x0, 0x0,
    0x0, 0x0, 0x0, 0x0, 0x0, 0x0, 0x0, 0x0,

    /* U+0043 "C" */
    0x0, 0x0, 0x0, 0x0, 0x0, 0x0, 0x0, 0x0,
    0x0, 0x0, 0x0, 0x0, 0x0, 0x0, 0x0, 0x0,
    0x0, 0x0, 0x0, 0x0, 0x0, 0x0, 0x0, 0x0,
    0x0, 0x4d, 0xd2, 0xf3, 0x86, 0xc, 0x0, 0x0,
    0x0, 0x0, 0x0, 0x0, 0x0, 0x0, 0x0, 0x27,
    0xb7, 0xff, 0xff, 0xff, 0xff, 0xe5, 0x59, 0x0,
    0x0, 0x0, 0x0, 0x0, 0x0, 0xe, 0x8c, 0xfa,
    0xff, 0xff, 0xff, 0xff, 0xff, 0xff, 0xff, 0x55,
    0x0, 0x0, 0x0, 0x1, 0x60, 0xe8, 0xff, 0xff,
    0xff, 0xff, 0xff, 0xff, 0xff, 0xff, 0xff, 0x9b,
    0x0, 0x0, 0x27, 0xc9, 0xff, 0xff, 0xff, 0xff,
    0xff, 0xff, 0xff, 0xff, 0xff, 0xff, 0xff, 0xa4,
    0x0, 0x22, 0xeb, 0xff, 0xff, 0xff, 0xff, 0xff,
    0xff, 0xff, 0xff, 0xff, 0xff, 0xff, 0xff, 0xa4,
    0x0, 0xb5, 0xff, 0xff, 0xff, 0xff, 0xff, 0xff,
    0xff, 0xfd, 0xff, 0xff, 0xff, 0xff, 0xff, 0x9e,
    0x3e, 0xff, 0xff, 0xff, 0xff, 0xff, 0xff, 0xff,
    0xc3, 0x31, 0x1f, 0xab, 0xff, 0xf6, 0x81, 0xa,
    0x88, 0xff, 0xff, 0xff, 0xff, 0xff, 0xe4, 0x5a,
    0x0, 0x0, 0x0, 0x0, 0x3c, 0x1e, 0x0, 0x0,
    0x9f, 0xff, 0xff, 0xff, 0xff, 0xf3, 0xb, 0x0,
    0x0, 0x0, 0x0, 0x0, 0x0, 0x0, 0x0, 0x0,
    0xa0, 0xff, 0xff, 0xff, 0xff, 0xf0, 0x0, 0x0,
    0x0, 0x0, 0x0, 0x0, 0x0, 0x0, 0x0, 0x0,
    0xa0, 0xff, 0xff, 0xff, 0xff, 0xf0, 0x0, 0x0,
    0x0, 0x0, 0x0, 0x0, 0x0, 0x0, 0x0, 0x0,
    0xa0, 0xff, 0xff, 0xff, 0xff, 0xf0, 0x0, 0x0,
    0x0, 0x0, 0x0, 0x0, 0x0, 0x0, 0x0, 0x0,
    0xa0, 0xff, 0xff, 0xff, 0xff, 0xf0, 0x0, 0x0,
    0x0, 0x0, 0x0, 0x0, 0x0, 0x0, 0x0, 0x0,
    0xa0, 0xff, 0xff, 0xff, 0xff, 0xf0, 0x0, 0x0,
    0x0, 0x0, 0x0, 0x0, 0x0, 0x0, 0x0, 0x0,
    0xa0, 0xff, 0xff, 0xff, 0xff, 0xf0, 0x0, 0x0,
    0x0, 0x0, 0x0, 0x0, 0x0, 0x0, 0x0, 0x0,
    0xa0, 0xff, 0xff, 0xff, 0xff, 0xf0, 0x0, 0x0,
    0x0, 0x0, 0x0, 0x0, 0x0, 0x0, 0x0, 0x0,
    0xa0, 0xff, 0xff, 0xff, 0xff, 0xf0, 0x0, 0x0,
    0x0, 0x0, 0x0, 0x0, 0x40, 0x21, 0x0, 0x0,
    0xa0, 0xff, 0xff, 0xff, 0xff, 0xf0, 0x0, 0x0,
    0x0, 0x0, 0x21, 0xae, 0xff, 0xf7, 0x84, 0xb,
    0xa0, 0xff, 0xff, 0xff, 0xff, 0xf0, 0x0, 0x0,
    0x0, 0x0, 0xe7, 0xff, 0xff, 0xff, 0xff, 0x9f,
    0xa0, 0xff, 0xff, 0xff, 0xff, 0xf0, 0x0, 0x0,
    0x0, 0x0, 0xec, 0xff, 0xff, 0xff, 0xff, 0xa4,
    0xa0, 0xff, 0xff, 0xff, 0xff, 0xf0, 0x0, 0x0,
    0x0, 0x0, 0xec, 0xff, 0xff, 0xff, 0xff, 0xa4,
    0xa0, 0xff, 0xff, 0xff, 0xff, 0xf0, 0x0, 0x0,
    0x0, 0x45, 0xf7, 0xff, 0xff, 0xff, 0xff, 0x9e,
    0xa0, 0xff, 0xff, 0xff, 0xff, 0xf0, 0x0, 0x21,
    0xaf, 0xff, 0xff, 0xff, 0xff, 0xff, 0xff, 0x74,
    0xa0, 0xff, 0xff, 0xff, 0xff, 0xfb, 0x84, 0xf8,
    0xff, 0xff, 0xff, 0xff, 0xff, 0xff, 0xf5, 0x1a,
    0xa0, 0xff, 0xff, 0xff, 0xff, 0xff, 0xff, 0xff,
    0xff, 0xff, 0xff, 0xff, 0xff, 0xff, 0x80, 0x0,
    0xa0, 0xff, 0xff, 0xff, 0xff, 0xff, 0xff, 0xff,
    0xff, 0xff, 0xff, 0xff, 0xff, 0xb9, 0x6, 0x0,
    0xa0, 0xff, 0xff, 0xff, 0xff, 0xff, 0xff, 0xff,
    0xff, 0xff, 0xff, 0xf2, 0x75, 0x3, 0x0, 0x0,
    0x8a, 0xff, 0xff, 0xff, 0xff, 0xff, 0xff, 0xff,
    0xff, 0xfe, 0xa1, 0x18, 0x0, 0x0, 0x0, 0x0,
    0x2a, 0xec, 0xff, 0xff, 0xff, 0xff, 0xff, 0xff,
    0xca, 0x38, 0x0, 0x0, 0x0, 0x0, 0x0, 0x0,
    0x0, 0x14, 0x99, 0xfd, 0xff, 0xff, 0xe8, 0x62,
    0x1, 0x0, 0x0, 0x0, 0x0, 0x0, 0x0, 0x0,
    0x0, 0x0, 0x0, 0x2f, 0x99, 0x7b, 0xe, 0x0,
    0x0, 0x0, 0x0, 0x0, 0x0, 0x0, 0x0, 0x0,

    /* U+0044 "D" */
    0x0, 0x0, 0x0, 0x0, 0x0, 0x0, 0x0, 0x0,
    0x0, 0x0, 0x2, 0x22, 0x2, 0x0, 0x0, 0x0,
    0x0, 0x0, 0x0, 0x0, 0x0, 0x0, 0x0, 0x0,
    0x0, 0x4b, 0xd8, 0xff, 0xd6, 0x43, 0x0, 0x0,
    0x0, 0x0, 0x0, 0x0, 0x0, 0x0, 0x0, 0x26,
    0xb6, 0xff, 0xff, 0xff, 0xff, 0xff, 0xac, 0x13,
    0x0, 0x0, 0x0, 0x0, 0x0, 0xd, 0x8a, 0xfa,
    0xff, 0xff, 0xff, 0xff, 0xff, 0xff, 0xff, 0xab,
    0x0, 0x0, 0x0, 0x1, 0x60, 0xe7, 0xff, 0xff,
    0xff, 0xff, 0xff, 0xff, 0xff, 0xff, 0xff, 0xdf,
    0x0, 0x0, 0x37, 0xc9, 0xff, 0xff, 0xff, 0xff,
    0xff, 0xff, 0xff, 0xff, 0xff, 0xff, 0xff, 0xe4,
    0x18, 0x9f, 0xfe, 0xff, 0xff, 0xff, 0xff, 0xff,
    0xff, 0xff, 0xff, 0xff, 0xff, 0xff, 0xff, 0xe4,
    0x9f, 0xff, 0xff, 0xff, 0xff, 0xff, 0xff, 0xff,
    0xff, 0xfd, 0xff, 0xff, 0xff, 0xff, 0xff, 0xe4,
    0xa0, 0xff, 0xff, 0xff, 0xff, 0xff, 0xff, 0xff,
    0xc4, 0x32, 0xa4, 0xff, 0xff, 0xff, 0xff, 0xe4,
    0xa0, 0xff, 0xff, 0xff, 0xff, 0xff, 0xe4, 0x5b,
    0x0, 0x0, 0xa4, 0xff, 0xff, 0xff, 0xff, 0xe4,
    0xa0, 0xff, 0xff, 0xff, 0xff, 0xf3, 0xb, 0x0,
    0x0, 0x0, 0xa4, 0xff, 0xff, 0xff, 0xff, 0xe4,
    0xa0, 0xff, 0xff, 0xff, 0xff, 0xf0, 0x0, 0x0,
    0x0, 0x0, 0xa4, 0xff, 0xff, 0xff, 0xff, 0xe4,
    0xa0, 0xff, 0xff, 0xff, 0xff, 0xf0, 0x0, 0x0,
    0x0, 0x0, 0xa4, 0xff, 0xff, 0xff, 0xff, 0xe4,
    0xa0, 0xff, 0xff, 0xff, 0xff, 0xf0, 0x0, 0x0,
    0x0, 0x0, 0xa4, 0xff, 0xff, 0xff, 0xff, 0xe4,
    0xa0, 0xff, 0xff, 0xff, 0xff, 0xf0, 0x0, 0x0,
    0x0, 0x0, 0xa4, 0xff, 0xff, 0xff, 0xff, 0xe4,
    0xa0, 0xff, 0xff, 0xff, 0xff, 0xf0, 0x0, 0x0,
    0x0, 0x0, 0xa4, 0xff, 0xff, 0xff, 0xff, 0xe4,
    0xa0, 0xff, 0xff, 0xff, 0xff, 0xf0, 0x0, 0x0,
    0x0, 0x0, 0xa4, 0xff, 0xff, 0xff, 0xff, 0xe4,
    0xa0, 0xff, 0xff, 0xff, 0xff, 0xf0, 0x0, 0x0,
    0x0, 0x0, 0xa4, 0xff, 0xff, 0xff, 0xff, 0xe4,
    0xa0, 0xff, 0xff, 0xff, 0xff, 0xf0, 0x0, 0x0,
    0x0, 0x0, 0xa4, 0xff, 0xff, 0xff, 0xff, 0xe4,
    0xa0, 0xff, 0xff, 0xff, 0xff, 0xf0, 0x0, 0x0,
    0x0, 0x0, 0xa4, 0xff, 0xff, 0xff, 0xff, 0xe4,
    0xa0, 0xff, 0xff, 0xff, 0xff, 0xf0, 0x0, 0x0,
    0x0, 0x0, 0xa4, 0xff, 0xff, 0xff, 0xff, 0xe4,
    0xa0, 0xff, 0xff, 0xff, 0xff, 0xf0, 0x0, 0x0,
    0x0, 0x0, 0xa5, 0xff, 0xff, 0xff, 0xff, 0xe3,
    0xa0, 0xff, 0xff, 0xff, 0xff, 0xf0, 0x0, 0x0,
    0x11, 0x93, 0xfc, 0xff, 0xff, 0xff, 0xff, 0xd2,
    0xa0, 0xff, 0xff, 0xff, 0xff, 0xf0, 0x2, 0x67,
    0xeb, 0xff, 0xff, 0xff, 0xff, 0xff, 0xff, 0x92,
    0xa0, 0xff, 0xff, 0xff, 0xff, 0xff, 0xce, 0xff,
    0xff, 0xff, 0xff, 0xff, 0xff, 0xff, 0xf7, 0x1f,
    0xa0, 0xff, 0xff, 0xff, 0xff, 0xff, 0xff, 0xff,
    0xff, 0xff, 0xff, 0xff, 0xff, 0xff, 0x7d, 0x0,
    0xa0, 0xff, 0xff, 0xff, 0xff, 0xff, 0xff, 0xff,
    0xff, 0xff, 0xff, 0xff, 0xfc, 0x84, 0x1, 0x0,
    0xa0, 0xff, 0xff, 0xff, 0xff, 0xff, 0xff, 0xff,
    0xff, 0xff, 0xff, 0xbd, 0x2c, 0x0, 0x0, 0x0,
    0xa0, 0xff, 0xff, 0xff, 0xff, 0xff, 0xff, 0xff,
    0xff, 0xdf, 0x53, 0x0, 0x0, 0x0, 0x0, 0x0,
    0xa0, 0xff, 0xff, 0xff, 0xff, 0xf1, 0x63, 0xb6,
    0x77, 0x8, 0x0, 0x0, 0x0, 0x0, 0x0, 0x0,
    0xa0, 0xff, 0xff, 0xff, 0xff, 0xf0, 0x0, 0x0,
    0x0, 0x0, 0x0, 0x0, 0x0, 0x0, 0x0, 0x0,
    0x1d, 0xa9, 0xff, 0xff, 0xd3, 0x41, 0x0, 0x0,
    0x0, 0x0, 0x0, 0x0, 0x0, 0x0, 0x0, 0x0,
    0x0, 0x0, 0x3e, 0x69, 0x3, 0x0, 0x0, 0x0,
    0x0, 0x0, 0x0, 0x0, 0x0, 0x0, 0x0, 0x0,

    /* U+0045 "E" */
    0x0, 0x0, 0x0, 0x0, 0x0, 0x0, 0x0, 0x0,
    0x0, 0x0, 0x0, 0x2f, 0xbf, 0x97, 0x13, 0x0,
    0x0, 0x0, 0x0, 0x0, 0x0, 0x0, 0x0, 0x0,
    0x0, 0x13, 0x96, 0xfc, 0xff, 0xff, 0xee, 0x56,
    0x0, 0x0, 0x0, 0x0, 0x0, 0x0, 0x0, 0x3,
    0x6b, 0xed, 0xff, 0xff, 0xff, 0xff, 0xff, 0xa4,
    0x0, 0x0, 0x0, 0x0, 0x0, 0x0, 0x40, 0xd2,
    0xff, 0xff, 0xff, 0xff, 0xff, 0xff, 0xff, 0xa4,
    0x0, 0x0, 0x0, 0x0, 0x1e, 0xaa, 0xff, 0xff,
    0xff, 0xff, 0xff, 0xff, 0xff, 0xff, 0xff, 0xa1,
    0x0, 0x0, 0x5, 0x7e, 0xf6, 0xff, 0xff, 0xff,
    0xff, 0xff, 0xff, 0xff, 0xff, 0xfb, 0x8f, 0xf,
    0x0, 0x9, 0xc1, 0xff, 0xff, 0xff, 0xff, 0xff,
    0xff, 0xff, 0xff, 0xff, 0xba, 0x29, 0x0, 0x0,
    0x0, 0x89, 0xff, 0xff, 0xff, 0xff, 0xff, 0xff,
    0xff, 0xff, 0xdd, 0x50, 0x0, 0x0, 0x0, 0x0,
    0x21, 0xf9, 0xff, 0xff, 0xff, 0xff, 0xff, 0xff,
    0xf4, 0x7b, 0x7, 0x0, 0x0, 0x0, 0x0, 0x0,
    0x78, 0xff, 0xff, 0xff, 0xff, 0xff, 0xff, 0xa7,
    0x1c, 0x0, 0x0, 0x0, 0x0, 0x0, 0x0, 0x0,
    0x9b, 0xff, 0xff, 0xff, 0xff, 0xf8, 0x3c, 0x0,
    0x0, 0x0, 0x0, 0x1, 0x5f, 0x39, 0x0, 0x0,
    0xa0, 0xff, 0xff, 0xff, 0xff, 0xf0, 0x0, 0x0,
    0x0, 0x0, 0x38, 0xcb, 0xff, 0xff, 0xa4, 0x1b,
    0xa0, 0xff, 0xff, 0xff, 0xff, 0xf0, 0x0, 0x0,
    0x1a, 0xa2, 0xfe, 0xff, 0xff, 0xff, 0xff, 0xa3,
    0xa0, 0xff, 0xff, 0xff, 0xff, 0xf0, 0x6, 0x77,
    0xf3, 0xff, 0xff, 0xff, 0xff, 0xff, 0xff, 0xa4,
    0xa0, 0xff, 0xff, 0xff, 0xff, 0xff, 0xdc, 0xff,
    0xff, 0xff, 0xff, 0xff, 0xff, 0xff, 0xff, 0xa4,
    0xa0, 0xff, 0xff, 0xff, 0xff, 0xff, 0xff, 0xff,
    0xff, 0xff, 0xff, 0xff, 0xff, 0xff, 0xe3, 0x4a,
    0xa0, 0xff, 0xff, 0xff, 0xff, 0xff, 0xff, 0xff,
    0xff, 0xff, 0xff, 0xff, 0xf7, 0x84, 0xa, 0x0,
    0xa0, 0xff, 0xff, 0xff, 0xff, 0xff, 0xff, 0xff,
    0xff, 0xff, 0xff, 0xae, 0x21, 0x0, 0x0, 0x0,
    0xa0, 0xff, 0xff, 0xff, 0xff, 0xff, 0xff, 0xff,
    0xff, 0xd4, 0x43, 0x0, 0x0, 0x0, 0x0, 0x0,
    0xa0, 0xff, 0xff, 0xff, 0xff, 0xff, 0xff, 0xee,
    0x6e, 0x4, 0x0, 0x0, 0x0, 0x0, 0x0, 0x0,
    0xa0, 0xff, 0xff, 0xff, 0xff, 0xfe, 0x98, 0x14,
    0x0, 0x0, 0x0, 0x0, 0x12, 0x4, 0x0, 0x0,
    0xa0, 0xff, 0xff, 0xff, 0xff, 0xf0, 0x0, 0x0,
    0x0, 0x0, 0x4, 0x70, 0xf0, 0xd6, 0x46, 0x0,
    0xa0, 0xff, 0xff, 0xff, 0xff, 0xf0, 0x0, 0x0,
    0x0, 0x45, 0xd6, 0xff, 0xff, 0xff, 0xff, 0x82,
    0xa0, 0xff, 0xff, 0xff, 0xff, 0xf0, 0x0, 0x21,
    0xaf, 0xff, 0xff, 0xff, 0xff, 0xff, 0xff, 0xa4,
    0xa0, 0xff, 0xff, 0xff, 0xff, 0xfb, 0x84, 0xf8,
    0xff, 0xff, 0xff, 0xff, 0xff, 0xff, 0xff, 0xa4,
    0xa0, 0xff, 0xff, 0xff, 0xff, 0xff, 0xff, 0xff,
    0xff, 0xff, 0xff, 0xff, 0xff, 0xff, 0xff, 0x85,
    0xa0, 0xff, 0xff, 0xff, 0xff, 0xff, 0xff, 0xff,
    0xff, 0xff, 0xff, 0xff, 0xff, 0xda, 0x4a, 0x0,
    0xa0, 0xff, 0xff, 0xff, 0xff, 0xff, 0xff, 0xff,
    0xff, 0xff, 0xff, 0xf2, 0x76, 0x6, 0x0, 0x0,
    0x8a, 0xff, 0xff, 0xff, 0xff, 0xff, 0xff, 0xff,
    0xff, 0xfe, 0xa2, 0x18, 0x0, 0x0, 0x0, 0x0,
    0x2a, 0xec, 0xff, 0xff, 0xff, 0xff, 0xff, 0xff,
    0xca, 0x38, 0x0, 0x0, 0x0, 0x0, 0x0, 0x0,
    0x0, 0x14, 0x99, 0xfd, 0xff, 0xff, 0xe9, 0x63,
    0x1, 0x0, 0x0, 0x0, 0x0, 0x0, 0x0, 0x0,
    0x0, 0x0, 0x0, 0x2f, 0x99, 0x7b, 0xe, 0x0,
    0x0, 0x0, 0x0, 0x0, 0x0, 0x0, 0x0, 0x0,

    /* U+0046 "F" */
    0x0, 0x0, 0x0, 0x0, 0x0, 0x0, 0x0, 0x0,
    0x0, 0x0, 0x0, 0x2f, 0xbf, 0x97, 0x13, 0x0,
    0x0, 0x0, 0x0, 0x0, 0x0, 0x0, 0x0, 0x0,
    0x0, 0x13, 0x96, 0xfc, 0xff, 0xff, 0xee, 0x56,
    0x0, 0x0, 0x0, 0x0, 0x0, 0x0, 0x0, 0x3,
    0x6b, 0xed, 0xff, 0xff, 0xff, 0xff, 0xff, 0xa4,
    0x0, 0x0, 0x0, 0x0, 0x0, 0x0, 0x40, 0xd2,
    0xff, 0xff, 0xff, 0xff, 0xff, 0xff, 0xff, 0xa4,
    0x0, 0x0, 0x0, 0x0, 0x1e, 0xaa, 0xff, 0xff,
    0xff, 0xff, 0xff, 0xff, 0xff, 0xff, 0xff, 0xa1,
    0x0, 0x0, 0x5, 0x7e, 0xf6, 0xff, 0xff, 0xff,
    0xff, 0xff, 0xff, 0xff, 0xff, 0xfb, 0x8f, 0xf,
    0x0, 0x9, 0xc1, 0xff, 0xff, 0xff, 0xff, 0xff,
    0xff, 0xff, 0xff, 0xff, 0xba, 0x29, 0x0, 0x0,
    0x0, 0x89, 0xff, 0xff, 0xff, 0xff, 0xff, 0xff,
    0xff, 0xff, 0xdd, 0x50, 0x0, 0x0, 0x0, 0x0,
    0x21, 0xf9, 0xff, 0xff, 0xff, 0xff, 0xff, 0xff,
    0xf4, 0x7b, 0x7, 0x0, 0x0, 0x0, 0x0, 0x0,
    0x78, 0xff, 0xff, 0xff, 0xff, 0xff, 0xff, 0xa7,
    0x1c, 0x0, 0x0, 0x0, 0x0, 0x0, 0x0, 0x0,
    0x9b, 0xff, 0xff, 0xff, 0xff, 0xf8, 0x3c, 0x0,
    0x0, 0x0, 0x0, 0x0, 0x0, 0x0, 0x0, 0x0,
    0xa0, 0xff, 0xff, 0xff, 0xff, 0xf0, 0x0, 0x0,
    0x0, 0x0, 0x0, 0x3, 0x67, 0x41, 0x0, 0x0,
    0xa0, 0xff, 0xff, 0xff, 0xff, 0xf0, 0x0, 0x0,
    0x0, 0x0, 0x3f, 0xd1, 0xff, 0xff, 0xac, 0x20,
    0xa0, 0xff, 0xff, 0xff, 0xff, 0xf0, 0x0, 0x0,
    0x1d, 0xa9, 0xff, 0xff, 0xff, 0xff, 0xff, 0xa4,
    0xa0, 0xff, 0xff, 0xff, 0xff, 0xf0, 0x8, 0x7d,
    0xf5, 0xff, 0xff, 0xff, 0xff, 0xff, 0xff, 0xa4,
    0xa0, 0xff, 0xff, 0xff, 0xff, 0xff, 0xdf, 0xff,
    0xff, 0xff, 0xff, 0xff, 0xff, 0xff, 0xff, 0xa4,
    0xa0, 0xff, 0xff, 0xff, 0xff, 0xff, 0xff, 0xff,
    0xff, 0xff, 0xff, 0xff, 0xff, 0xff, 0xde, 0x45,
    0xa0, 0xff, 0xff, 0xff, 0xff, 0xff, 0xff, 0xff,
    0xff, 0xff, 0xff, 0xff, 0xf5, 0x7d, 0x8, 0x0,
    0xa0, 0xff, 0xff, 0xff, 0xff, 0xff, 0xff, 0xff,
    0xff, 0xff, 0xff, 0xa8, 0x1c, 0x0, 0x0, 0x0,
    0xa0, 0xff, 0xff, 0xff, 0xff, 0xff, 0xff, 0xff,
    0xff, 0xd0, 0x3e, 0x0, 0x0, 0x0, 0x0, 0x0,
    0xa0, 0xff, 0xff, 0xff, 0xff, 0xff, 0xff, 0xec,
    0x69, 0x2, 0x0, 0x0, 0x0, 0x0, 0x0, 0x0,
    0xa0, 0xff, 0xff, 0xff, 0xff, 0xff, 0x94, 0x11,
    0x0, 0x0, 0x0, 0x0, 0x0, 0x0, 0x0, 0x0,
    0xa0, 0xff, 0xff, 0xff, 0xff, 0xf0, 0x0, 0x0,
    0x0, 0x0, 0x0, 0x0, 0x0, 0x0, 0x0, 0x0,
    0xa0, 0xff, 0xff, 0xff, 0xff, 0xf0, 0x0, 0x0,
    0x0, 0x0, 0x0, 0x0, 0x0, 0x0, 0x0, 0x0,
    0xa0, 0xff, 0xff, 0xff, 0xff, 0xf0, 0x0, 0x0,
    0x0, 0x0, 0x0, 0x0, 0x0, 0x0, 0x0, 0x0,
    0xa0, 0xff, 0xff, 0xff, 0xff, 0xf0, 0x0, 0x0,
    0x0, 0x0, 0x0, 0x0, 0x0, 0x0, 0x0, 0x0,
    0xa0, 0xff, 0xff, 0xff, 0xff, 0xf0, 0x0, 0x0,
    0x0, 0x0, 0x0, 0x0, 0x0, 0x0, 0x0, 0x0,
    0xa0, 0xff, 0xff, 0xff, 0xff, 0xf0, 0x0, 0x0,
    0x0, 0x0, 0x0, 0x0, 0x0, 0x0, 0x0, 0x0,
    0xa0, 0xff, 0xff, 0xff, 0xff, 0xf0, 0x0, 0x0,
    0x0, 0x0, 0x0, 0x0, 0x0, 0x0, 0x0, 0x0,
    0xa0, 0xff, 0xff, 0xff, 0xff, 0xf0, 0x0, 0x0,
    0x0, 0x0, 0x0, 0x0, 0x0, 0x0, 0x0, 0x0,
    0x1d, 0xa9, 0xff, 0xff, 0xd3, 0x41, 0x0, 0x0,
    0x0, 0x0, 0x0, 0x0, 0x0, 0x0, 0x0, 0x0,
    0x0, 0x0, 0x3e, 0x69, 0x3, 0x0, 0x0, 0x0,
    0x0, 0x0, 0x0, 0x0, 0x0, 0x0, 0x0, 0x0,

    /* U+0047 "G" */
    0x0, 0x0, 0x0, 0x0, 0x0, 0x0, 0x0, 0x0,
    0x0, 0x0, 0x0, 0x0, 0x0, 0x0, 0x0, 0x0,
    0x0, 0x0, 0x0, 0x0, 0x0, 0x0, 0x0, 0x0,
    0x0, 0x4d, 0xd2, 0xf3, 0x86, 0xc, 0x0, 0x0,
    0x0, 0x0, 0x0, 0x0, 0x0, 0x0, 0x0, 0x27,
    0xb7, 0xff, 0xff, 0xff, 0xff, 0xe5, 0x59, 0x0,
    0x0, 0x0, 0x0, 0x0, 0x0, 0xe, 0x8c, 0xfa,
    0xff, 0xff, 0xff, 0xff, 0xff, 0xff, 0xff, 0x55,
    0x0, 0x0, 0x0, 0x1, 0x60, 0xe8, 0xff, 0xff,
    0xff, 0xff, 0xff, 0xff, 0xff, 0xff, 0xff, 0x9b,
    0x0, 0x0, 0x27, 0xc9, 0xff, 0xff, 0xff, 0xff,
    0xff, 0xff, 0xff, 0xff, 0xff, 0xff, 0xff, 0xa4,
    0x0, 0x22, 0xeb, 0xff, 0xff, 0xff, 0xff, 0xff,
    0xff, 0xff, 0xff, 0xff, 0xff, 0xff, 0xff, 0xa4,
    0x0, 0xb5, 0xff, 0xff, 0xff, 0xff, 0xff, 0xff,
    0xff, 0xfd, 0xff, 0xff, 0xff, 0xff, 0xff, 0x9e,
    0x3e, 0xff, 0xff, 0xff, 0xff, 0xff, 0xff, 0xff,
    0xc3, 0x31, 0x1f, 0xab, 0xff, 0xf6, 0x81, 0xa,
    0x88, 0xff, 0xff, 0xff, 0xff, 0xff, 0xe4, 0x5a,
    0x0, 0x0, 0x0, 0x0, 0x3c, 0x1e, 0x0, 0x0,
    0x9f, 0xff, 0xff, 0xff, 0xff, 0xf3, 0xb, 0x0,
    0x0, 0x0, 0x0, 0x0, 0x15, 0x5, 0x0, 0x0,
    0xa0, 0xff, 0xff, 0xff, 0xff, 0xf0, 0x0, 0x0,
    0x0, 0x0, 0x5, 0x74, 0xf2, 0xd9, 0x4a, 0x0,
    0xa0, 0xff, 0xff, 0xff, 0xff, 0xf0, 0x0, 0x0,
    0x0, 0x49, 0xd9, 0xff, 0xff, 0xff, 0xff, 0x84,
    0xa0, 0xff, 0xff, 0xff, 0xff, 0xf0, 0x0, 0x24,
    0xb3, 0xff, 0xff, 0xff, 0xff, 0xff, 0xff, 0xa4,
    0xa0, 0xff, 0xff, 0xff, 0xff, 0xf3, 0x88, 0xf9,
    0xff, 0xff, 0xff, 0xff, 0xff, 0xff, 0xff, 0xa4,
    0xa0, 0xff, 0xff, 0xff, 0xff, 0xff, 0xff, 0xff,
    0xff, 0xff, 0xff, 0xff, 0xff, 0xff, 0xff, 0xa4,
    0xa0, 0xff, 0xff, 0xff, 0xff, 0xff, 0xff, 0xff,
    0xff, 0xff, 0xff, 0xff, 0xff, 0xff, 0xff, 0xa4,
    0xa0, 0xff, 0xff, 0xff, 0xff, 0xff, 0xff, 0xff,
    0xff, 0xff, 0xff, 0xff, 0xff, 0xff, 0xff, 0xa4,
    0xa0, 0xff, 0xff, 0xff, 0xff, 0xf1, 0x60, 0xe7,
    0xff, 0xfd, 0xff, 0xff, 0xff, 0xff, 0xff, 0xa4,
    0xa0, 0xff, 0xff, 0xff, 0xff, 0xf0, 0x0, 0xd,
    0x7c, 0x33, 0xec, 0xff, 0xff, 0xff, 0xff, 0xa4,
    0xa0, 0xff, 0xff, 0xff, 0xff, 0xf0, 0x0, 0x0,
    0x0, 0x0, 0xec, 0xff, 0xff, 0xff, 0xff, 0xa4,
    0xa0, 0xff, 0xff, 0xff, 0xff, 0xf0, 0x0, 0x0,
    0x0, 0x0, 0xec, 0xff, 0xff, 0xff, 0xff, 0xa4,
    0xa0, 0xff, 0xff, 0xff, 0xff, 0xf0, 0x0, 0x0,
    0x0, 0x0, 0xec, 0xff, 0xff, 0xff, 0xff, 0xa4,
    0xa0, 0xff, 0xff, 0xff, 0xff, 0xf0, 0x0, 0x0,
    0x0, 0x45, 0xff, 0xff, 0xff, 0xff, 0xff, 0xa4,
    0xa0, 0xff, 0xff, 0xff, 0xff, 0xf0, 0x0, 0x21,
    0xaf, 0xff, 0xff, 0xff, 0xff, 0xff, 0xff, 0xa4,
    0xa0, 0xff, 0xff, 0xff, 0xff, 0xfb, 0x84, 0xf8,
    0xff, 0xff, 0xff, 0xff, 0xff, 0xff, 0xff, 0xa4,
    0xa0, 0xff, 0xff, 0xff, 0xff, 0xff, 0xff, 0xff,
    0xff, 0xff, 0xff, 0xff, 0xff, 0xff, 0xff, 0x85,
    0xa0, 0xff, 0xff, 0xff, 0xff, 0xff, 0xff, 0xff,
    0xff, 0xff, 0xff, 0xff, 0xff, 0xda, 0x4a, 0x0,
    0xa0, 0xff, 0xff, 0xff, 0xff, 0xff, 0xff, 0xff,
    0xff, 0xff, 0xff, 0x84, 0x15, 0x6, 0x0, 0x0,
    0x8a, 0xff, 0xff, 0xff, 0xff, 0xff, 0xff, 0xff,
    0xff, 0xfe, 0x8b, 0x1, 0x0, 0x0, 0x0, 0x0,
    0x2a, 0xec, 0xff, 0xff, 0xff, 0xff, 0xff, 0xff,
    0xc8, 0x35, 0x0, 0x0, 0x0, 0x0, 0x0, 0x0,
    0x0, 0x14, 0x99, 0xfd, 0xff, 0xff, 0xe8, 0x61,
    0x1, 0x0, 0x0, 0x0, 0x0, 0x0, 0x0, 0x0,
    0x0, 0x0, 0x0, 0x2f, 0x99, 0x7b, 0xe, 0x0,
    0x0, 0x0, 0x0, 0x0, 0x0, 0x0, 0x0, 0x0,

    /* U+0048 "H" */
    0x0, 0x0, 0x0, 0x0, 0x0, 0x0, 0x0, 0x0,
    0x0, 0x0, 0x0, 0x2f, 0xbf, 0x97, 0x13, 0x0,
    0x0, 0x0, 0x0, 0x0, 0x0, 0x0, 0x0, 0x0,
    0x0, 0x0, 0x90, 0xfc, 0xff, 0xff, 0xee, 0x56,
    0x0, 0x0, 0x0, 0x0, 0x0, 0x0, 0x0, 0x0,
    0x0, 0x0, 0xec, 0xff, 0xff, 0xff, 0xff, 0xa4,
    0x0, 0x0, 0x0, 0x0, 0x0, 0x0, 0x0, 0x0,
    0x0, 0x0, 0xec, 0xff, 0xff, 0xff, 0xff, 0xa4,
    0x0, 0x0, 0x0, 0x0, 0x0, 0x0, 0x0, 0x0,
    0x0, 0x0, 0xec, 0xff, 0xff, 0xff, 0xff, 0xa4,
    0x0, 0x0, 0x9, 0x1d, 0x0, 0x0, 0x0, 0x0,
    0x0, 0x0, 0xec, 0xff, 0xff, 0xff, 0xff, 0xa4,
    0x0, 0x54, 0xe0, 0xf7, 0x82, 0xa, 0x0, 0x0,
    0x0, 0x0, 0xec, 0xff, 0xff, 0xff, 0xff, 0xa4,
    0x88, 0xff, 0xff, 0xff, 0xff, 0xd8, 0x0, 0x0,
    0x0, 0x0, 0xec, 0xff, 0xff, 0xff, 0xff, 0xa4,
    0xa0, 0xff, 0xff, 0xff, 0xff, 0xf0, 0x0, 0x0,
    0x0, 0x0, 0xec, 0xff, 0xff, 0xff, 0xff, 0xa4,
    0xa0, 0xff, 0xff, 0xff, 0xff, 0xf0, 0x0, 0x0,
    0x0, 0x0, 0xec, 0xff, 0xff, 0xff, 0xff, 0xa4,
    0xa0, 0xff, 0xff, 0xff, 0xff, 0xf0, 0x0, 0x0,
    0x0, 0x0, 0xec, 0xff, 0xff, 0xff, 0xff, 0xa4,
    0xa0, 0xff, 0xff, 0xff, 0xff, 0xf0, 0x0, 0x0,
    0x0, 0x49, 0xf8, 0xff, 0xff, 0xff, 0xff, 0xa4,
    0xa0, 0xff, 0xff, 0xff, 0xff, 0xf0, 0x0, 0x24,
    0xb3, 0xff, 0xff, 0xff, 0xff, 0xff, 0xff, 0xa4,
    0xa0, 0xff, 0xff, 0xff, 0xff, 0xfc, 0x88, 0xf9,
    0xff, 0xff, 0xff, 0xff, 0xff, 0xff, 0xff, 0xa4,
    0xa0, 0xff, 0xff, 0xff, 0xff, 0xff, 0xff, 0xff,
    0xff, 0xff, 0xff, 0xff, 0xff, 0xff, 0xff, 0xa4,
    0xa0, 0xff, 0xff, 0xff, 0xff, 0xff, 0xff, 0xff,
    0xff, 0xff, 0xff, 0xff, 0xff, 0xff, 0xff, 0xa4,
    0xa0, 0xff, 0xff, 0xff, 0xff, 0xff, 0xff, 0xff,
    0xff, 0xff, 0xff, 0xff, 0xff, 0xff, 0xff, 0xa4,
    0xa0, 0xff, 0xff, 0xff, 0xff, 0xff, 0xff, 0xff,
    0xff, 0xfe, 0xff, 0xff, 0xff, 0xff, 0xff, 0xa4,
    0xa0, 0xff, 0xff, 0xff, 0xff, 0xff, 0xff, 0xff,
    0xc7, 0x34, 0xec, 0xff, 0xff, 0xff, 0xff, 0xa4,
    0xa0, 0xff, 0xff, 0xff, 0xff, 0xff, 0xe6, 0x5e,
    0x1, 0x0, 0xec, 0xff, 0xff, 0xff, 0xff, 0xa4,
    0xa0, 0xff, 0xff, 0xff, 0xff, 0xf4, 0xd, 0x0,
    0x0, 0x0, 0xec, 0xff, 0xff, 0xff, 0xff, 0xa4,
    0xa0, 0xff, 0xff, 0xff, 0xff, 0xf0, 0x0, 0x0,
    0x0, 0x0, 0xec, 0xff, 0xff, 0xff, 0xff, 0xa4,
    0xa0, 0xff, 0xff, 0xff, 0xff, 0xf0, 0x0, 0x0,
    0x0, 0x0, 0xec, 0xff, 0xff, 0xff, 0xff, 0xa4,
    0xa0, 0xff, 0xff, 0xff, 0xff, 0xf0, 0x0, 0x0,
    0x0, 0x0, 0xec, 0xff, 0xff, 0xff, 0xff, 0xa4,
    0xa0, 0xff, 0xff, 0xff, 0xff, 0xf0, 0x0, 0x0,
    0x0, 0x0, 0x8d, 0xfc, 0xff, 0xff, 0xec, 0x54,
    0xa0, 0xff, 0xff, 0xff, 0xff, 0xf0, 0x0, 0x0,
    0x0, 0x0, 0x0, 0x2c, 0xbb, 0x94, 0x12, 0x0,
    0xa0, 0xff, 0xff, 0xff, 0xff, 0xf0, 0x0, 0x0,
    0x0, 0x0, 0x0, 0x0, 0x0, 0x0, 0x0, 0x0,
    0xa0, 0xff, 0xff, 0xff, 0xff, 0xf0, 0x0, 0x0,
    0x0, 0x0, 0x0, 0x0, 0x0, 0x0, 0x0, 0x0,
    0xa0, 0xff, 0xff, 0xff, 0xff, 0xf0, 0x0, 0x0,
    0x0, 0x0, 0x0, 0x0, 0x0, 0x0, 0x0, 0x0,
    0xa0, 0xff, 0xff, 0xff, 0xff, 0xf0, 0x0, 0x0,
    0x0, 0x0, 0x0, 0x0, 0x0, 0x0, 0x0, 0x0,
    0x1d, 0xa9, 0xff, 0xff, 0xd3, 0x41, 0x0, 0x0,
    0x0, 0x0, 0x0, 0x0, 0x0, 0x0, 0x0, 0x0,
    0x0, 0x0, 0x3e, 0x69, 0x3, 0x0, 0x0, 0x0,
    0x0, 0x0, 0x0, 0x0, 0x0, 0x0, 0x0, 0x0,

    /* U+0049 "I" */
    0x0, 0x0, 0x0, 0x0, 0x0, 0x0, 0x0, 0x0,
    0x0, 0x0, 0x0, 0x0, 0x0, 0x6, 0x0, 0x0,
    0x0, 0x0, 0x0, 0x0, 0x0, 0x0, 0x0, 0x0,
    0x0, 0x0, 0x0, 0x2e, 0xbf, 0xe0, 0x54, 0x0,
    0x0, 0x0, 0x0, 0x0, 0x0, 0x0, 0x0, 0x0,
    0x0, 0x12, 0x95, 0xfc, 0xff, 0xff, 0xff, 0xb0,
    0x0, 0x0, 0x0, 0x0, 0x0, 0x0, 0x0, 0x3,
    0x6a, 0xed, 0xff, 0xff, 0xff, 0xff, 0xff, 0xe4,
    0x0, 0x0, 0x0, 0x0, 0x0, 0x0, 0x3f, 0xd1,
    0xff, 0xff, 0xff, 0xff, 0xff, 0xff, 0xff, 0xe4,
    0x0, 0x0, 0x0, 0x0, 0x1e, 0xa9, 0xff, 0xff,
    0xff, 0xff, 0xff, 0xff, 0xff, 0xff, 0xff, 0xd4,
    0x0, 0x0, 0x9, 0x7e, 0xf6, 0xff, 0xff, 0xff,
    0xff, 0xff, 0xff, 0xff, 0xff, 0xfa, 0x8c, 0xe,
    0x0, 0x53, 0xe0, 0xff, 0xff, 0xff, 0xff, 0xff,
    0xff, 0xff, 0xff, 0xff, 0xb6, 0x26, 0x0, 0x0,
    0x88, 0xff, 0xff, 0xff, 0xff, 0xff, 0xff, 0xff,
    0xff, 0xff, 0xf6, 0x4c, 0x0, 0x0, 0x0, 0x0,
    0xa0, 0xff, 0xff, 0xff, 0xff, 0xff, 0xff, 0xff,
    0xff, 0xff, 0xe8, 0x0, 0x0, 0x0, 0x0, 0x0,
    0xa0, 0xff, 0xff, 0xff, 0xff, 0xff, 0xff, 0xff,
    0xff, 0xff, 0xe8, 0x0, 0x0, 0x0, 0x0, 0x0,
    0x77, 0xfe, 0xff, 0xff, 0xff, 0xff, 0xff, 0xff,
    0xff, 0xff, 0xe8, 0x0, 0x0, 0x0, 0x0, 0x0,
    0x0, 0x3a, 0xcc, 0xeb, 0x67, 0xa2, 0xff, 0xff,
    0xff, 0xff, 0xe8, 0x0, 0x0, 0x0, 0x0, 0x0,
    0x0, 0x0, 0x2, 0xd, 0x0, 0xa0, 0xff, 0xff,
    0xff, 0xff, 0xe8, 0x0, 0x0, 0x0, 0x0, 0x0,
    0x0, 0x0, 0x0, 0x0, 0x0, 0xa0, 0xff, 0xff,
    0xff, 0xff, 0xe8, 0x0, 0x0, 0x0, 0x0, 0x0,
    0x0, 0x0, 0x0, 0x0, 0x0, 0xa0, 0xff, 0xff,
    0xff, 0xff, 0xe8, 0x0, 0x0, 0x0, 0x0, 0x0,
    0x0, 0x0, 0x0, 0x0, 0x0, 0xa0, 0xff, 0xff,
    0xff, 0xff, 0xe8, 0x0, 0x0, 0x0, 0x0, 0x0,
    0x0, 0x0, 0x0, 0x0, 0x0, 0xa0, 0xff, 0xff,
    0xff, 0xff, 0xe8, 0x0, 0x0, 0x0, 0x0, 0x0,
    0x0, 0x0, 0x0, 0x0, 0x0, 0xa0, 0xff, 0xff,
    0xff, 0xff, 0xe8, 0x0, 0x0, 0x0, 0x0, 0x0,
    0x0, 0x0, 0x0, 0x0, 0x0, 0xa0, 0xff, 0xff,
    0xff, 0xff, 0xe8, 0x0, 0x0, 0x0, 0x0, 0x0,
    0x0, 0x0, 0x0, 0x0, 0x0, 0xa0, 0xff, 0xff,
    0xff, 0xff, 0xe8, 0x0, 0x50, 0x77, 0x7, 0x0,
    0x0, 0x0, 0x0, 0x0, 0x0, 0xa0, 0xff, 0xff,
    0xff, 0xff, 0xff, 0xba, 0xff, 0xff, 0xdc, 0x4d,
    0x0, 0x0, 0x0, 0x0, 0x0, 0xa0, 0xff, 0xff,
    0xff, 0xff, 0xff, 0xff, 0xff, 0xff, 0xff, 0xe4,
    0x0, 0x0, 0x0, 0x0, 0x0, 0xa0, 0xff, 0xff,
    0xff, 0xff, 0xff, 0xff, 0xff, 0xff, 0xff, 0xe4,
    0x0, 0x0, 0x0, 0x0, 0x0, 0xa5, 0xff, 0xff,
    0xff, 0xff, 0xff, 0xff, 0xff, 0xff, 0xff, 0xe4,
    0x0, 0x0, 0x0, 0x1b, 0xa4, 0xff, 0xff, 0xff,
    0xff, 0xff, 0xff, 0xff, 0xff, 0xff, 0xeb, 0x62,
    0x0, 0x7, 0x79, 0xf4, 0xff, 0xff, 0xff, 0xff,
    0xff, 0xff, 0xff, 0xff, 0xfc, 0x93, 0x11, 0x0,
    0x42, 0xdc, 0xff, 0xff, 0xff, 0xff, 0xff, 0xff,
    0xff, 0xff, 0xff, 0xbd, 0x2c, 0x0, 0x0, 0x0,
    0xa0, 0xff, 0xff, 0xff, 0xff, 0xff, 0xff, 0xff,
    0xff, 0xe0, 0x54, 0x0, 0x0, 0x0, 0x0, 0x0,
    0xa0, 0xff, 0xff, 0xff, 0xff, 0xff, 0xff, 0xf6,
    0x80, 0x9, 0x0, 0x0, 0x0, 0x0, 0x0, 0x0,
    0xa0, 0xff, 0xff, 0xff, 0xff, 0xff, 0xab, 0x1f,
    0x0, 0x0, 0x0, 0x0, 0x0, 0x0, 0x0, 0x0,
    0x1d, 0xa9, 0xff, 0xff, 0xd2, 0x41, 0x0, 0x0,
    0x0, 0x0, 0x0, 0x0, 0x0, 0x0, 0x0, 0x0,
    0x0, 0x0, 0x3e, 0x69, 0x3, 0x0, 0x0, 0x0,
    0x0, 0x0, 0x0, 0x0, 0x0, 0x0, 0x0, 0x0,

    /* U+004A "J" */
    0x0, 0x0, 0x0, 0x0, 0x0, 0x0, 0x0, 0x0,
    0x0, 0x0, 0x0, 0x2f, 0xbf, 0x97, 0x13, 0x0,
    0x0, 0x0, 0x0, 0x0, 0x0, 0x0, 0x0, 0x0,
    0x0, 0x13, 0xb0, 0xfc, 0xff, 0xff, 0xee, 0x56,
    0x0, 0x0, 0x0, 0x0, 0x0, 0x0, 0x0, 0x3,
    0x6b, 0xed, 0xff, 0xff, 0xff, 0xff, 0xff, 0xa4,
    0x0, 0x0, 0x0, 0x0, 0x0, 0x0, 0x40, 0xd2,
    0xff, 0xff, 0xff, 0xff, 0xff, 0xff, 0xff, 0xa4,
    0x0, 0x0, 0x0, 0x0, 0x1e, 0xaa, 0xff, 0xff,
    0xff, 0xff, 0xff, 0xff, 0xff, 0xff, 0xff, 0xa4,
    0x0, 0x0, 0x0, 0x75, 0xf6, 0xff, 0xff, 0xff,
    0xff, 0xff, 0xff, 0xff, 0xff, 0xff, 0xff, 0xa4,
    0x0, 0x0, 0x0, 0xd8, 0xff, 0xff, 0xff, 0xff,
    0xff, 0xff, 0xff, 0xff, 0xff, 0xff, 0xff, 0xa4,
    0x0, 0x0, 0x0, 0xd8, 0xff, 0xff, 0xff, 0xff,
    0xff, 0xff, 0xff, 0xff, 0xff, 0xff, 0xff, 0xa4,
    0x0, 0x0, 0x0, 0xd7, 0xff, 0xff, 0xff, 0xff,
    0xf3, 0x77, 0xf1, 0xff, 0xff, 0xff, 0xff, 0xa4,
    0x0, 0x0, 0x0, 0x28, 0xb9, 0xff, 0xff, 0xa5,
    0x1a, 0x0, 0xec, 0xff, 0xff, 0xff, 0xff, 0xa4,
    0x0, 0x0, 0x0, 0x0, 0x0, 0x4e, 0x3c, 0x0,
    0x0, 0x0, 0xec, 0xff, 0xff, 0xff, 0xff, 0xa4,
    0x0, 0x0, 0x0, 0x0, 0x0, 0x0, 0x0, 0x0,
    0x0, 0x0, 0xec, 0xff, 0xff, 0xff, 0xff, 0xa4,
    0x0, 0x0, 0x0, 0x0, 0x0, 0x0, 0x0, 0x0,
    0x0, 0x0, 0xec, 0xff, 0xff, 0xff, 0xff, 0xa4,
    0x0, 0x0, 0x0, 0x0, 0x0, 0x0, 0x0, 0x0,
    0x0, 0x0, 0xec, 0xff, 0xff, 0xff, 0xff, 0xa4,
    0x0, 0x0, 0x0, 0x0, 0x0, 0x0, 0x0, 0x0,
    0x0, 0x0, 0xec, 0xff, 0xff, 0xff, 0xff, 0xa4,
    0x0, 0x0, 0x0, 0x0, 0x0, 0x0, 0x0, 0x0,
    0x0, 0x0, 0xec, 0xff, 0xff, 0xff, 0xff, 0xa4,
    0x0, 0x0, 0x0, 0x0, 0x0, 0x0, 0x0, 0x0,
    0x0, 0x0, 0xec, 0xff, 0xff, 0xff, 0xff, 0xa4,
    0x0, 0x0, 0x0, 0x0, 0x0, 0x0, 0x0, 0x0,
    0x0, 0x0, 0xec, 0xff, 0xff, 0xff, 0xff, 0xa4,
    0x0, 0x0, 0xd, 0x25, 0x0, 0x0, 0x0, 0x0,
    0x0, 0x0, 0xec, 0xff, 0xff, 0xff, 0xff, 0xa4,
    0x1, 0x60, 0xe7, 0xfa, 0x8e, 0xf, 0x0, 0x0,
    0x0, 0x0, 0xec, 0xff, 0xff, 0xff, 0xff, 0xa4,
    0x8e, 0xff, 0xff, 0xff, 0xff, 0xde, 0x0, 0x0,
    0x0, 0x0, 0xec, 0xff, 0xff, 0xff, 0xff, 0xa4,
    0xa0, 0xff, 0xff, 0xff, 0xff, 0xf0, 0x0, 0x0,
    0x0, 0x0, 0xec, 0xff, 0xff, 0xff, 0xff, 0xa4,
    0xa0, 0xff, 0xff, 0xff, 0xff, 0xf0, 0x0, 0x0,
    0x0, 0x45, 0xf7, 0xff, 0xff, 0xff, 0xff, 0x9e,
    0xa0, 0xff, 0xff, 0xff, 0xff, 0xf0, 0x0, 0x21,
    0xaf, 0xff, 0xff, 0xff, 0xff, 0xff, 0xff, 0x74,
    0xa0, 0xff, 0xff, 0xff, 0xff, 0xfb, 0x84, 0xf8,
    0xff, 0xff, 0xff, 0xff, 0xff, 0xff, 0xf5, 0x1a,
    0xa0, 0xff, 0xff, 0xff, 0xff, 0xff, 0xff, 0xff,
    0xff, 0xff, 0xff, 0xff, 0xff, 0xff, 0x80, 0x0,
    0xa0, 0xff, 0xff, 0xff, 0xff, 0xff, 0xff, 0xff,
    0xff, 0xff, 0xff, 0xff, 0xff, 0xb9, 0x6, 0x0,
    0xa0, 0xff, 0xff, 0xff, 0xff, 0xff, 0xff, 0xff,
    0xff, 0xff, 0xff, 0xf2, 0x75, 0x3, 0x0, 0x0,
    0x8a, 0xff, 0xff, 0xff, 0xff, 0xff, 0xff, 0xff,
    0xff, 0xfe, 0xa1, 0x18, 0x0, 0x0, 0x0, 0x0,
    0x2a, 0xec, 0xff, 0xff, 0xff, 0xff, 0xff, 0xff,
    0xca, 0x38, 0x0, 0x0, 0x0, 0x0, 0x0, 0x0,
    0x0, 0x14, 0x99, 0xfd, 0xff, 0xff, 0xe8, 0x62,
    0x1, 0x0, 0x0, 0x0, 0x0, 0x0, 0x0, 0x0,
    0x0, 0x0, 0x0, 0x2f, 0x99, 0x7b, 0xe, 0x0,
    0x0, 0x0, 0x0, 0x0, 0x0, 0x0, 0x0, 0x0,

    /* U+004B "K" */
    0x0, 0x0, 0x0, 0x0, 0x0, 0x0, 0x0, 0x0,
    0x0, 0x0, 0x0, 0x2f, 0xbf, 0x97, 0x13, 0x0,
    0x0, 0x0, 0x0, 0x0, 0x0, 0x0, 0x0, 0x0,
    0x0, 0x0, 0x90, 0xfc, 0xff, 0xff, 0xee, 0x56,
    0x0, 0x0, 0x0, 0x0, 0x0, 0x0, 0x0, 0x0,
    0x0, 0x0, 0xec, 0xff, 0xff, 0xff, 0xff, 0xa4,
    0x0, 0x0, 0x0, 0x0, 0x0, 0x0, 0x0, 0x0,
    0x0, 0x0, 0xec, 0xff, 0xff, 0xff, 0xff, 0xa4,
    0x0, 0x0, 0x0, 0x0, 0x0, 0x0, 0x0, 0x0,
    0x0, 0x0, 0xec, 0xff, 0xff, 0xff, 0xff, 0xa4,
    0x0, 0x0, 0x9, 0x1d, 0x0, 0x0, 0x0, 0x0,
    0x0, 0x0, 0xec, 0xff, 0xff, 0xff, 0xff, 0xa4,
    0x0, 0x54, 0xe0, 0xf7, 0x82, 0xa, 0x0, 0x0,
    0x0, 0x0, 0xec, 0xff, 0xff, 0xff, 0xff, 0xa4,
    0x88, 0xff, 0xff, 0xff, 0xff, 0xd8, 0x0, 0x0,
    0x0, 0x0, 0xec, 0xff, 0xff, 0xff, 0xff, 0xa4,
    0xa0, 0xff, 0xff, 0xff, 0xff, 0xf0, 0x0, 0x0,
    0x0, 0x0, 0xec, 0xff, 0xff, 0xff, 0xff, 0x98,
    0xa0, 0xff, 0xff, 0xff, 0xff, 0xf0, 0x0, 0x0,
    0x0, 0x0, 0xec, 0xff, 0xff, 0xff, 0xff, 0x61,
    0xa0, 0xff, 0xff, 0xff, 0xff, 0xf0, 0x0, 0x0,
    0x0, 0x0, 0xec, 0xff, 0xff, 0xff, 0xe3, 0x9,
    0xa0, 0xff, 0xff, 0xff, 0xff, 0xf0, 0x0, 0x0,
    0x0, 0x49, 0xff, 0xff, 0xff, 0xff, 0x59, 0x0,
    0xa0, 0xff, 0xff, 0xff, 0xff, 0xf0, 0x0, 0x24,
    0xb3, 0xff, 0xff, 0xff, 0xff, 0xff, 0x55, 0x0,
    0xa0, 0xff, 0xff, 0xff, 0xff, 0xfc, 0x88, 0xf9,
    0xff, 0xff, 0xff, 0xff, 0xff, 0xff, 0xff, 0x53,
    0xa0, 0xff, 0xff, 0xff, 0xff, 0xff, 0xff, 0xff,
    0xff, 0xff, 0xff, 0xff, 0xff, 0xff, 0xff, 0x9a,
    0xa0, 0xff, 0xff, 0xff, 0xff, 0xff, 0xff, 0xff,
    0xff, 0xff, 0xff, 0xff, 0xff, 0xff, 0xff, 0xa4,
    0xa0, 0xff, 0xff, 0xff, 0xff, 0xff, 0xff, 0xff,
    0xff, 0xff, 0xff, 0xff, 0xff, 0xff, 0xff, 0xa4,
    0xa0, 0xff, 0xff, 0xff, 0xff, 0xff, 0xff, 0xff,
    0xff, 0xfe, 0xff, 0xff, 0xff, 0xff, 0xff, 0xa4,
    0xa0, 0xff, 0xff, 0xff, 0xff, 0xff, 0xff, 0xff,
    0xc7, 0x34, 0xec, 0xff, 0xff, 0xff, 0xff, 0xa4,
    0xa0, 0xff, 0xff, 0xff, 0xff, 0xff, 0xe6, 0x5e,
    0x1, 0x0, 0xec, 0xff, 0xff, 0xff, 0xff, 0xa4,
    0xa0, 0xff, 0xff, 0xff, 0xff, 0xf4, 0xd, 0x0,
    0x0, 0x0, 0xec, 0xff, 0xff, 0xff, 0xff, 0xa4,
    0xa0, 0xff, 0xff, 0xff, 0xff, 0xf0, 0x0, 0x0,
    0x0, 0x0, 0xec, 0xff, 0xff, 0xff, 0xff, 0xa4,
    0xa0, 0xff, 0xff, 0xff, 0xff, 0xf0, 0x0, 0x0,
    0x0, 0x0, 0xec, 0xff, 0xff, 0xff, 0xff, 0xa4,
    0xa0, 0xff, 0xff, 0xff, 0xff, 0xf0, 0x0, 0x0,
    0x0, 0x0, 0xec, 0xff, 0xff, 0xff, 0xff, 0xa4,
    0xa0, 0xff, 0xff, 0xff, 0xff, 0xf0, 0x0, 0x0,
    0x0, 0x0, 0x8d, 0xfc, 0xff, 0xff, 0xec, 0x54,
    0xa0, 0xff, 0xff, 0xff, 0xff, 0xf0, 0x0, 0x0,
    0x0, 0x0, 0x0, 0x2c, 0xbb, 0x94, 0x12, 0x0,
    0xa0, 0xff, 0xff, 0xff, 0xff, 0xf0, 0x0, 0x0,
    0x0, 0x0, 0x0, 0x0, 0x0, 0x0, 0x0, 0x0,
    0xa0, 0xff, 0xff, 0xff, 0xff, 0xf0, 0x0, 0x0,
    0x0, 0x0, 0x0, 0x0, 0x0, 0x0, 0x0, 0x0,
    0xa0, 0xff, 0xff, 0xff, 0xff, 0xf0, 0x0, 0x0,
    0x0, 0x0, 0x0, 0x0, 0x0, 0x0, 0x0, 0x0,
    0xa0, 0xff, 0xff, 0xff, 0xff, 0xf0, 0x0, 0x0,
    0x0, 0x0, 0x0, 0x0, 0x0, 0x0, 0x0, 0x0,
    0x1d, 0xa9, 0xff, 0xff, 0xd3, 0x41, 0x0, 0x0,
    0x0, 0x0, 0x0, 0x0, 0x0, 0x0, 0x0, 0x0,
    0x0, 0x0, 0x3e, 0x69, 0x3, 0x0, 0x0, 0x0,
    0x0, 0x0, 0x0, 0x0, 0x0, 0x0, 0x0, 0x0,

    /* U+004C "L" */
    0x0, 0x0, 0x0, 0x9, 0x0, 0x0, 0x0, 0x0,
    0x0, 0x0, 0x0, 0x0, 0x0, 0x0, 0x32, 0xc5,
    0xe6, 0x5e, 0x1, 0x0, 0x0, 0x0, 0x0, 0x0,
    0x0, 0x0, 0x72, 0xfd, 0xff, 0xff, 0xff, 0xbf,
    0x0, 0x0, 0x0, 0x0, 0x0, 0x0, 0x0, 0xa0,
    0xff, 0xff, 0xff, 0xff, 0xf0, 0x0, 0x0, 0x0,
    0x0, 0x0, 0x0, 0x0, 0xa0, 0xff, 0xff, 0xff,
    0xff, 0xf0, 0x0, 0x0, 0x0, 0x0, 0x0, 0x0,
    0x0, 0xa0, 0xff, 0xff, 0xff, 0xff, 0xf0, 0x0,
    0x0, 0x0, 0x0, 0x0, 0x0, 0x0, 0xa0, 0xff,
    0xff, 0xff, 0xff, 0xf0, 0x0, 0x0, 0x0, 0x0,
    0x0, 0x0, 0x0, 0xa0, 0xff, 0xff, 0xff, 0xff,
    0xf0, 0x0, 0x0, 0x0, 0x0, 0x0, 0x0, 0x0,
    0xa0, 0xff, 0xff, 0xff, 0xff, 0xf0, 0x0, 0x0,
    0x0, 0x0, 0x0, 0x0, 0x0, 0xa0, 0xff, 0xff,
    0xff, 0xff, 0xf0, 0x0, 0x0, 0x0, 0x0, 0x0,
    0x0, 0x0, 0xa0, 0xff, 0xff, 0xff, 0xff, 0xf0,
    0x0, 0x0, 0x0, 0x0, 0x0, 0x0, 0x0, 0xa0,
    0xff, 0xff, 0xff, 0xff, 0xf0, 0x0, 0x0, 0x0,
    0x0, 0x0, 0x0, 0x0, 0xa0, 0xff, 0xff, 0xff,
    0xff, 0xf0, 0x0, 0x0, 0x0, 0x0, 0x0, 0x0,
    0x0, 0xa0, 0xff, 0xff, 0xff, 0xff, 0xf0, 0x0,
    0x0, 0x0, 0x0, 0x0, 0x0, 0x0, 0xa0, 0xff,
    0xff, 0xff, 0xff, 0xf0, 0x0, 0x0, 0x0, 0x0,
    0x0, 0x0, 0x0, 0xa0, 0xff, 0xff, 0xff, 0xff,
    0xf0, 0x0, 0x0, 0x0, 0x0, 0x0, 0x0, 0x0,
    0xa0, 0xff, 0xff, 0xff, 0xff, 0xf0, 0x0, 0x0,
    0x0, 0x0, 0x0, 0x0, 0x0, 0xa0, 0xff, 0xff,
    0xff, 0xff, 0xf0, 0x0, 0x0, 0x0, 0x0, 0x0,
    0x0, 0x0, 0xa0, 0xff, 0xff, 0xff, 0xff, 0xf0,
    0x0, 0x0, 0x0, 0x0, 0x0, 0x0, 0x0, 0xa0,
    0xff, 0xff, 0xff, 0xff, 0xf0, 0x0, 0x0, 0x0,
    0x0, 0x0, 0x0, 0x0, 0xa0, 0xff, 0xff, 0xff,
    0xff, 0xf0, 0x0, 0x0, 0x0, 0x0, 0x0, 0x0,
    0x0, 0xa0, 0xff, 0xff, 0xff, 0xff, 0xf0, 0x0,
    0x0, 0x0, 0x0, 0x0, 0x0, 0x0, 0xa0, 0xff,
    0xff, 0xff, 0xff, 0xf0, 0x0, 0x0, 0x0, 0x45,
    0x5c, 0x1, 0x0, 0xa0, 0xff, 0xff, 0xff, 0xff,
    0xf0, 0x0, 0x21, 0xaf, 0xff, 0xff, 0xc7, 0x36,
    0xa0, 0xff, 0xff, 0xff, 0xff, 0xfb, 0x84, 0xf8,
    0xff, 0xff, 0xff, 0xff, 0xdc, 0xa0, 0xff, 0xff,
    0xff, 0xff, 0xff, 0xff, 0xff, 0xff, 0xff, 0xff,
    0xff, 0xdc, 0xa0, 0xff, 0xff, 0xff, 0xff, 0xff,
    0xff, 0xff, 0xff, 0xff, 0xff, 0xff, 0xdc, 0xa0,
    0xff, 0xff, 0xff, 0xff, 0xff, 0xff, 0xff, 0xff,
    0xff, 0xff, 0xf2, 0x6e, 0x8a, 0xff, 0xff, 0xff,
    0xff, 0xff, 0xff, 0xff, 0xff, 0xfe, 0xa1, 0x18,
    0x0, 0x2a, 0xec, 0xff, 0xff, 0xff, 0xff, 0xff,
    0xff, 0xca, 0x38, 0x0, 0x0, 0x0, 0x0, 0x14,
    0x99, 0xfd, 0xff, 0xff, 0xe8, 0x62, 0x1, 0x0,
    0x0, 0x0, 0x0, 0x0, 0x0, 0x0, 0x2f, 0x99,
    0x7b, 0xe, 0x0, 0x0, 0x0, 0x0, 0x0, 0x0,

    /* U+004D "M" */
    0x0, 0x0, 0x0, 0x0, 0x0, 0x0, 0x0, 0x0,
    0x0, 0x0, 0x0, 0x0, 0x0, 0x0, 0x31, 0x66,
    0x18, 0x0, 0x0, 0x0, 0x0, 0x0, 0x0, 0x0,
    0x0, 0x0, 0x0, 0x0, 0x0, 0x0, 0x0, 0x0,
    0x1b, 0xa5, 0xff, 0xff, 0xf2, 0x75, 0x5, 0x0,
    0x0, 0x0, 0x0, 0x0, 0x0, 0x0, 0x0, 0x0,
    0x0, 0x0, 0x7, 0x7a, 0xf4, 0xff, 0xff, 0xff,
    0xff, 0xff, 0xd8, 0x24, 0x0, 0x0, 0x0, 0x0,
    0x0, 0x0, 0x0, 0x0, 0x0, 0x4e, 0xdc, 0xff,
    0xff, 0xff, 0xff, 0xff, 0xff, 0xff, 0xff, 0xaa,
    0x0, 0x0, 0x0, 0x0, 0x0, 0x0, 0x0, 0x28,
    0xb8, 0xff, 0xff, 0xff, 0xff, 0xff, 0xff, 0xff,
    0xff, 0xff, 0xff, 0xcb, 0x0, 0x0, 0x0, 0x0,
    0x0, 0xe, 0x8c, 0xfa, 0xff, 0xff, 0xff, 0xff,
    0xff, 0xff, 0xff, 0xff, 0xff, 0xff, 0xff, 0xcc,
    0x0, 0x0, 0x0, 0x1, 0x61, 0xe8, 0xff, 0xff,
    0xff, 0xff, 0xff, 0xff, 0xff, 0xff, 0xff, 0xff,
    0xff, 0xff, 0xff, 0xcc, 0x0, 0x0, 0x27, 0xc9,
    0xff, 0xff, 0xff, 0xff, 0xff, 0xff, 0xff, 0xff,
    0xff, 0xd3, 0xff, 0xff, 0xff, 0xff, 0xff, 0xcc,
    0x0, 0x22, 0xeb, 0xff, 0xff, 0xff, 0xff, 0xff,
    0xff, 0xff, 0xff, 0xff, 0xe2, 0x4, 0xc4, 0xff,
    0xff, 0xff, 0xff, 0xcc, 0x0, 0xb5, 0xff, 0xff,
    0xff, 0xff, 0xff, 0xff, 0xff, 0xff, 0xff, 0xff,
    0xdc, 0x0, 0xc4, 0xff, 0xff, 0xff, 0xff, 0xcc,
    0x3e, 0xff, 0xff, 0xff, 0xff, 0xff, 0xff, 0xff,
    0xff, 0xff, 0xff, 0xff, 0xdc, 0x0, 0xc4, 0xff,
    0xff, 0xff, 0xff, 0xcc, 0x88, 0xff, 0xff, 0xff,
    0xff, 0xff, 0xe4, 0xff, 0xff, 0xff, 0xff, 0xff,
    0xdc, 0x0, 0xc4, 0xff, 0xff, 0xff, 0xff, 0xcc,
    0x9f, 0xff, 0xff, 0xff, 0xff, 0xf3, 0xb, 0xb0,
    0xff, 0xff, 0xff, 0xff, 0xdc, 0x0, 0xc4, 0xff,
    0xff, 0xff, 0xff, 0xcc, 0xa0, 0xff, 0xff, 0xff,
    0xff, 0xf0, 0x0, 0xb0, 0xff, 0xff, 0xff, 0xff,
    0xdc, 0x0, 0xc4, 0xff, 0xff, 0xff, 0xff, 0xcc,
    0xa0, 0xff, 0xff, 0xff, 0xff, 0xf0, 0x0, 0xb0,
    0xff, 0xff, 0xff, 0xff, 0xdc, 0x0, 0xc4, 0xff,
    0xff, 0xff, 0xff, 0xcc, 0xa0, 0xff, 0xff, 0xff,
    0xff, 0xf0, 0x0, 0xb0, 0xff, 0xff, 0xff, 0xff,
    0xdc, 0x0, 0xc4, 0xff, 0xff, 0xff, 0xff, 0xcc,
    0xa0, 0xff, 0xff, 0xff, 0xff, 0xf0, 0x0, 0xb0,
    0xff, 0xff, 0xff, 0xff, 0xdc, 0x0, 0xc4, 0xff,
    0xff, 0xff, 0xff, 0xcc, 0xa0, 0xff, 0xff, 0xff,
    0xff, 0xf0, 0x0, 0xb0, 0xff, 0xff, 0xff, 0xff,
    0xdc, 0x0, 0xc4, 0xff, 0xff, 0xff, 0xff, 0xcc,
    0xa0, 0xff, 0xff, 0xff, 0xff, 0xf0, 0x0, 0xb0,
    0xff, 0xff, 0xff, 0xff, 0xdc, 0x0, 0xc4, 0xff,
    0xff, 0xff, 0xff, 0xcc, 0xa0, 0xff, 0xff, 0xff,
    0xff, 0xf0, 0x0, 0xb0, 0xff, 0xff, 0xff, 0xff,
    0xdc, 0x0, 0xc4, 0xff, 0xff, 0xff, 0xff, 0xcc,
    0xa0, 0xff, 0xff, 0xff, 0xff, 0xf0, 0x0, 0xb0,
    0xff, 0xff, 0xff, 0xff, 0xdc, 0x0, 0xc4, 0xff,
    0xff, 0xff, 0xff, 0xcc, 0xa0, 0xff, 0xff, 0xff,
    0xff, 0xf0, 0x0, 0xb0, 0xff, 0xff, 0xff, 0xff,
    0xdc, 0x0, 0xc4, 0xff, 0xff, 0xff, 0xff, 0xcc,
    0xa0, 0xff, 0xff, 0xff, 0xff, 0xf0, 0x0, 0xb0,
    0xff, 0xff, 0xff, 0xff, 0xdc, 0x0, 0xc4, 0xff,
    0xff, 0xff, 0xff, 0xcc, 0xa0, 0xff, 0xff, 0xff,
    0xff, 0xf0, 0x0, 0xb0, 0xff, 0xff, 0xff, 0xff,
    0xdc, 0x0, 0xc4, 0xff, 0xff, 0xff, 0xff, 0xcc,
    0xa0, 0xff, 0xff, 0xff, 0xff, 0xf0, 0x0, 0xb0,
    0xff, 0xff, 0xff, 0xff, 0xdc, 0x0, 0xc2, 0xff,
    0xff, 0xff, 0xff, 0xca, 0xa0, 0xff, 0xff, 0xff,
    0xff, 0xf0, 0x0, 0xb0, 0xff, 0xff, 0xff, 0xff,
    0xdc, 0x0, 0x1b, 0xa4, 0xfe, 0xff, 0xa9, 0x1e,
    0xa0, 0xff, 0xff, 0xff, 0xff, 0xf0, 0x0, 0xb0,
    0xff, 0xff, 0xff, 0xff, 0xdc, 0x0, 0x0, 0x0,
    0x39, 0x3c, 0x0, 0x0, 0xa0, 0xff, 0xff, 0xff,
    0xff, 0xf0, 0x0, 0xb0, 0xff, 0xff, 0xff, 0xff,
    0xdc, 0x0, 0x0, 0x0, 0x0, 0x0, 0x0, 0x0,
    0xa0, 0xff, 0xff, 0xff, 0xff, 0xf0, 0x0, 0xaf,
    0xff, 0xff, 0xff, 0xff, 0xdb, 0x0, 0x0, 0x0,
    0x0, 0x0, 0x0, 0x0, 0xa0, 0xff, 0xff, 0xff,
    0xff, 0xf0, 0x0, 0x1b, 0xa5, 0xff, 0xff, 0xbd,
    0x2d, 0x0, 0x0, 0x0, 0x0, 0x0, 0x0, 0x0,
    0xa0, 0xff, 0xff, 0xff, 0xff, 0xf0, 0x0, 0x0,
    0x0, 0x3b, 0x50, 0x0, 0x0, 0x0, 0x0, 0x0,
    0x0, 0x0, 0x0, 0x0, 0xa0, 0xff, 0xff, 0xff,
    0xff, 0xf0, 0x0, 0x0, 0x0, 0x0, 0x0, 0x0,
    0x0, 0x0, 0x0, 0x0, 0x0, 0x0, 0x0, 0x0,
    0xa0, 0xff, 0xff, 0xff, 0xff, 0xf0, 0x0, 0x0,
    0x0, 0x0, 0x0, 0x0, 0x0, 0x0, 0x0, 0x0,
    0x0, 0x0, 0x0, 0x0, 0x1d, 0xa9, 0xff, 0xff,
    0xd3, 0x41, 0x0, 0x0, 0x0, 0x0, 0x0, 0x0,
    0x0, 0x0, 0x0, 0x0, 0x0, 0x0, 0x0, 0x0,
    0x0, 0x0, 0x3e, 0x69, 0x3, 0x0, 0x0, 0x0,
    0x0, 0x0, 0x0, 0x0, 0x0, 0x0, 0x0, 0x0,
    0x0, 0x0, 0x0, 0x0,

    /* U+004E "N" */
    0x0, 0x0, 0x0, 0x0, 0x0, 0x0, 0x0, 0x0,
    0x0, 0x0, 0x0, 0x0, 0x0, 0x0, 0x0, 0x0,
    0x20, 0x23, 0x0, 0x0, 0x0, 0x0, 0x0, 0x0,
    0x0, 0x0, 0x0, 0x0, 0x0, 0x0, 0x0, 0x0,
    0x0, 0x0, 0xb, 0x83, 0xf7, 0xf8, 0x88, 0xc,
    0x0, 0x0, 0x0, 0x0, 0x0, 0x0, 0x0, 0x0,
    0x0, 0x0, 0x0, 0x0, 0x0, 0x0, 0xb9, 0xff,
    0xff, 0xff, 0xff, 0xc1, 0x0, 0x0, 0x0, 0x0,
    0x0, 0x0, 0x0, 0x0, 0x0, 0x0, 0x0, 0x0,
    0x0, 0x0, 0xc4, 0xff, 0xff, 0xff, 0xff, 0xcc,
    0x0, 0x0, 0x0, 0x0, 0x0, 0x0, 0x0, 0x0,
    0x0, 0x0, 0x0, 0x0, 0x0, 0x0, 0xc4, 0xff,
    0xff, 0xff, 0xff, 0xcc, 0x0, 0x0, 0x0, 0x0,
    0x0, 0x0, 0x0, 0x0, 0xf, 0x0, 0x0, 0x0,
    0x0, 0x0, 0xc4, 0xff, 0xff, 0xff, 0xff, 0xcc,
    0x0, 0x0, 0x0, 0x0, 0x0, 0x0, 0x42, 0xd0,
    0xff, 0xbb, 0x2b, 0x0, 0x0, 0x0, 0xc4, 0xff,
    0xff, 0xff, 0xff, 0xcc, 0x0, 0x0, 0x0, 0x0,
    0x1f, 0xac, 0xff, 0xff, 0xff, 0xff, 0xfb, 0x91,
    0x9, 0x0, 0xc4, 0xff, 0xff, 0xff, 0xff, 0xcc,
    0x0, 0x0, 0x9, 0x80, 0xf6, 0xff, 0xff, 0xff,
    0xff, 0xff, 0xff, 0xff, 0x99, 0x0, 0xc4, 0xff,
    0xff, 0xff, 0xff, 0xcc, 0x0, 0x54, 0xe0, 0xff,
    0xff, 0xff, 0xff, 0xff, 0xff, 0xff, 0xff, 0xff,
    0xd5, 0x0, 0xc4, 0xff, 0xff, 0xff, 0xff, 0xcc,
    0x88, 0xff, 0xff, 0xff, 0xff, 0xff, 0xff, 0xff,
    0xff, 0xff, 0xff, 0xff, 0xdc, 0x0, 0xc4, 0xff,
    0xff, 0xff, 0xff, 0xcc, 0xa0, 0xff, 0xff, 0xff,
    0xff, 0xff, 0xff, 0xff, 0xff, 0xff, 0xff, 0xff,
    0xdc, 0x0, 0xc4, 0xff, 0xff, 0xff, 0xff, 0xcc,
    0xa0, 0xff, 0xff, 0xff, 0xff, 0xff, 0xff, 0xff,
    0xff, 0xff, 0xff, 0xff, 0xdc, 0x0, 0xc4, 0xff,
    0xff, 0xff, 0xff, 0xcc, 0xa0, 0xff, 0xff, 0xff,
    0xff, 0xf8, 0x3c, 0xb0, 0xff, 0xff, 0xff, 0xff,
    0xdc, 0x0, 0xc4, 0xff, 0xff, 0xff, 0xff, 0xcc,
    0xa0, 0xff, 0xff, 0xff, 0xff, 0xf0, 0x0, 0xb0,
    0xff, 0xff, 0xff, 0xff, 0xdc, 0x0, 0xc4, 0xff,
    0xff, 0xff, 0xff, 0xcc, 0xa0, 0xff, 0xff, 0xff,
    0xff, 0xf0, 0x0, 0xb0, 0xff, 0xff, 0xff, 0xff,
    0xdc, 0x0, 0xc4, 0xff, 0xff, 0xff, 0xff, 0xcc,
    0xa0, 0xff, 0xff, 0xff, 0xff, 0xf0, 0x0, 0xb0,
    0xff, 0xff, 0xff, 0xff, 0xdc, 0x0, 0xc4, 0xff,
    0xff, 0xff, 0xff, 0xcc, 0xa0, 0xff, 0xff, 0xff,
    0xff, 0xf0, 0x0, 0xb0, 0xff, 0xff, 0xff, 0xff,
    0xdc, 0x0, 0xc4, 0xff, 0xff, 0xff, 0xff, 0xcc,
    0xa0, 0xff, 0xff, 0xff, 0xff, 0xf0, 0x0, 0xb0,
    0xff, 0xff, 0xff, 0xff, 0xdc, 0x0, 0xc4, 0xff,
    0xff, 0xff, 0xff, 0xcc, 0xa0, 0xff, 0xff, 0xff,
    0xff, 0xf0, 0x0, 0xb0, 0xff, 0xff, 0xff, 0xff,
    0xdc, 0x0, 0xc4, 0xff, 0xff, 0xff, 0xff, 0xcc,
    0xa0, 0xff, 0xff, 0xff, 0xff, 0xf0, 0x0, 0xb0,
    0xff, 0xff, 0xff, 0xff, 0xdc, 0x0, 0xc4, 0xff,
    0xff, 0xff, 0xff, 0xcc, 0xa0, 0xff, 0xff, 0xff,
    0xff, 0xf0, 0x0, 0xb0, 0xff, 0xff, 0xff, 0xff,
    0xdc, 0x9, 0xd4, 0xff, 0xff, 0xff, 0xff, 0xcc,
    0xa0, 0xff, 0xff, 0xff, 0xff, 0xf0, 0x0, 0xb0,
    0xff, 0xff, 0xff, 0xff, 0xff, 0xe0, 0xff, 0xff,
    0xff, 0xff, 0xff, 0xcc, 0xa0, 0xff, 0xff, 0xff,
    0xff, 0xf0, 0x0, 0xb0, 0xff, 0xff, 0xff, 0xff,
    0xff, 0xff, 0xff, 0xff, 0xff, 0xff, 0xff, 0xcc,
    0xa0, 0xff, 0xff, 0xff, 0xff, 0xf0, 0x0, 0xb0,
    0xff, 0xff, 0xff, 0xff, 0xff, 0xff, 0xff, 0xff,
    0xff, 0xff, 0xff, 0xca, 0xa0, 0xff, 0xff, 0xff,
    0xff, 0xf0, 0x0, 0xad, 0xff, 0xff, 0xff, 0xff,
    0xff, 0xff, 0xff, 0xff, 0xff, 0xff, 0xaa, 0x1e,
    0xa0, 0xff, 0xff, 0xff, 0xff, 0xf0, 0x0, 0x85,
    0xff, 0xff, 0xff, 0xff, 0xff, 0xff, 0xff, 0xff,
    0xd1, 0x3f, 0x0, 0x0, 0xa0, 0xff, 0xff, 0xff,
    0xff, 0xf0, 0x0, 0xc, 0xb2, 0xff, 0xff, 0xff,
    0xff, 0xff, 0xec, 0x6a, 0x3, 0x0, 0x0, 0x0,
    0xa0, 0xff, 0xff, 0xff, 0xff, 0xf0, 0x0, 0x0,
    0x0, 0x49, 0xd7, 0xff, 0xfc, 0x95, 0x12, 0x0,
    0x0, 0x0, 0x0, 0x0, 0xa0, 0xff, 0xff, 0xff,
    0xff, 0xf0, 0x0, 0x0, 0x0, 0x0, 0x5, 0x44,
    0x1f, 0x0, 0x0, 0x0, 0x0, 0x0, 0x0, 0x0,
    0xa0, 0xff, 0xff, 0xff, 0xff, 0xf0, 0x0, 0x0,
    0x0, 0x0, 0x0, 0x0, 0x0, 0x0, 0x0, 0x0,
    0x0, 0x0, 0x0, 0x0, 0xa0, 0xff, 0xff, 0xff,
    0xff, 0xf0, 0x0, 0x0, 0x0, 0x0, 0x0, 0x0,
    0x0, 0x0, 0x0, 0x0, 0x0, 0x0, 0x0, 0x0,
    0xa0, 0xff, 0xff, 0xff, 0xff, 0xf0, 0x0, 0x0,
    0x0, 0x0, 0x0, 0x0, 0x0, 0x0, 0x0, 0x0,
    0x0, 0x0, 0x0, 0x0, 0x1d, 0xa9, 0xff, 0xff,
    0xd3, 0x41, 0x0, 0x0, 0x0, 0x0, 0x0, 0x0,
    0x0, 0x0, 0x0, 0x0, 0x0, 0x0, 0x0, 0x0,
    0x0, 0x0, 0x3e, 0x69, 0x3, 0x0, 0x0, 0x0,
    0x0, 0x0, 0x0, 0x0, 0x0, 0x0, 0x0, 0x0,
    0x0, 0x0, 0x0, 0x0,

    /* U+004F "O" */
    0x0, 0x0, 0x0, 0x0, 0x0, 0x0, 0x0, 0x0,
    0x0, 0x0, 0x0, 0x0, 0x0, 0x0, 0x0, 0x0,
    0x0, 0x0, 0x0, 0x0, 0x0, 0x0, 0x0, 0x0,
    0x0, 0x4d, 0xd2, 0xf3, 0x86, 0xc, 0x0, 0x0,
    0x0, 0x0, 0x0, 0x0, 0x0, 0x0, 0x0, 0x27,
    0xb7, 0xff, 0xff, 0xff, 0xff, 0xe5, 0x59, 0x0,
    0x0, 0x0, 0x0, 0x0, 0x0, 0xe, 0x8c, 0xfa,
    0xff, 0xff, 0xff, 0xff, 0xff, 0xff, 0xff, 0x55,
    0x0, 0x0, 0x0, 0x1, 0x60, 0xe8, 0xff, 0xff,
    0xff, 0xff, 0xff, 0xff, 0xff, 0xff, 0xff, 0x9b,
    0x0, 0x0, 0x27, 0xc9, 0xff, 0xff, 0xff, 0xff,
    0xff, 0xff, 0xff, 0xff, 0xff, 0xff, 0xff, 0xa4,
    0x0, 0x22, 0xeb, 0xff, 0xff, 0xff, 0xff, 0xff,
    0xff, 0xff, 0xff, 0xff, 0xff, 0xff, 0xff, 0xa4,
    0x0, 0xb5, 0xff, 0xff, 0xff, 0xff, 0xff, 0xff,
    0xff, 0xfd, 0xff, 0xff, 0xff, 0xff, 0xff, 0xa4,
    0x3e, 0xff, 0xff, 0xff, 0xff, 0xff, 0xff, 0xff,
    0xc3, 0x31, 0xec, 0xff, 0xff, 0xff, 0xff, 0xa4,
    0x88, 0xff, 0xff, 0xff, 0xff, 0xff, 0xe4, 0x5a,
    0x0, 0x0, 0xec, 0xff, 0xff, 0xff, 0xff, 0xa4,
    0x9f, 0xff, 0xff, 0xff, 0xff, 0xf3, 0xb, 0x0,
    0x0, 0x0, 0xec, 0xff, 0xff, 0xff, 0xff, 0xa4,
    0xa0, 0xff, 0xff, 0xff, 0xff, 0xf0, 0x0, 0x0,
    0x0, 0x0, 0xec, 0xff, 0xff, 0xff, 0xff, 0xa4,
    0xa0, 0xff, 0xff, 0xff, 0xff, 0xf0, 0x0, 0x0,
    0x0, 0x0, 0xec, 0xff, 0xff, 0xff, 0xff, 0xa4,
    0xa0, 0xff, 0xff, 0xff, 0xff, 0xf0, 0x0, 0x0,
    0x0, 0x0, 0xec, 0xff, 0xff, 0xff, 0xff, 0xa4,
    0xa0, 0xff, 0xff, 0xff, 0xff, 0xf0, 0x0, 0x0,
    0x0, 0x0, 0xec, 0xff, 0xff, 0xff, 0xff, 0xa4,
    0xa0, 0xff, 0xff, 0xff, 0xff, 0xf0, 0x0, 0x0,
    0x0, 0x0, 0xec, 0xff, 0xff, 0xff, 0xff, 0xa4,
    0xa0, 0xff, 0xff, 0xff, 0xff, 0xf0, 0x0, 0x0,
    0x0, 0x0, 0xec, 0xff, 0xff, 0xff, 0xff, 0xa4,
    0xa0, 0xff, 0xff, 0xff, 0xff, 0xf0, 0x0, 0x0,
    0x0, 0x0, 0xec, 0xff, 0xff, 0xff, 0xff, 0xa4,
    0xa0, 0xff, 0xff, 0xff, 0xff, 0xf0, 0x0, 0x0,
    0x0, 0x0, 0xec, 0xff, 0xff, 0xff, 0xff, 0xa4,
    0xa0, 0xff, 0xff, 0xff, 0xff, 0xf0, 0x0, 0x0,
    0x0, 0x0, 0xec, 0xff, 0xff, 0xff, 0xff, 0xa4,
    0xa0, 0xff, 0xff, 0xff, 0xff, 0xf0, 0x0, 0x0,
    0x0, 0x0, 0xec, 0xff, 0xff, 0xff, 0xff, 0xa4,
    0xa0, 0xff, 0xff, 0xff, 0xff, 0xf0, 0x0, 0x0,
    0x0, 0x0, 0xec, 0xff, 0xff, 0xff, 0xff, 0xa4,
    0xa0, 0xff, 0xff, 0xff, 0xff, 0xf0, 0x0, 0x0,
    0x0, 0x0, 0xec, 0xff, 0xff, 0xff, 0xff, 0xa4,
    0xa0, 0xff, 0xff, 0xff, 0xff, 0xf0, 0x0, 0x0,
    0x0, 0x45, 0xf7, 0xff, 0xff, 0xff, 0xff, 0x9e,
    0xa0, 0xff, 0xff, 0xff, 0xff, 0xf0, 0x0, 0x21,
    0xaf, 0xff, 0xff, 0xff, 0xff, 0xff, 0xff, 0x74,
    0xa0, 0xff, 0xff, 0xff, 0xff, 0xfb, 0x84, 0xf8,
    0xff, 0xff, 0xff, 0xff, 0xff, 0xff, 0xf5, 0x1a,
    0xa0, 0xff, 0xff, 0xff, 0xff, 0xff, 0xff, 0xff,
    0xff, 0xff, 0xff, 0xff, 0xff, 0xff, 0x80, 0x0,
    0xa0, 0xff, 0xff, 0xff, 0xff, 0xff, 0xff, 0xff,
    0xff, 0xff, 0xff, 0xff, 0xff, 0xb9, 0x6, 0x0,
    0xa0, 0xff, 0xff, 0xff, 0xff, 0xff, 0xff, 0xff,
    0xff, 0xff, 0xff, 0xf2, 0x75, 0x3, 0x0, 0x0,
    0x8a, 0xff, 0xff, 0xff, 0xff, 0xff, 0xff, 0xff,
    0xff, 0xfe, 0xa1, 0x18, 0x0, 0x0, 0x0, 0x0,
    0x2a, 0xec, 0xff, 0xff, 0xff, 0xff, 0xff, 0xff,
    0xca, 0x38, 0x0, 0x0, 0x0, 0x0, 0x0, 0x0,
    0x0, 0x14, 0x99, 0xfd, 0xff, 0xff, 0xe8, 0x62,
    0x1, 0x0, 0x0, 0x0, 0x0, 0x0, 0x0, 0x0,
    0x0, 0x0, 0x0, 0x2f, 0x99, 0x7b, 0xe, 0x0,
    0x0, 0x0, 0x0, 0x0, 0x0, 0x0, 0x0, 0x0,

    /* U+0050 "P" */
    0x0, 0x0, 0x0, 0x0, 0x0, 0x0, 0x0, 0x0,
    0x0, 0x0, 0x0, 0x0, 0x0, 0x0, 0x0, 0x0,
    0x0, 0x0, 0x0, 0x0, 0x0, 0x0, 0x0, 0x0,
    0x0, 0x4d, 0xd2, 0xf3, 0x86, 0xc, 0x0, 0x0,
    0x0, 0x0, 0x0, 0x0, 0x0, 0x0, 0x0, 0x27,
    0xb7, 0xff, 0xff, 0xff, 0xff, 0xe5, 0x59, 0x0,
    0x0, 0x0, 0x0, 0x0, 0x0, 0xe, 0x8c, 0xfa,
    0xff, 0xff, 0xff, 0xff, 0xff, 0xff, 0xff, 0x55,
    0x0, 0x0, 0x0, 0x1, 0x61, 0xe8, 0xff, 0xff,
    0xff, 0xff, 0xff, 0xff, 0xff, 0xff, 0xff, 0x9b,
    0x0, 0x0, 0x37, 0xc9, 0xff, 0xff, 0xff, 0xff,
    0xff, 0xff, 0xff, 0xff, 0xff, 0xff, 0xff, 0xa4,
    0x18, 0xa0, 0xfe, 0xff, 0xff, 0xff, 0xff, 0xff,
    0xff, 0xff, 0xff, 0xff, 0xff, 0xff, 0xff, 0xa4,
    0x9f, 0xff, 0xff, 0xff, 0xff, 0xff, 0xff, 0xff,
    0xff, 0xfd, 0xff, 0xff, 0xff, 0xff, 0xff, 0xa4,
    0xa0, 0xff, 0xff, 0xff, 0xff, 0xff, 0xff, 0xff,
    0xc3, 0x31, 0xec, 0xff, 0xff, 0xff, 0xff, 0xa4,
    0xa0, 0xff, 0xff, 0xff, 0xff, 0xff, 0xe4, 0x5a,
    0x0, 0x0, 0xec, 0xff, 0xff, 0xff, 0xff, 0xa4,
    0xa0, 0xff, 0xff, 0xff, 0xff, 0xf3, 0xb, 0x0,
    0x0, 0x0, 0xec, 0xff, 0xff, 0xff, 0xff, 0xa4,
    0xa0, 0xff, 0xff, 0xff, 0xff, 0xf0, 0x0, 0x0,
    0x0, 0x0, 0xec, 0xff, 0xff, 0xff, 0xff, 0xa4,
    0xa0, 0xff, 0xff, 0xff, 0xff, 0xf0, 0x0, 0x0,
    0x0, 0x0, 0xec, 0xff, 0xff, 0xff, 0xff, 0xa4,
    0xa0, 0xff, 0xff, 0xff, 0xff, 0xf0, 0x0, 0x0,
    0x0, 0x0, 0xec, 0xff, 0xff, 0xff, 0xff, 0xa4,
    0xa0, 0xff, 0xff, 0xff, 0xff, 0xf0, 0x0, 0x0,
    0x0, 0x0, 0xec, 0xff, 0xff, 0xff, 0xff, 0xa4,
    0xa0, 0xff, 0xff, 0xff, 0xff, 0xf0, 0x0, 0x0,
    0x0, 0x1a, 0xf3, 0xff, 0xff, 0xff, 0xff, 0xa1,
    0xa0, 0xff, 0xff, 0xff, 0xff, 0xf0, 0x0, 0x6,
    0x77, 0xf3, 0xff, 0xff, 0xff, 0xff, 0xff, 0x82,
    0xa0, 0xff, 0xff, 0xff, 0xff, 0xf0, 0x4c, 0xdb,
    0xff, 0xff, 0xff, 0xff, 0xff, 0xff, 0xfe, 0x2d,
    0xa0, 0xff, 0xff, 0xff, 0xff, 0xff, 0xff, 0xff,
    0xff, 0xff, 0xff, 0xff, 0xff, 0xff, 0x9f, 0x0,
    0xa0, 0xff, 0xff, 0xff, 0xff, 0xff, 0xff, 0xff,
    0xff, 0xff, 0xff, 0xff, 0xff, 0xde, 0x16, 0x0,
    0xa0, 0xff, 0xff, 0xff, 0xff, 0xff, 0xff, 0xff,
    0xff, 0xff, 0xff, 0xff, 0xae, 0x17, 0x0, 0x0,
    0xa0, 0xff, 0xff, 0xff, 0xff, 0xff, 0xff, 0xff,
    0xff, 0xff, 0xd5, 0x44, 0x0, 0x0, 0x0, 0x0,
    0xa0, 0xff, 0xff, 0xff, 0xff, 0xff, 0xe0, 0xff,
    0xef, 0x71, 0x4, 0x0, 0x0, 0x0, 0x0, 0x0,
    0xa0, 0xff, 0xff, 0xff, 0xff, 0xf0, 0x7, 0x3b,
    0xe, 0x0, 0x0, 0x0, 0x0, 0x0, 0x0, 0x0,
    0xa0, 0xff, 0xff, 0xff, 0xff, 0xf0, 0x0, 0x0,
    0x0, 0x0, 0x0, 0x0, 0x0, 0x0, 0x0, 0x0,
    0xa0, 0xff, 0xff, 0xff, 0xff, 0xf0, 0x0, 0x0,
    0x0, 0x0, 0x0, 0x0, 0x0, 0x0, 0x0, 0x0,
    0xa0, 0xff, 0xff, 0xff, 0xff, 0xf0, 0x0, 0x0,
    0x0, 0x0, 0x0, 0x0, 0x0, 0x0, 0x0, 0x0,
    0xa0, 0xff, 0xff, 0xff, 0xff, 0xf0, 0x0, 0x0,
    0x0, 0x0, 0x0, 0x0, 0x0, 0x0, 0x0, 0x0,
    0xa0, 0xff, 0xff, 0xff, 0xff, 0xf0, 0x0, 0x0,
    0x0, 0x0, 0x0, 0x0, 0x0, 0x0, 0x0, 0x0,
    0xa0, 0xff, 0xff, 0xff, 0xff, 0xf0, 0x0, 0x0,
    0x0, 0x0, 0x0, 0x0, 0x0, 0x0, 0x0, 0x0,
    0xa0, 0xff, 0xff, 0xff, 0xff, 0xf0, 0x0, 0x0,
    0x0, 0x0, 0x0, 0x0, 0x0, 0x0, 0x0, 0x0,
    0x1d, 0xa9, 0xff, 0xff, 0xd3, 0x41, 0x0, 0x0,
    0x0, 0x0, 0x0, 0x0, 0x0, 0x0, 0x0, 0x0,
    0x0, 0x0, 0x3e, 0x69, 0x3, 0x0, 0x0, 0x0,
    0x0, 0x0, 0x0, 0x0, 0x0, 0x0, 0x0, 0x0,

    /* U+0051 "Q" */
    0x0, 0x0, 0x0, 0x0, 0x0, 0x0, 0x0, 0x0,
    0x0, 0x0, 0x0, 0x0, 0x0, 0x0, 0x0, 0x0,
    0x0, 0x0, 0x0, 0x0, 0x0, 0x0, 0x0, 0x0,
    0x0, 0x0, 0x0, 0x4d, 0xd2, 0xf3, 0x86, 0xc,
    0x0, 0x0, 0x0, 0x0, 0x0, 0x0, 0x0, 0x0,
    0x0, 0x0, 0x0, 0x27, 0xb7, 0xff, 0xff, 0xff,
    0xff, 0xe5, 0x59, 0x0, 0x0, 0x0, 0x0, 0x0,
    0x0, 0x0, 0x0, 0xe, 0x8c, 0xfa, 0xff, 0xff,
    0xff, 0xff, 0xff, 0xff, 0xff, 0x55, 0x0, 0x0,
    0x0, 0x0, 0x0, 0x1, 0x60, 0xe8, 0xff, 0xff,
    0xff, 0xff, 0xff, 0xff, 0xff, 0xff, 0xff, 0x9b,
    0x0, 0x0, 0x0, 0x0, 0x27, 0xc9, 0xff, 0xff,
    0xff, 0xff, 0xff, 0xff, 0xff, 0xff, 0xff, 0xff,
    0xff, 0xa4, 0x0, 0x0, 0x0, 0x22, 0xeb, 0xff,
    0xff, 0xff, 0xff, 0xff, 0xff, 0xff, 0xff, 0xff,
    0xff, 0xff, 0xff, 0xa4, 0x0, 0x0, 0x0, 0xb5,
    0xff, 0xff, 0xff, 0xff, 0xff, 0xff, 0xff, 0xfd,
    0xff, 0xff, 0xff, 0xff, 0xff, 0xa4, 0x0, 0x0,
    0x3e, 0xff, 0xff, 0xff, 0xff, 0xff, 0xff, 0xff,
    0xc3, 0x31, 0xec, 0xff, 0xff, 0xff, 0xff, 0xa4,
    0x0, 0x0, 0x88, 0xff, 0xff, 0xff, 0xff, 0xff,
    0xe4, 0x5a, 0x0, 0x0, 0xec, 0xff, 0xff, 0xff,
    0xff, 0xa4, 0x0, 0x0, 0x9f, 0xff, 0xff, 0xff,
    0xff, 0xf3, 0xb, 0x0, 0x0, 0x0, 0xec, 0xff,
    0xff, 0xff, 0xff, 0xa4, 0x0, 0x0, 0xa0, 0xff,
    0xff, 0xff, 0xff, 0xf0, 0x0, 0x0, 0x0, 0x0,
    0xec, 0xff, 0xff, 0xff, 0xff, 0xa4, 0x0, 0x0,
    0xa0, 0xff, 0xff, 0xff, 0xff, 0xf0, 0x0, 0x0,
    0x0, 0x0, 0xec, 0xff, 0xff, 0xff, 0xff, 0xa4,
    0x0, 0x0, 0xa0, 0xff, 0xff, 0xff, 0xff, 0xf0,
    0x0, 0x0, 0x0, 0x0, 0xec, 0xff, 0xff, 0xff,
    0xff, 0xa4, 0x0, 0x0, 0xa0, 0xff, 0xff, 0xff,
    0xff, 0xf0, 0x0, 0x0, 0x0, 0x0, 0xec, 0xff,
    0xff, 0xff, 0xff, 0xa4, 0x0, 0x0, 0xa0, 0xff,
    0xff, 0xff, 0xff, 0xf0, 0x0, 0x0, 0x0, 0x0,
    0xec, 0xff, 0xff, 0xff, 0xff, 0xa4, 0x0, 0x0,
    0xa0, 0xff, 0xff, 0xff, 0xff, 0xf0, 0x0, 0x0,
    0x0, 0x0, 0xec, 0xff, 0xff, 0xff, 0xff, 0xa4,
    0x0, 0x0, 0xa0, 0xff, 0xff, 0xff, 0xff, 0xf0,
    0x0, 0x0, 0x0, 0x0, 0xec, 0xff, 0xff, 0xff,
    0xff, 0xa4, 0x0, 0x0, 0xa0, 0xff, 0xff, 0xff,
    0xff, 0xf0, 0x0, 0x0, 0x0, 0x0, 0xec, 0xff,
    0xff, 0xff, 0xff, 0xa4, 0x0, 0x0, 0xa0, 0xff,
    0xff, 0xff, 0xff, 0xf0, 0x0, 0x0, 0x0, 0x0,
    0xec, 0xff, 0xff, 0xff, 0xff, 0xa4, 0x0, 0x0,
    0xa0, 0xff, 0xff, 0xff, 0xff, 0xf0, 0x0, 0x0,
    0x0, 0x0, 0xec, 0xff, 0xff, 0xff, 0xff, 0x98,
    0x0, 0x0, 0xa0, 0xff, 0xff, 0xff, 0xff, 0xf0,
    0x0, 0x0, 0x0, 0x0, 0xec, 0xff, 0xff, 0xff,
    0xff, 0xff, 0x18, 0x0, 0xa0, 0xff, 0xff, 0xff,
    0xff, 0xf0, 0x0, 0x0, 0x0, 0x0, 0xf0, 0xff,
    0xff, 0xff, 0xff, 0xff, 0xf2, 0x32, 0xa0, 0xff,
    0xff, 0xff, 0xff, 0xf0, 0x0, 0x0, 0x0, 0x45,
    0xff, 0xff, 0xff, 0xff, 0xff, 0xff, 0xff, 0x4c,
    0xa0, 0xff, 0xff, 0xff, 0xff, 0xf0, 0x0, 0x21,
    0xaf, 0xff, 0xff, 0xff, 0xff, 0xff, 0xff, 0xff,
    0xff, 0x4c, 0xa0, 0xff, 0xff, 0xff, 0xff, 0xfb,
    0x84, 0xf8, 0xff, 0xff, 0xff, 0xff, 0xff, 0xff,
    0xff, 0xff, 0xf9, 0x38, 0xa0, 0xff, 0xff, 0xff,
    0xff, 0xff, 0xff, 0xff, 0xff, 0xff, 0xff, 0xff,
    0xff, 0xff, 0xff, 0xb5, 0x25, 0x0, 0xa0, 0xff,
    0xff, 0xff, 0xff, 0xff, 0xff, 0xff, 0xff, 0xff,
    0xff, 0xff, 0xff, 0xda, 0x4a, 0x0, 0x0, 0x0,
    0xa0, 0xff, 0xff, 0xff, 0xff, 0xff, 0xff, 0xff,
    0xff, 0xff, 0xff, 0xf2, 0x76, 0x6, 0x0, 0x0,
    0x0, 0x0, 0x8a, 0xff, 0xff, 0xff, 0xff, 0xff,
    0xff, 0xff, 0xff, 0xfe, 0xa2, 0x18, 0x0, 0x0,
    0x0, 0x0, 0x0, 0x0, 0x2a, 0xec, 0xff, 0xff,
    0xff, 0xff, 0xff, 0xff, 0xca, 0x38, 0x0, 0x0,
    0x0, 0x0, 0x0, 0x0, 0x0, 0x0, 0x0, 0x14,
    0x99, 0xfd, 0xff, 0xff, 0xe8, 0x62, 0x1, 0x0,
    0x0, 0x0, 0x0, 0x0, 0x0, 0x0, 0x0, 0x0,
    0x0, 0x0, 0x0, 0x2f, 0x99, 0x7b, 0xe, 0x0,
    0x0, 0x0, 0x0, 0x0, 0x0, 0x0, 0x0, 0x0,
    0x0, 0x0,

    /* U+0052 "R" */
    0x0, 0x0, 0x0, 0x0, 0x0, 0x0, 0x0, 0x0,
    0x0, 0x0, 0x0, 0x0, 0x0, 0x0, 0x0, 0x0,
    0x0, 0x0, 0x0, 0x0, 0x0, 0x0, 0x0, 0x0,
    0x0, 0x4d, 0xd2, 0xf3, 0x86, 0xc, 0x0, 0x0,
    0x0, 0x0, 0x0, 0x0, 0x0, 0x0, 0x0, 0x27,
    0xb7, 0xff, 0xff, 0xff, 0xff, 0xe5, 0x59, 0x0,
    0x0, 0x0, 0x0, 0x0, 0x0, 0xe, 0x8c, 0xfa,
    0xff, 0xff, 0xff, 0xff, 0xff, 0xff, 0xff, 0x55,
    0x0, 0x0, 0x0, 0x1, 0x61, 0xe8, 0xff, 0xff,
    0xff, 0xff, 0xff, 0xff, 0xff, 0xff, 0xff, 0x9b,
    0x0, 0x0, 0x37, 0xc9, 0xff, 0xff, 0xff, 0xff,
    0xff, 0xff, 0xff, 0xff, 0xff, 0xff, 0xff, 0xa4,
    0x18, 0xa0, 0xfe, 0xff, 0xff, 0xff, 0xff, 0xff,
    0xff, 0xff, 0xff, 0xff, 0xff, 0xff, 0xff, 0xa4,
    0x9f, 0xff, 0xff, 0xff, 0xff, 0xff, 0xff, 0xff,
    0xff, 0xfd, 0xff, 0xff, 0xff, 0xff, 0xff, 0xa4,
    0xa0, 0xff, 0xff, 0xff, 0xff, 0xff, 0xff, 0xff,
    0xc3, 0x31, 0xec, 0xff, 0xff, 0xff, 0xff, 0xa4,
    0xa0, 0xff, 0xff, 0xff, 0xff, 0xff, 0xe4, 0x5a,
    0x0, 0x0, 0xec, 0xff, 0xff, 0xff, 0xff, 0xa4,
    0xa0, 0xff, 0xff, 0xff, 0xff, 0xf3, 0xb, 0x0,
    0x0, 0x0, 0xec, 0xff, 0xff, 0xff, 0xff, 0xa4,
    0xa0, 0xff, 0xff, 0xff, 0xff, 0xf0, 0x0, 0x0,
    0x0, 0x0, 0xec, 0xff, 0xff, 0xff, 0xff, 0xa4,
    0xa0, 0xff, 0xff, 0xff, 0xff, 0xf0, 0x0, 0x0,
    0x0, 0x0, 0xec, 0xff, 0xff, 0xff, 0xff, 0x9e,
    0xa0, 0xff, 0xff, 0xff, 0xff, 0xf0, 0x0, 0x0,
    0x0, 0x0, 0xec, 0xff, 0xff, 0xff, 0xff, 0x73,
    0xa0, 0xff, 0xff, 0xff, 0xff, 0xf0, 0x0, 0x0,
    0x0, 0x0, 0xec, 0xff, 0xff, 0xff, 0xf4, 0x19,
    0xa0, 0xff, 0xff, 0xff, 0xff, 0xf0, 0x0, 0x0,
    0x0, 0x1a, 0xff, 0xff, 0xff, 0xff, 0x7d, 0x0,
    0xa0, 0xff, 0xff, 0xff, 0xff, 0xf0, 0x0, 0x6,
    0x77, 0xf3, 0xff, 0xff, 0xff, 0xff, 0x28, 0x0,
    0xa0, 0xff, 0xff, 0xff, 0xff, 0xf0, 0x4c, 0xdb,
    0xff, 0xff, 0xff, 0xff, 0xff, 0xff, 0xf3, 0x33,
    0xa0, 0xff, 0xff, 0xff, 0xff, 0xff, 0xff, 0xff,
    0xff, 0xff, 0xff, 0xff, 0xff, 0xff, 0xff, 0x91,
    0xa0, 0xff, 0xff, 0xff, 0xff, 0xff, 0xff, 0xff,
    0xff, 0xff, 0xff, 0xff, 0xff, 0xff, 0xff, 0xa4,
    0xa0, 0xff, 0xff, 0xff, 0xff, 0xff, 0xff, 0xff,
    0xff, 0xff, 0xff, 0xff, 0xff, 0xff, 0xff, 0xa4,
    0xa0, 0xff, 0xff, 0xff, 0xff, 0xff, 0xff, 0xff,
    0xff, 0xff, 0xff, 0xff, 0xff, 0xff, 0xff, 0xa4,
    0xa0, 0xff, 0xff, 0xff, 0xff, 0xff, 0xff, 0xff,
    0xef, 0x6f, 0xf0, 0xff, 0xff, 0xff, 0xff, 0xa4,
    0xa0, 0xff, 0xff, 0xff, 0xff, 0xff, 0xfd, 0x9a,
    0x15, 0x0, 0xec, 0xff, 0xff, 0xff, 0xff, 0xa4,
    0xa0, 0xff, 0xff, 0xff, 0xff, 0xf7, 0x32, 0x0,
    0x0, 0x0, 0xec, 0xff, 0xff, 0xff, 0xff, 0xa4,
    0xa0, 0xff, 0xff, 0xff, 0xff, 0xf0, 0x0, 0x0,
    0x0, 0x0, 0x8d, 0xfc, 0xff, 0xff, 0xec, 0x54,
    0xa0, 0xff, 0xff, 0xff, 0xff, 0xf0, 0x0, 0x0,
    0x0, 0x0, 0x0, 0x2c, 0xbb, 0x94, 0x12, 0x0,
    0xa0, 0xff, 0xff, 0xff, 0xff, 0xf0, 0x0, 0x0,
    0x0, 0x0, 0x0, 0x0, 0x0, 0x0, 0x0, 0x0,
    0xa0, 0xff, 0xff, 0xff, 0xff, 0xf0, 0x0, 0x0,
    0x0, 0x0, 0x0, 0x0, 0x0, 0x0, 0x0, 0x0,
    0xa0, 0xff, 0xff, 0xff, 0xff, 0xf0, 0x0, 0x0,
    0x0, 0x0, 0x0, 0x0, 0x0, 0x0, 0x0, 0x0,
    0xa0, 0xff, 0xff, 0xff, 0xff, 0xf0, 0x0, 0x0,
    0x0, 0x0, 0x0, 0x0, 0x0, 0x0, 0x0, 0x0,
    0x1d, 0xa9, 0xff, 0xff, 0xd3, 0x41, 0x0, 0x0,
    0x0, 0x0, 0x0, 0x0, 0x0, 0x0, 0x0, 0x0,
    0x0, 0x0, 0x3e, 0x69, 0x3, 0x0, 0x0, 0x0,
    0x0, 0x0, 0x0, 0x0, 0x0, 0x0, 0x0, 0x0,

    /* U+0053 "S" */
    0x0, 0x0, 0x0, 0x0, 0x0, 0x0, 0x0, 0x0,
    0x0, 0x0, 0x0, 0x0, 0x0, 0x0, 0x0, 0x0,
    0x0, 0x0, 0x0, 0x0, 0x0, 0x0, 0x0, 0x0,
    0x0, 0x4d, 0xd2, 0xf3, 0x86, 0xc, 0x0, 0x0,
    0x0, 0x0, 0x0, 0x0, 0x0, 0x0, 0x0, 0x27,
    0xb7, 0xff, 0xff, 0xff, 0xff, 0xe5, 0x59, 0x0,
    0x0, 0x0, 0x0, 0x0, 0x0, 0xe, 0x8c, 0xfa,
    0xff, 0xff, 0xff, 0xff, 0xff, 0xff, 0xff, 0x55,
    0x0, 0x0, 0x0, 0x1, 0x60, 0xe8, 0xff, 0xff,
    0xff, 0xff, 0xff, 0xff, 0xff, 0xff, 0xff, 0x9b,
    0x0, 0x0, 0x27, 0xc9, 0xff, 0xff, 0xff, 0xff,
    0xff, 0xff, 0xff, 0xff, 0xff, 0xff, 0xff, 0xa4,
    0x0, 0x22, 0xeb, 0xff, 0xff, 0xff, 0xff, 0xff,
    0xff, 0xff, 0xff, 0xff, 0xff, 0xff, 0xff, 0xa4,
    0x0, 0xb5, 0xff, 0xff, 0xff, 0xff, 0xff, 0xff,
    0xff, 0xfd, 0xff, 0xff, 0xff, 0xff, 0xff, 0xa4,
    0x3e, 0xff, 0xff, 0xff, 0xff, 0xff, 0xff, 0xff,
    0xc3, 0x31, 0xec, 0xff, 0xff, 0xff, 0xff, 0xa4,
    0x88, 0xff, 0xff, 0xff, 0xff, 0xff, 0xe4, 0x5a,
    0x0, 0x0, 0x5d, 0xe7, 0xff, 0xff, 0xc9, 0x33,
    0x9f, 0xff, 0xff, 0xff, 0xff, 0xf3, 0xb, 0x0,
    0x0, 0x0, 0x0, 0xd, 0x87, 0x60, 0x1, 0x0,
    0xa0, 0xff, 0xff, 0xff, 0xff, 0xf0, 0x0, 0x0,
    0x0, 0x0, 0x0, 0x0, 0x0, 0x0, 0x0, 0x0,
    0xa0, 0xff, 0xff, 0xff, 0xff, 0xf0, 0x0, 0x0,
    0x0, 0x49, 0xce, 0xf1, 0x85, 0xb, 0x0, 0x0,
    0xa0, 0xff, 0xff, 0xff, 0xff, 0xf0, 0x0, 0x24,
    0xb3, 0xff, 0xff, 0xff, 0xff, 0xe4, 0x55, 0x0,
    0xa0, 0xff, 0xff, 0xff, 0xff, 0xfc, 0x88, 0xf9,
    0xff, 0xff, 0xff, 0xff, 0xff, 0xff, 0xff, 0x53,
    0xa0, 0xff, 0xff, 0xff, 0xff, 0xff, 0xff, 0xff,
    0xff, 0xff, 0xff, 0xff, 0xff, 0xff, 0xff, 0x9a,
    0xa0, 0xff, 0xff, 0xff, 0xff, 0xff, 0xff, 0xff,
    0xff, 0xff, 0xff, 0xff, 0xff, 0xff, 0xff, 0xa4,
    0xa0, 0xff, 0xff, 0xff, 0xff, 0xff, 0xff, 0xff,
    0xff, 0xff, 0xff, 0xff, 0xff, 0xff, 0xff, 0xa4,
    0x8a, 0xff, 0xff, 0xff, 0xff, 0xff, 0xff, 0xff,
    0xff, 0xfe, 0xff, 0xff, 0xff, 0xff, 0xff, 0xa4,
    0x28, 0xea, 0xff, 0xff, 0xff, 0xff, 0xff, 0xff,
    0xc7, 0x34, 0xec, 0xff, 0xff, 0xff, 0xff, 0xa4,
    0x0, 0x12, 0x95, 0xfc, 0xff, 0xff, 0xe6, 0x5e,
    0x1, 0x0, 0xec, 0xff, 0xff, 0xff, 0xff, 0xa4,
    0x0, 0x0, 0x0, 0x2c, 0x95, 0x77, 0xd, 0x0,
    0x0, 0x0, 0xec, 0xff, 0xff, 0xff, 0xff, 0xa4,
    0x0, 0x0, 0x0, 0x0, 0x0, 0x0, 0x0, 0x0,
    0x0, 0x0, 0xec, 0xff, 0xff, 0xff, 0xff, 0xa4,
    0x0, 0x0, 0x0, 0x0, 0x0, 0x0, 0x0, 0x0,
    0x0, 0x45, 0xf7, 0xff, 0xff, 0xff, 0xff, 0x9e,
    0x0, 0x3, 0x6a, 0x95, 0x14, 0x0, 0x0, 0x21,
    0xaf, 0xff, 0xff, 0xff, 0xff, 0xff, 0xff, 0x74,
    0x3a, 0xd2, 0xff, 0xff, 0xef, 0x78, 0x84, 0xf8,
    0xff, 0xff, 0xff, 0xff, 0xff, 0xff, 0xf5, 0x1a,
    0xa0, 0xff, 0xff, 0xff, 0xff, 0xff, 0xff, 0xff,
    0xff, 0xff, 0xff, 0xff, 0xff, 0xff, 0x80, 0x0,
    0xa0, 0xff, 0xff, 0xff, 0xff, 0xff, 0xff, 0xff,
    0xff, 0xff, 0xff, 0xff, 0xff, 0xb9, 0x6, 0x0,
    0xa0, 0xff, 0xff, 0xff, 0xff, 0xff, 0xff, 0xff,
    0xff, 0xff, 0xff, 0xf2, 0x75, 0x3, 0x0, 0x0,
    0x8a, 0xff, 0xff, 0xff, 0xff, 0xff, 0xff, 0xff,
    0xff, 0xfe, 0xa1, 0x18, 0x0, 0x0, 0x0, 0x0,
    0x2a, 0xec, 0xff, 0xff, 0xff, 0xff, 0xff, 0xff,
    0xca, 0x38, 0x0, 0x0, 0x0, 0x0, 0x0, 0x0,
    0x0, 0x14, 0x99, 0xfd, 0xff, 0xff, 0xe8, 0x62,
    0x1, 0x0, 0x0, 0x0, 0x0, 0x0, 0x0, 0x0,
    0x0, 0x0, 0x0, 0x2f, 0x99, 0x7b, 0xe, 0x0,
    0x0, 0x0, 0x0, 0x0, 0x0, 0x0, 0x0, 0x0,

    /* U+0054 "T" */
    0x0, 0x0, 0x0, 0x0, 0x0, 0x0, 0x0, 0x0,
    0x0, 0x0, 0x0, 0x0, 0x0, 0x6, 0x0, 0x0,
    0x0, 0x0, 0x0, 0x0, 0x0, 0x0, 0x0, 0x0,
    0x0, 0x0, 0x0, 0x2e, 0xbf, 0xe0, 0x54, 0x0,
    0x0, 0x0, 0x0, 0x0, 0x0, 0x0, 0x0, 0x0,
    0x0, 0x12, 0x95, 0xfc, 0xff, 0xff, 0xff, 0xb0,
    0x0, 0x0, 0x0, 0x0, 0x0, 0x0, 0x0, 0x3,
    0x6a, 0xed, 0xff, 0xff, 0xff, 0xff, 0xff, 0xe4,
    0x0, 0x0, 0x0, 0x0, 0x0, 0x0, 0x3f, 0xd1,
    0xff, 0xff, 0xff, 0xff, 0xff, 0xff, 0xff, 0xe4,
    0x0, 0x0, 0x0, 0x0, 0x1e, 0xa9, 0xff, 0xff,
    0xff, 0xff, 0xff, 0xff, 0xff, 0xff, 0xff, 0xd4,
    0x0, 0x0, 0x9, 0x7e, 0xf6, 0xff, 0xff, 0xff,
    0xff, 0xff, 0xff, 0xff, 0xff, 0xfa, 0x8c, 0xe,
    0x0, 0x53, 0xe0, 0xff, 0xff, 0xff, 0xff, 0xff,
    0xff, 0xff, 0xff, 0xff, 0xb6, 0x26, 0x0, 0x0,
    0x88, 0xff, 0xff, 0xff, 0xff, 0xff, 0xff, 0xff,
    0xff, 0xff, 0xf6, 0x4c, 0x0, 0x0, 0x0, 0x0,
    0xa0, 0xff, 0xff, 0xff, 0xff, 0xff, 0xff, 0xff,
    0xff, 0xff, 0xe8, 0x0, 0x0, 0x0, 0x0, 0x0,
    0xa0, 0xff, 0xff, 0xff, 0xff, 0xff, 0xff, 0xff,
    0xff, 0xff, 0xe8, 0x0, 0x0, 0x0, 0x0, 0x0,
    0x77, 0xfe, 0xff, 0xff, 0xff, 0xff, 0xff, 0xff,
    0xff, 0xff, 0xe8, 0x0, 0x0, 0x0, 0x0, 0x0,
    0x0, 0x3a, 0xcc, 0xeb, 0x67, 0xa2, 0xff, 0xff,
    0xff, 0xff, 0xe8, 0x0, 0x0, 0x0, 0x0, 0x0,
    0x0, 0x0, 0x2, 0xd, 0x0, 0xa0, 0xff, 0xff,
    0xff, 0xff, 0xe8, 0x0, 0x0, 0x0, 0x0, 0x0,
    0x0, 0x0, 0x0, 0x0, 0x0, 0xa0, 0xff, 0xff,
    0xff, 0xff, 0xe8, 0x0, 0x0, 0x0, 0x0, 0x0,
    0x0, 0x0, 0x0, 0x0, 0x0, 0xa0, 0xff, 0xff,
    0xff, 0xff, 0xe8, 0x0, 0x0, 0x0, 0x0, 0x0,
    0x0, 0x0, 0x0, 0x0, 0x0, 0xa0, 0xff, 0xff,
    0xff, 0xff, 0xe8, 0x0, 0x0, 0x0, 0x0, 0x0,
    0x0, 0x0, 0x0, 0x0, 0x0, 0xa0, 0xff, 0xff,
    0xff, 0xff, 0xe8, 0x0, 0x0, 0x0, 0x0, 0x0,
    0x0, 0x0, 0x0, 0x0, 0x0, 0xa0, 0xff, 0xff,
    0xff, 0xff, 0xe8, 0x0, 0x0, 0x0, 0x0, 0x0,
    0x0, 0x0, 0x0, 0x0, 0x0, 0xa0, 0xff, 0xff,
    0xff, 0xff, 0xe8, 0x0, 0x0, 0x0, 0x0, 0x0,
    0x0, 0x0, 0x0, 0x0, 0x0, 0xa0, 0xff, 0xff,
    0xff, 0xff, 0xe8, 0x0, 0x0, 0x0, 0x0, 0x0,
    0x0, 0x0, 0x0, 0x0, 0x0, 0xa0, 0xff, 0xff,
    0xff, 0xff, 0xe8, 0x0, 0x0, 0x0, 0x0, 0x0,
    0x0, 0x0, 0x0, 0x0, 0x0, 0xa0, 0xff, 0xff,
    0xff, 0xff, 0xe8, 0x0, 0x0, 0x0, 0x0, 0x0,
    0x0, 0x0, 0x0, 0x0, 0x0, 0xa0, 0xff, 0xff,
    0xff, 0xff, 0xe8, 0x0, 0x0, 0x0, 0x0, 0x0,
    0x0, 0x0, 0x0, 0x0, 0x0, 0xa0, 0xff, 0xff,
    0xff, 0xff, 0xe8, 0x0, 0x0, 0x0, 0x0, 0x0,
    0x0, 0x0, 0x0, 0x0, 0x0, 0xa0, 0xff, 0xff,
    0xff, 0xff, 0xe8, 0x0, 0x0, 0x0, 0x0, 0x0,
    0x0, 0x0, 0x0, 0x0, 0x0, 0xa0, 0xff, 0xff,
    0xff, 0xff, 0xe8, 0x0, 0x0, 0x0, 0x0, 0x0,
    0x0, 0x0, 0x0, 0x0, 0x0, 0xa0, 0xff, 0xff,
    0xff, 0xff, 0xe8, 0x0, 0x0, 0x0, 0x0, 0x0,
    0x0, 0x0, 0x0, 0x0, 0x0, 0xa0, 0xff, 0xff,
    0xff, 0xff, 0xe8, 0x0, 0x0, 0x0, 0x0, 0x0,
    0x0, 0x0, 0x0, 0x0, 0x0, 0xa0, 0xff, 0xff,
    0xff, 0xff, 0xe8, 0x0, 0x0, 0x0, 0x0, 0x0,
    0x0, 0x0, 0x0, 0x0, 0x0, 0xa0, 0xff, 0xff,
    0xff, 0xff, 0xe8, 0x0, 0x0, 0x0, 0x0, 0x0,
    0x0, 0x0, 0x0, 0x0, 0x0, 0x1d, 0xa9, 0xff,
    0xff, 0xd1, 0x3e, 0x0, 0x0, 0x0, 0x0, 0x0,
    0x0, 0x0, 0x0, 0x0, 0x0, 0x0, 0x0, 0x3e,
    0x68, 0x3, 0x0, 0x0, 0x0, 0x0, 0x0, 0x0,

    /* U+0055 "U" */
    0x0, 0x0, 0x0, 0x0, 0x0, 0x0, 0x0, 0x0,
    0x0, 0x0, 0x0, 0x2f, 0xbf, 0x97, 0x13, 0x0,
    0x0, 0x0, 0x0, 0x0, 0x0, 0x0, 0x0, 0x0,
    0x0, 0x0, 0x90, 0xfc, 0xff, 0xff, 0xee, 0x56,
    0x0, 0x0, 0x0, 0x0, 0x0, 0x0, 0x0, 0x0,
    0x0, 0x0, 0xec, 0xff, 0xff, 0xff, 0xff, 0xa4,
    0x0, 0x0, 0x0, 0x0, 0x0, 0x0, 0x0, 0x0,
    0x0, 0x0, 0xec, 0xff, 0xff, 0xff, 0xff, 0xa4,
    0x0, 0x0, 0x0, 0x0, 0x0, 0x0, 0x0, 0x0,
    0x0, 0x0, 0xec, 0xff, 0xff, 0xff, 0xff, 0xa4,
    0x0, 0x0, 0x9, 0x1d, 0x0, 0x0, 0x0, 0x0,
    0x0, 0x0, 0xec, 0xff, 0xff, 0xff, 0xff, 0xa4,
    0x0, 0x54, 0xe0, 0xf7, 0x82, 0xa, 0x0, 0x0,
    0x0, 0x0, 0xec, 0xff, 0xff, 0xff, 0xff, 0xa4,
    0x88, 0xff, 0xff, 0xff, 0xff, 0xd8, 0x0, 0x0,
    0x0, 0x0, 0xec, 0xff, 0xff, 0xff, 0xff, 0xa4,
    0xa0, 0xff, 0xff, 0xff, 0xff, 0xf0, 0x0, 0x0,
    0x0, 0x0, 0xec, 0xff, 0xff, 0xff, 0xff, 0xa4,
    0xa0, 0xff, 0xff, 0xff, 0xff, 0xf0, 0x0, 0x0,
    0x0, 0x0, 0xec, 0xff, 0xff, 0xff, 0xff, 0xa4,
    0xa0, 0xff, 0xff, 0xff, 0xff, 0xf0, 0x0, 0x0,
    0x0, 0x0, 0xec, 0xff, 0xff, 0xff, 0xff, 0xa4,
    0xa0, 0xff, 0xff, 0xff, 0xff, 0xf0, 0x0, 0x0,
    0x0, 0x0, 0xec, 0xff, 0xff, 0xff, 0xff, 0xa4,
    0xa0, 0xff, 0xff, 0xff, 0xff, 0xf0, 0x0, 0x0,
    0x0, 0x0, 0xec, 0xff, 0xff, 0xff, 0xff, 0xa4,
    0xa0, 0xff, 0xff, 0xff, 0xff, 0xf0, 0x0, 0x0,
    0x0, 0x0, 0xec, 0xff, 0xff, 0xff, 0xff, 0xa4,
    0xa0, 0xff, 0xff, 0xff, 0xff, 0xf0, 0x0, 0x0,
    0x0, 0x0, 0xec, 0xff, 0xff, 0xff, 0xff, 0xa4,
    0xa0, 0xff, 0xff, 0xff, 0xff, 0xf0, 0x0, 0x0,
    0x0, 0x0, 0xec, 0xff, 0xff, 0xff, 0xff, 0xa4,
    0xa0, 0xff, 0xff, 0xff, 0xff, 0xf0, 0x0, 0x0,
    0x0, 0x0, 0xec, 0xff, 0xff, 0xff, 0xff, 0xa4,
    0xa0, 0xff, 0xff, 0xff, 0xff, 0xf0, 0x0, 0x0,
    0x0, 0x0, 0xec, 0xff, 0xff, 0xff, 0xff, 0xa4,
    0xa0, 0xff, 0xff, 0xff, 0xff, 0xf0, 0x0, 0x0,
    0x0, 0x0, 0xec, 0xff, 0xff, 0xff, 0xff, 0xa4,
    0xa0, 0xff, 0xff, 0xff, 0xff, 0xf0, 0x0, 0x0,
    0x0, 0x0, 0xec, 0xff, 0xff, 0xff, 0xff, 0xa4,
    0xa0, 0xff, 0xff, 0xff, 0xff, 0xf0, 0x0, 0x0,
    0x0, 0x0, 0xec, 0xff, 0xff, 0xff, 0xff, 0xa4,
    0xa0, 0xff, 0xff, 0xff, 0xff, 0xf0, 0x0, 0x0,
    0x0, 0x0, 0xec, 0xff, 0xff, 0xff, 0xff, 0xa4,
    0xa0, 0xff, 0xff, 0xff, 0xff, 0xf0, 0x0, 0x0,
    0x0, 0x45, 0xf7, 0xff, 0xff, 0xff, 0xff, 0x9e,
    0xa0, 0xff, 0xff, 0xff, 0xff, 0xf0, 0x0, 0x21,
    0xaf, 0xff, 0xff, 0xff, 0xff, 0xff, 0xff, 0x74,
    0xa0, 0xff, 0xff, 0xff, 0xff, 0xfb, 0x84, 0xf8,
    0xff, 0xff, 0xff, 0xff, 0xff, 0xff, 0xf5, 0x1a,
    0xa0, 0xff, 0xff, 0xff, 0xff, 0xff, 0xff, 0xff,
    0xff, 0xff, 0xff, 0xff, 0xff, 0xff, 0x80, 0x0,
    0xa0, 0xff, 0xff, 0xff, 0xff, 0xff, 0xff, 0xff,
    0xff, 0xff, 0xff, 0xff, 0xff, 0xb9, 0x6, 0x0,
    0xa0, 0xff, 0xff, 0xff, 0xff, 0xff, 0xff, 0xff,
    0xff, 0xff, 0xff, 0xf2, 0x75, 0x3, 0x0, 0x0,
    0x8a, 0xff, 0xff, 0xff, 0xff, 0xff, 0xff, 0xff,
    0xff, 0xfe, 0xa1, 0x18, 0x0, 0x0, 0x0, 0x0,
    0x2a, 0xec, 0xff, 0xff, 0xff, 0xff, 0xff, 0xff,
    0xca, 0x38, 0x0, 0x0, 0x0, 0x0, 0x0, 0x0,
    0x0, 0x14, 0x99, 0xfd, 0xff, 0xff, 0xe8, 0x62,
    0x1, 0x0, 0x0, 0x0, 0x0, 0x0, 0x0, 0x0,
    0x0, 0x0, 0x0, 0x2f, 0x99, 0x7b, 0xe, 0x0,
    0x0, 0x0, 0x0, 0x0, 0x0, 0x0, 0x0, 0x0,

    /* U+0056 "V" */
    0x0, 0x0, 0x0, 0x0, 0x0, 0x0, 0x0, 0x0,
    0x0, 0x0, 0x0, 0x2f, 0xbf, 0x97, 0x13, 0x0,
    0x0, 0x0, 0x0, 0x0, 0x0, 0x0, 0x0, 0x0,
    0x0, 0x0, 0x90, 0xfc, 0xff, 0xff, 0xee, 0x56,
    0x0, 0x0, 0x0, 0x0, 0x0, 0x0, 0x0, 0x0,
    0x0, 0x0, 0xec, 0xff, 0xff, 0xff, 0xff, 0xa4,
    0x0, 0x0, 0x0, 0x0, 0x0, 0x0, 0x0, 0x0,
    0x0, 0x0, 0xec, 0xff, 0xff, 0xff, 0xff, 0xa4,
    0x0, 0x0, 0x0, 0x0, 0x0, 0x0, 0x0, 0x0,
    0x0, 0x0, 0xec, 0xff, 0xff, 0xff, 0xff, 0xa4,
    0x0, 0x0, 0x9, 0x1d, 0x0, 0x0, 0x0, 0x0,
    0x0, 0x0, 0xec, 0xff, 0xff, 0xff, 0xff, 0xa4,
    0x0, 0x54, 0xe0, 0xf7, 0x82, 0xa, 0x0, 0x0,
    0x0, 0x0, 0xec, 0xff, 0xff, 0xff, 0xff, 0xa4,
    0x88, 0xff, 0xff, 0xff, 0xff, 0xd8, 0x0, 0x0,
    0x0, 0x0, 0xec, 0xff, 0xff, 0xff, 0xff, 0xa4,
    0xa0, 0xff, 0xff, 0xff, 0xff, 0xf0, 0x0, 0x0,
    0x0, 0x0, 0xec, 0xff, 0xff, 0xff, 0xff, 0xa4,
    0xa0, 0xff, 0xff, 0xff, 0xff, 0xf0, 0x0, 0x0,
    0x0, 0x0, 0xec, 0xff, 0xff, 0xff, 0xff, 0xa4,
    0xa0, 0xff, 0xff, 0xff, 0xff, 0xf0, 0x0, 0x0,
    0x0, 0x0, 0xec, 0xff, 0xff, 0xff, 0xff, 0xa4,
    0xa0, 0xff, 0xff, 0xff, 0xff, 0xf0, 0x0, 0x0,
    0x0, 0x0, 0xec, 0xff, 0xff, 0xff, 0xff, 0xa4,
    0xa0, 0xff, 0xff, 0xff, 0xff, 0xf0, 0x0, 0x0,
    0x0, 0x0, 0xec, 0xff, 0xff, 0xff, 0xff, 0xa4,
    0xa0, 0xff, 0xff, 0xff, 0xff, 0xf0, 0x0, 0x0,
    0x0, 0x0, 0xec, 0xff, 0xff, 0xff, 0xff, 0xa4,
    0xa0, 0xff, 0xff, 0xff, 0xff, 0xf0, 0x0, 0x0,
    0x0, 0x0, 0xec, 0xff, 0xff, 0xff, 0xff, 0xa4,
    0xa0, 0xff, 0xff, 0xff, 0xff, 0xf0, 0x0, 0x0,
    0x0, 0x0, 0xec, 0xff, 0xff, 0xff, 0xff, 0xa4,
    0xa0, 0xff, 0xff, 0xff, 0xff, 0xf0, 0x0, 0x0,
    0x0, 0x0, 0xec, 0xff, 0xff, 0xff, 0xff, 0xa4,
    0xa0, 0xff, 0xff, 0xff, 0xff, 0xf0, 0x0, 0x0,
    0x0, 0x0, 0xec, 0xff, 0xff, 0xff, 0xff, 0xa4,
    0xa0, 0xff, 0xff, 0xff, 0xff, 0xf0, 0x0, 0x0,
    0x0, 0x0, 0xec, 0xff, 0xff, 0xff, 0xff, 0xa4,
    0xa0, 0xff, 0xff, 0xff, 0xff, 0xf0, 0x0, 0x0,
    0x0, 0x0, 0xec, 0xff, 0xff, 0xff, 0xff, 0xa4,
    0xa0, 0xff, 0xff, 0xff, 0xff, 0xf0, 0x0, 0x0,
    0x0, 0x0, 0xec, 0xff, 0xff, 0xff, 0xff, 0x9f,
    0xa0, 0xff, 0xff, 0xff, 0xff, 0xf0, 0x0, 0x0,
    0x0, 0x0, 0xec, 0xff, 0xff, 0xff, 0xff, 0x77,
    0xa0, 0xff, 0xff, 0xff, 0xff, 0xf0, 0x0, 0x0,
    0x0, 0x0, 0xec, 0xff, 0xff, 0xff, 0xf8, 0x1f,
    0xa0, 0xff, 0xff, 0xff, 0xff, 0xf0, 0x0, 0x0,
    0x0, 0xf, 0xf1, 0xff, 0xff, 0xff, 0x89, 0x0,
    0xa0, 0xff, 0xff, 0xff, 0xff, 0xf0, 0x0, 0x2,
    0x63, 0xe9, 0xff, 0xff, 0xff, 0xc4, 0xa, 0x0,
    0xa0, 0xff, 0xff, 0xff, 0xff, 0xf0, 0x39, 0xcb,
    0xff, 0xff, 0xff, 0xff, 0xdd, 0x6, 0x0, 0x0,
    0x8c, 0xff, 0xff, 0xff, 0xff, 0xff, 0xfe, 0xff,
    0xff, 0xff, 0xff, 0xff, 0xa8, 0x0, 0x0, 0x0,
    0x2f, 0xf1, 0xff, 0xff, 0xff, 0xff, 0xff, 0xff,
    0xff, 0xff, 0xff, 0xff, 0x4a, 0x0, 0x0, 0x0,
    0x0, 0x1c, 0xa6, 0xff, 0xff, 0xff, 0xff, 0xff,
    0xff, 0xff, 0xff, 0xba, 0x0, 0x0, 0x0, 0x0,
    0x0, 0x0, 0x0, 0x5d, 0xff, 0xff, 0xff, 0xff,
    0xff, 0xff, 0xcf, 0x13, 0x0, 0x0, 0x0, 0x0,
    0x0, 0x0, 0x0, 0x0, 0x2, 0x66, 0xec, 0xff,
    0xf6, 0x80, 0x7, 0x0, 0x0, 0x0, 0x0, 0x0,
    0x0, 0x0, 0x0, 0x0, 0x0, 0x0, 0xf, 0x4e,
    0x18, 0x0, 0x0, 0x0, 0x0, 0x0, 0x0, 0x0,

    /* U+0057 "W" */
    0x0, 0x0, 0x0, 0x0, 0x0, 0x0, 0x0, 0x0,
    0x0, 0x0, 0x0, 0x0, 0x0, 0x0, 0x0, 0x0,
    0x20, 0x23, 0x0, 0x0, 0x0, 0x0, 0x0, 0x0,
    0x0, 0x0, 0x0, 0x0, 0x0, 0x0, 0x0, 0x0,
    0x0, 0x0, 0xb, 0x83, 0xf7, 0xf8, 0x88, 0xc,
    0x0, 0x0, 0x0, 0x0, 0x0, 0x0, 0x0, 0x0,
    0x0, 0x0, 0x0, 0x0, 0x0, 0x0, 0xb9, 0xff,
    0xff, 0xff, 0xff, 0xc1, 0x0, 0x0, 0x0, 0x0,
    0x0, 0x0, 0x0, 0x0, 0x0, 0x0, 0x0, 0x0,
    0x0, 0x0, 0xc4, 0xff, 0xff, 0xff, 0xff, 0xcc,
    0x0, 0x0, 0x0, 0x0, 0x0, 0x0, 0x0, 0x0,
    0x0, 0x13, 0x20, 0x0, 0x0, 0x0, 0xc4, 0xff,
    0xff, 0xff, 0xff, 0xcc, 0x0, 0x0, 0x0, 0x0,
    0x0, 0x0, 0x0, 0x3, 0x6c, 0xee, 0xf7, 0x85,
    0xb, 0x0, 0xc4, 0xff, 0xff, 0xff, 0xff, 0xcc,
    0x0, 0x0, 0x0, 0x0, 0x0, 0x0, 0x0, 0xa0,
    0xff, 0xff, 0xff, 0xff, 0xcc, 0x0, 0xc4, 0xff,
    0xff, 0xff, 0xff, 0xcc, 0x0, 0x0, 0x0, 0x0,
    0x0, 0x0, 0x0, 0xb0, 0xff, 0xff, 0xff, 0xff,
    0xdc, 0x0, 0xc4, 0xff, 0xff, 0xff, 0xff, 0xcc,
    0x0, 0x0, 0x9, 0x1d, 0x0, 0x0, 0x0, 0xb0,
    0xff, 0xff, 0xff, 0xff, 0xdc, 0x0, 0xc4, 0xff,
    0xff, 0xff, 0xff, 0xcc, 0x0, 0x54, 0xe0, 0xf7,
    0x82, 0xa, 0x0, 0xb0, 0xff, 0xff, 0xff, 0xff,
    0xdc, 0x0, 0xc4, 0xff, 0xff, 0xff, 0xff, 0xcc,
    0x88, 0xff, 0xff, 0xff, 0xff, 0xd8, 0x0, 0xb0,
    0xff, 0xff, 0xff, 0xff, 0xdc, 0x0, 0xc4, 0xff,
    0xff, 0xff, 0xff, 0xcc, 0xa0, 0xff, 0xff, 0xff,
    0xff, 0xf0, 0x0, 0xb0, 0xff, 0xff, 0xff, 0xff,
    0xdc, 0x0, 0xc4, 0xff, 0xff, 0xff, 0xff, 0xcc,
    0xa0, 0xff, 0xff, 0xff, 0xff, 0xf0, 0x0, 0xb0,
    0xff, 0xff, 0xff, 0xff, 0xdc, 0x0, 0xc4, 0xff,
    0xff, 0xff, 0xff, 0xcc, 0xa0, 0xff, 0xff, 0xff,
    0xff, 0xf0, 0x0, 0xb0, 0xff, 0xff, 0xff, 0xff,
    0xdc, 0x0, 0xc4, 0xff, 0xff, 0xff, 0xff, 0xcc,
    0xa0, 0xff, 0xff, 0xff, 0xff, 0xf0, 0x0, 0xb0,
    0xff, 0xff, 0xff, 0xff, 0xdc, 0x0, 0xc4, 0xff,
    0xff, 0xff, 0xff, 0xcc, 0xa0, 0xff, 0xff, 0xff,
    0xff, 0xf0, 0x0, 0xb0, 0xff, 0xff, 0xff, 0xff,
    0xdc, 0x0, 0xc4, 0xff, 0xff, 0xff, 0xff, 0xcc,
    0xa0, 0xff, 0xff, 0xff, 0xff, 0xf0, 0x0, 0xb0,
    0xff, 0xff, 0xff, 0xff, 0xdc, 0x0, 0xc4, 0xff,
    0xff, 0xff, 0xff, 0xcc, 0xa0, 0xff, 0xff, 0xff,
    0xff, 0xf0, 0x0, 0xb0, 0xff, 0xff, 0xff, 0xff,
    0xdc, 0x0, 0xc4, 0xff, 0xff, 0xff, 0xff, 0xcc,
    0xa0, 0xff, 0xff, 0xff, 0xff, 0xf0, 0x0, 0xb0,
    0xff, 0xff, 0xff, 0xff, 0xdc, 0x0, 0xc4, 0xff,
    0xff, 0xff, 0xff, 0xcc, 0xa0, 0xff, 0xff, 0xff,
    0xff, 0xf0, 0x0, 0xb0, 0xff, 0xff, 0xff, 0xff,
    0xdc, 0x0, 0xc4, 0xff, 0xff, 0xff, 0xff, 0xcc,
    0xa0, 0xff, 0xff, 0xff, 0xff, 0xf0, 0x0, 0xb0,
    0xff, 0xff, 0xff, 0xff, 0xdc, 0x0, 0xc4, 0xff,
    0xff, 0xff, 0xff, 0xcc, 0xa0, 0xff, 0xff, 0xff,
    0xff, 0xf0, 0x0, 0xb0, 0xff, 0xff, 0xff, 0xff,
    0xdc, 0x0, 0xc4, 0xff, 0xff, 0xff, 0xff, 0xbd,
    0xa0, 0xff, 0xff, 0xff, 0xff, 0xf0, 0x0, 0xb0,
    0xff, 0xff, 0xff, 0xff, 0xdc, 0x0, 0xc4, 0xff,
    0xff, 0xff, 0xff, 0x7e, 0xa0, 0xff, 0xff, 0xff,
    0xff, 0xf0, 0x0, 0xb0, 0xff, 0xff, 0xff, 0xff,
    0xdc, 0x0, 0xc4, 0xff, 0xff, 0xff, 0xef, 0x13,
    0xa0, 0xff, 0xff, 0xff, 0xff, 0xf0, 0x0, 0xb0,
    0xff, 0xff, 0xff, 0xff, 0xdc, 0x51, 0xec, 0xff,
    0xff, 0xff, 0x6b, 0x0, 0xa0, 0xff, 0xff, 0xff,
    0xff, 0xf0, 0x0, 0xb0, 0xff, 0xff, 0xff, 0xff,
    0xff, 0xff, 0xff, 0xff, 0xff, 0x80, 0x0, 0x0,
    0xa0, 0xff, 0xff, 0xff, 0xff, 0xf0, 0x0, 0xb0,
    0xff, 0xff, 0xff, 0xff, 0xff, 0xff, 0xff, 0xff,
    0xf0, 0x0, 0x0, 0x0, 0xa0, 0xff, 0xff, 0xff,
    0xff, 0xf0, 0x0, 0xb0, 0xff, 0xff, 0xff, 0xff,
    0xff, 0xff, 0xff, 0xff, 0xac, 0x0, 0x0, 0x0,
    0xa0, 0xff, 0xff, 0xff, 0xff, 0xf0, 0x3a, 0xe0,
    0xff, 0xff, 0xff, 0xff, 0xff, 0xff, 0xff, 0xff,
    0x3b, 0x0, 0x0, 0x0, 0x8c, 0xff, 0xff, 0xff,
    0xff, 0xff, 0xfe, 0xff, 0xff, 0xff, 0xff, 0xff,
    0xff, 0xff, 0xff, 0x90, 0x0, 0x0, 0x0, 0x0,
    0x2f, 0xf1, 0xff, 0xff, 0xff, 0xff, 0xff, 0xff,
    0xff, 0xff, 0xff, 0xff, 0xff, 0xfc, 0x88, 0x2,
    0x0, 0x0, 0x0, 0x0, 0x0, 0x1c, 0xa6, 0xff,
    0xff, 0xff, 0xff, 0xff, 0xff, 0xff, 0xff, 0xff,
    0xbf, 0x2d, 0x0, 0x0, 0x0, 0x0, 0x0, 0x0,
    0x0, 0x0, 0x0, 0x5d, 0xff, 0xff, 0xff, 0xff,
    0xff, 0xff, 0xe1, 0x56, 0x0, 0x0, 0x0, 0x0,
    0x0, 0x0, 0x0, 0x0, 0x0, 0x0, 0x0, 0x0,
    0x2, 0x66, 0xec, 0xff, 0xf6, 0x81, 0x9, 0x0,
    0x0, 0x0, 0x0, 0x0, 0x0, 0x0, 0x0, 0x0,
    0x0, 0x0, 0x0, 0x0, 0x0, 0x0, 0xf, 0x4e,
    0x18, 0x0, 0x0, 0x0, 0x0, 0x0, 0x0, 0x0,
    0x0, 0x0, 0x0, 0x0,

    /* U+0058 "X" */
    0x0, 0x0, 0x0, 0x0, 0x0, 0x0, 0x0, 0x0,
    0x0, 0x0, 0x0, 0x2f, 0xbf, 0x97, 0x13, 0x0,
    0x0, 0x0, 0x0, 0x0, 0x0, 0x0, 0x0, 0x0,
    0x0, 0x0, 0x90, 0xfc, 0xff, 0xff, 0xee, 0x56,
    0x0, 0x0, 0x0, 0x0, 0x0, 0x0, 0x0, 0x0,
    0x0, 0x0, 0xec, 0xff, 0xff, 0xff, 0xff, 0xa4,
    0x0, 0x0, 0x0, 0x0, 0x0, 0x0, 0x0, 0x0,
    0x0, 0x0, 0xec, 0xff, 0xff, 0xff, 0xff, 0xa4,
    0x0, 0x0, 0x0, 0x0, 0x0, 0x0, 0x0, 0x0,
    0x0, 0x0, 0xec, 0xff, 0xff, 0xff, 0xff, 0xa4,
    0x0, 0x0, 0x9, 0x1d, 0x0, 0x0, 0x0, 0x0,
    0x0, 0x0, 0xec, 0xff, 0xff, 0xff, 0xff, 0xa4,
    0x0, 0x54, 0xe0, 0xf7, 0x82, 0xa, 0x0, 0x0,
    0x0, 0x0, 0xec, 0xff, 0xff, 0xff, 0xff, 0xa4,
    0x88, 0xff, 0xff, 0xff, 0xff, 0xd8, 0x0, 0x0,
    0x0, 0x0, 0xec, 0xff, 0xff, 0xff, 0xff, 0xa4,
    0xa0, 0xff, 0xff, 0xff, 0xff, 0xf0, 0x0, 0x0,
    0x0, 0x0, 0xec, 0xff, 0xff, 0xff, 0xff, 0x98,
    0xa0, 0xff, 0xff, 0xff, 0xff, 0xf0, 0x0, 0x0,
    0x0, 0x0, 0xec, 0xff, 0xff, 0xff, 0xff, 0x61,
    0xa0, 0xff, 0xff, 0xff, 0xff, 0xf0, 0x0, 0x0,
    0x0, 0x0, 0xec, 0xff, 0xff, 0xff, 0xe3, 0x9,
    0xa0, 0xff, 0xff, 0xff, 0xff, 0xf0, 0x0, 0x0,
    0x0, 0x49, 0xff, 0xff, 0xff, 0xff, 0x59, 0x0,
    0xa0, 0xff, 0xff, 0xff, 0xff, 0xf0, 0x0, 0x24,
    0xb3, 0xff, 0xff, 0xff, 0xff, 0xff, 0x55, 0x0,
    0xa0, 0xff, 0xff, 0xff, 0xff, 0xfc, 0x88, 0xf9,
    0xff, 0xff, 0xff, 0xff, 0xff, 0xff, 0xff, 0x53,
    0xa0, 0xff, 0xff, 0xff, 0xff, 0xff, 0xff, 0xff,
    0xff, 0xff, 0xff, 0xff, 0xff, 0xff, 0xff, 0x9a,
    0xa0, 0xff, 0xff, 0xff, 0xff, 0xff, 0xff, 0xff,
    0xff, 0xff, 0xff, 0xff, 0xff, 0xff, 0xff, 0xa4,
    0xa0, 0xff, 0xff, 0xff, 0xff, 0xff, 0xff, 0xff,
    0xff, 0xff, 0xff, 0xff, 0xff, 0xff, 0xff, 0xa4,
    0x8a, 0xff, 0xff, 0xff, 0xff, 0xff, 0xff, 0xff,
    0xff, 0xfe, 0xff, 0xff, 0xff, 0xff, 0xff, 0xa4,
    0x28, 0xea, 0xff, 0xff, 0xff, 0xff, 0xff, 0xff,
    0xc7, 0x34, 0xec, 0xff, 0xff, 0xff, 0xff, 0xa4,
    0x0, 0x1f, 0xff, 0xff, 0xff, 0xff, 0xe6, 0x5e,
    0x1, 0x0, 0xec, 0xff, 0xff, 0xff, 0xff, 0xa4,
    0x0, 0x90, 0xff, 0xff, 0xff, 0xff, 0xd, 0x0,
    0x0, 0x0, 0xec, 0xff, 0xff, 0xff, 0xff, 0xa4,
    0x25, 0xfb, 0xff, 0xff, 0xff, 0xf0, 0x0, 0x0,
    0x0, 0x0, 0xec, 0xff, 0xff, 0xff, 0xff, 0xa4,
    0x7b, 0xff, 0xff, 0xff, 0xff, 0xf0, 0x0, 0x0,
    0x0, 0x0, 0xec, 0xff, 0xff, 0xff, 0xff, 0xa4,
    0x9c, 0xff, 0xff, 0xff, 0xff, 0xf0, 0x0, 0x0,
    0x0, 0x0, 0xec, 0xff, 0xff, 0xff, 0xff, 0xa4,
    0xa0, 0xff, 0xff, 0xff, 0xff, 0xf0, 0x0, 0x0,
    0x0, 0x0, 0x8d, 0xfc, 0xff, 0xff, 0xec, 0x54,
    0xa0, 0xff, 0xff, 0xff, 0xff, 0xf0, 0x0, 0x0,
    0x0, 0x0, 0x0, 0x2c, 0xbb, 0x94, 0x12, 0x0,
    0xa0, 0xff, 0xff, 0xff, 0xff, 0xf0, 0x0, 0x0,
    0x0, 0x0, 0x0, 0x0, 0x0, 0x0, 0x0, 0x0,
    0xa0, 0xff, 0xff, 0xff, 0xff, 0xf0, 0x0, 0x0,
    0x0, 0x0, 0x0, 0x0, 0x0, 0x0, 0x0, 0x0,
    0xa0, 0xff, 0xff, 0xff, 0xff, 0xf0, 0x0, 0x0,
    0x0, 0x0, 0x0, 0x0, 0x0, 0x0, 0x0, 0x0,
    0xa0, 0xff, 0xff, 0xff, 0xff, 0xf0, 0x0, 0x0,
    0x0, 0x0, 0x0, 0x0, 0x0, 0x0, 0x0, 0x0,
    0x1d, 0xa9, 0xff, 0xff, 0xd3, 0x41, 0x0, 0x0,
    0x0, 0x0, 0x0, 0x0, 0x0, 0x0, 0x0, 0x0,
    0x0, 0x0, 0x3e, 0x69, 0x3, 0x0, 0x0, 0x0,
    0x0, 0x0, 0x0, 0x0, 0x0, 0x0, 0x0, 0x0,

    /* U+0059 "Y" */
    0x0, 0x0, 0x0, 0x0, 0x0, 0x0, 0x0, 0x0,
    0x0, 0x0, 0x0, 0x0, 0x0, 0x6, 0x0, 0x0,
    0x0, 0x0, 0x0, 0x0, 0x0, 0x0, 0x0, 0x0,
    0x0, 0x0, 0x0, 0x2f, 0xc0, 0xe0, 0x54, 0x0,
    0x0, 0x0, 0x0, 0x0, 0x0, 0x0, 0x0, 0x0,
    0x0, 0x0, 0x72, 0xfd, 0xff, 0xff, 0xff, 0xb0,
    0x0, 0x0, 0x0, 0x0, 0x0, 0x0, 0x0, 0x0,
    0x0, 0x0, 0xa4, 0xff, 0xff, 0xff, 0xff, 0xe4,
    0x0, 0x0, 0x0, 0x0, 0x0, 0x0, 0x0, 0x0,
    0x0, 0x0, 0xa4, 0xff, 0xff, 0xff, 0xff, 0xe4,
    0x0, 0x0, 0x0, 0x0, 0x0, 0x0, 0x0, 0x0,
    0x0, 0x0, 0xa4, 0xff, 0xff, 0xff, 0xff, 0xe4,
    0x0, 0x0, 0x9, 0x1d, 0x0, 0x0, 0x0, 0x0,
    0x0, 0x0, 0xa4, 0xff, 0xff, 0xff, 0xff, 0xe4,
    0x0, 0x54, 0xe0, 0xf7, 0x82, 0xa, 0x0, 0x0,
    0x0, 0x0, 0xa4, 0xff, 0xff, 0xff, 0xff, 0xe4,
    0x88, 0xff, 0xff, 0xff, 0xff, 0xd8, 0x0, 0x0,
    0x0, 0x0, 0xa4, 0xff, 0xff, 0xff, 0xff, 0xe4,
    0xa0, 0xff, 0xff, 0xff, 0xff, 0xf0, 0x0, 0x0,
    0x0, 0x0, 0xa4, 0xff, 0xff, 0xff, 0xff, 0xe4,
    0xa0, 0xff, 0xff, 0xff, 0xff, 0xf0, 0x0, 0x0,
    0x0, 0x0, 0xa4, 0xff, 0xff, 0xff, 0xff, 0xe4,
    0xa0, 0xff, 0xff, 0xff, 0xff, 0xf0, 0x0, 0x0,
    0x0, 0x0, 0xa4, 0xff, 0xff, 0xff, 0xff, 0xe4,
    0xa0, 0xff, 0xff, 0xff, 0xff, 0xf0, 0x0, 0x0,
    0x0, 0x0, 0xa4, 0xff, 0xff, 0xff, 0xff, 0xe4,
    0xa0, 0xff, 0xff, 0xff, 0xff, 0xf0, 0x0, 0x0,
    0x0, 0x0, 0xa4, 0xff, 0xff, 0xff, 0xff, 0xe4,
    0xa0, 0xff, 0xff, 0xff, 0xff, 0xf0, 0x0, 0x0,
    0x0, 0x0, 0xa4, 0xff, 0xff, 0xff, 0xff, 0xe4,
    0xa0, 0xff, 0xff, 0xff, 0xff, 0xf0, 0x0, 0x0,
    0x0, 0x18, 0xcc, 0xff, 0xff, 0xff, 0xff, 0xdf,
    0xa0, 0xff, 0xff, 0xff, 0xff, 0xf0, 0x0, 0x6,
    0x75, 0xf2, 0xff, 0xff, 0xff, 0xff, 0xff, 0xba,
    0xa0, 0xff, 0xff, 0xff, 0xff, 0xf0, 0x4b, 0xda,
    0xff, 0xff, 0xff, 0xff, 0xff, 0xff, 0xff, 0x5c,
    0xa0, 0xff, 0xff, 0xff, 0xff, 0xff, 0xff, 0xff,
    0xff, 0xff, 0xff, 0xff, 0xff, 0xff, 0xce, 0x1,
    0xa0, 0xff, 0xff, 0xff, 0xff, 0xff, 0xff, 0xff,
    0xff, 0xff, 0xff, 0xff, 0xff, 0xec, 0x2c, 0x0,
    0xa0, 0xff, 0xff, 0xff, 0xff, 0xff, 0xff, 0xff,
    0xff, 0xff, 0xff, 0xff, 0xaf, 0x1d, 0x0, 0x0,
    0x93, 0xff, 0xff, 0xff, 0xff, 0xff, 0xff, 0xff,
    0xff, 0xff, 0xf6, 0x44, 0x0, 0x0, 0x0, 0x0,
    0x44, 0xfd, 0xff, 0xff, 0xff, 0xff, 0xff, 0xff,
    0xff, 0xff, 0xe8, 0x0, 0x0, 0x0, 0x0, 0x0,
    0x0, 0x3d, 0xcf, 0xff, 0xff, 0xff, 0xff, 0xff,
    0xff, 0xff, 0xe8, 0x0, 0x0, 0x0, 0x0, 0x0,
    0x0, 0x0, 0x2, 0x67, 0xd5, 0xff, 0xff, 0xff,
    0xff, 0xff, 0xe8, 0x0, 0x0, 0x0, 0x0, 0x0,
    0x0, 0x0, 0x0, 0x0, 0x0, 0xa0, 0xff, 0xff,
    0xff, 0xff, 0xe8, 0x0, 0x0, 0x0, 0x0, 0x0,
    0x0, 0x0, 0x0, 0x0, 0x0, 0xa0, 0xff, 0xff,
    0xff, 0xff, 0xe8, 0x0, 0x0, 0x0, 0x0, 0x0,
    0x0, 0x0, 0x0, 0x0, 0x0, 0xa0, 0xff, 0xff,
    0xff, 0xff, 0xe8, 0x0, 0x0, 0x0, 0x0, 0x0,
    0x0, 0x0, 0x0, 0x0, 0x0, 0xa0, 0xff, 0xff,
    0xff, 0xff, 0xe8, 0x0, 0x0, 0x0, 0x0, 0x0,
    0x0, 0x0, 0x0, 0x0, 0x0, 0xa0, 0xff, 0xff,
    0xff, 0xff, 0xe8, 0x0, 0x0, 0x0, 0x0, 0x0,
    0x0, 0x0, 0x0, 0x0, 0x0, 0xa0, 0xff, 0xff,
    0xff, 0xff, 0xe8, 0x0, 0x0, 0x0, 0x0, 0x0,
    0x0, 0x0, 0x0, 0x0, 0x0, 0x51, 0xea, 0xff,
    0xff, 0xfb, 0x89, 0x0, 0x0, 0x0, 0x0, 0x0,
    0x0, 0x0, 0x0, 0x0, 0x0, 0x0, 0x10, 0x8f,
    0xb9, 0x2b, 0x0, 0x0, 0x0, 0x0, 0x0, 0x0,

    /* U+005A "Z" */
    0x0, 0x0, 0x0, 0x0, 0x0, 0x0, 0x0, 0x0,
    0x0, 0x0, 0x0, 0x2f, 0xbf, 0x97, 0x13, 0x0,
    0x0, 0x0, 0x0, 0x0, 0x0, 0x0, 0x0, 0x0,
    0x0, 0x13, 0x96, 0xfc, 0xff, 0xff, 0xee, 0x56,
    0x0, 0x0, 0x0, 0x0, 0x0, 0x0, 0x0, 0x3,
    0x6b, 0xed, 0xff, 0xff, 0xff, 0xff, 0xff, 0xa4,
    0x0, 0x0, 0x0, 0x0, 0x0, 0x0, 0x40, 0xd2,
    0xff, 0xff, 0xff, 0xff, 0xff, 0xff, 0xff, 0xa4,
    0x0, 0x0, 0x0, 0x0, 0x1e, 0xaa, 0xff, 0xff,
    0xff, 0xff, 0xff, 0xff, 0xff, 0xff, 0xff, 0xa4,
    0x0, 0x0, 0x9, 0x7f, 0xf6, 0xff, 0xff, 0xff,
    0xff, 0xff, 0xff, 0xff, 0xff, 0xff, 0xff, 0xa4,
    0x0, 0x54, 0xe0, 0xff, 0xff, 0xff, 0xff, 0xff,
    0xff, 0xff, 0xff, 0xff, 0xff, 0xff, 0xff, 0xa4,
    0x88, 0xff, 0xff, 0xff, 0xff, 0xff, 0xff, 0xff,
    0xff, 0xff, 0xff, 0xff, 0xff, 0xff, 0xff, 0xa4,
    0xa0, 0xff, 0xff, 0xff, 0xff, 0xff, 0xff, 0xff,
    0xf4, 0x7b, 0xf3, 0xff, 0xff, 0xff, 0xff, 0xa4,
    0xa0, 0xff, 0xff, 0xff, 0xff, 0xff, 0xff, 0xa6,
    0x1b, 0x0, 0xec, 0xff, 0xff, 0xff, 0xff, 0xa4,
    0x77, 0xfe, 0xff, 0xff, 0xff, 0xce, 0x3c, 0x0,
    0x0, 0x0, 0xec, 0xff, 0xff, 0xff, 0xff, 0xa4,
    0x0, 0x3a, 0xcc, 0xeb, 0x67, 0x2, 0x0, 0x0,
    0x0, 0x49, 0xf8, 0xff, 0xff, 0xff, 0xff, 0x9e,
    0x0, 0x0, 0x2, 0xd, 0x0, 0x0, 0x0, 0x24,
    0xb3, 0xff, 0xff, 0xff, 0xff, 0xff, 0xff, 0x73,
    0x0, 0x0, 0x0, 0x0, 0x0, 0xc, 0x88, 0xf9,
    0xff, 0xff, 0xff, 0xff, 0xff, 0xff, 0xf4, 0x19,
    0x0, 0x0, 0x0, 0x1, 0x5c, 0xe5, 0xff, 0xff,
    0xff, 0xff, 0xff, 0xff, 0xff, 0xff, 0x7d, 0x0,
    0x0, 0x0, 0x24, 0xc5, 0xff, 0xff, 0xff, 0xff,
    0xff, 0xff, 0xff, 0xff, 0xff, 0xb6, 0x5, 0x0,
    0x0, 0x21, 0xea, 0xff, 0xff, 0xff, 0xff, 0xff,
    0xff, 0xff, 0xff, 0xf0, 0x71, 0x2, 0x0, 0x0,
    0x0, 0xb3, 0xff, 0xff, 0xff, 0xff, 0xff, 0xff,
    0xff, 0xfe, 0x9d, 0x16, 0x0, 0x0, 0x0, 0x0,
    0x3c, 0xff, 0xff, 0xff, 0xff, 0xff, 0xff, 0xff,
    0xc7, 0x34, 0x0, 0x0, 0x0, 0x0, 0x0, 0x0,
    0x87, 0xff, 0xff, 0xff, 0xff, 0xff, 0xe6, 0x5e,
    0x1, 0x0, 0x0, 0x0, 0x4f, 0x2b, 0x0, 0x0,
    0x9f, 0xff, 0xff, 0xff, 0xff, 0xf4, 0xd, 0x0,
    0x0, 0x0, 0x2b, 0xbc, 0xff, 0xfb, 0x92, 0x10,
    0xa0, 0xff, 0xff, 0xff, 0xff, 0xf0, 0x0, 0x0,
    0x10, 0x91, 0xfb, 0xff, 0xff, 0xff, 0xff, 0xa2,
    0xa0, 0xff, 0xff, 0xff, 0xff, 0xf0, 0x2, 0x65,
    0xea, 0xff, 0xff, 0xff, 0xff, 0xff, 0xff, 0xa4,
    0xa0, 0xff, 0xff, 0xff, 0xff, 0xff, 0xcd, 0xff,
    0xff, 0xff, 0xff, 0xff, 0xff, 0xff, 0xff, 0xa4,
    0xa0, 0xff, 0xff, 0xff, 0xff, 0xff, 0xff, 0xff,
    0xff, 0xff, 0xff, 0xff, 0xff, 0xff, 0xec, 0x54,
    0xa0, 0xff, 0xff, 0xff, 0xff, 0xff, 0xff, 0xff,
    0xff, 0xff, 0xff, 0xff, 0xfc, 0x95, 0x12, 0x0,
    0xa0, 0xff, 0xff, 0xff, 0xff, 0xff, 0xff, 0xff,
    0xff, 0xff, 0xff, 0xbf, 0x2d, 0x0, 0x0, 0x0,
    0xa0, 0xff, 0xff, 0xff, 0xff, 0xff, 0xff, 0xff,
    0xff, 0xe1, 0x55, 0x0, 0x0, 0x0, 0x0, 0x0,
    0xa0, 0xff, 0xff, 0xff, 0xff, 0xff, 0xff, 0xf6,
    0x81, 0x9, 0x0, 0x0, 0x0, 0x0, 0x0, 0x0,
    0xa0, 0xff, 0xff, 0xff, 0xff, 0xff, 0xac, 0x1f,
    0x0, 0x0, 0x0, 0x0, 0x0, 0x0, 0x0, 0x0,
    0x1d, 0xa9, 0xff, 0xff, 0xd3, 0x41, 0x0, 0x0,
    0x0, 0x0, 0x0, 0x0, 0x0, 0x0, 0x0, 0x0,
    0x0, 0x0, 0x3e, 0x69, 0x3, 0x0, 0x0, 0x0,
    0x0, 0x0, 0x0, 0x0, 0x0, 0x0, 0x0, 0x0,

    /* U+005B "[" */
    0x0, 0x0, 0x0, 0x0, 0x0, 0x0, 0x0, 0x1d,
    0x9c, 0x50, 0x0, 0x0, 0x0, 0x0, 0x0, 0x0,
    0x0, 0x8, 0x7d, 0xf5, 0xff, 0xff, 0xba, 0x24,
    0x0, 0x0, 0x0, 0x0, 0x51, 0xde, 0xff, 0xff,
    0xff, 0xff, 0xff, 0x7c, 0x0, 0x0, 0x1d, 0xbb,
    0xff, 0xff, 0xff, 0xff, 0xff, 0xff, 0xff, 0x7c,
    0x0, 0x1c, 0xe5, 0xff, 0xff, 0xff, 0xff, 0xff,
    0xff, 0xff, 0xff, 0x7c, 0x0, 0xac, 0xff, 0xff,
    0xff, 0xff, 0xff, 0xff, 0xff, 0xff, 0xa8, 0x1b,
    0x37, 0xff, 0xff, 0xff, 0xff, 0xff, 0xff, 0xff,
    0xd0, 0x3e, 0x0, 0x0, 0x85, 0xff, 0xff, 0xff,
    0xff, 0xff, 0xed, 0x6a, 0x3, 0x0, 0x0, 0x0,
    0x9e, 0xff, 0xff, 0xff, 0xff, 0xf4, 0x12, 0x0,
    0x0, 0x0, 0x0, 0x0, 0xa0, 0xff, 0xff, 0xff,
    0xff, 0xf0, 0x0, 0x0, 0x0, 0x0, 0x0, 0x0,
    0xa0, 0xff, 0xff, 0xff, 0xff, 0xf0, 0x0, 0x0,
    0x0, 0x0, 0x0, 0x0, 0xa0, 0xff, 0xff, 0xff,
    0xff, 0xf0, 0x0, 0x0, 0x0, 0x0, 0x0, 0x0,
    0xa0, 0xff, 0xff, 0xff, 0xff, 0xf0, 0x0, 0x0,
    0x0, 0x0, 0x0, 0x0, 0xa0, 0xff, 0xff, 0xff,
    0xff, 0xf0, 0x0, 0x0, 0x0, 0x0, 0x0, 0x0,
    0xa0, 0xff, 0xff, 0xff, 0xff, 0xf0, 0x0, 0x0,
    0x0, 0x0, 0x0, 0x0, 0xa0, 0xff, 0xff, 0xff,
    0xff, 0xf0, 0x0, 0x0, 0x0, 0x0, 0x0, 0x0,
    0xa0, 0xff, 0xff, 0xff, 0xff, 0xf0, 0x0, 0x0,
    0x0, 0x0, 0x0, 0x0, 0xa0, 0xff, 0xff, 0xff,
    0xff, 0xf0, 0x0, 0x0, 0x0, 0x0, 0x0, 0x0,
    0xa0, 0xff, 0xff, 0xff, 0xff, 0xf0, 0x0, 0x0,
    0x0, 0x0, 0x0, 0x0, 0xa0, 0xff, 0xff, 0xff,
    0xff, 0xf0, 0x0, 0x0, 0x0, 0x0, 0x0, 0x0,
    0xa0, 0xff, 0xff, 0xff, 0xff, 0xf0, 0x0, 0x0,
    0x0, 0x0, 0x0, 0x0, 0xa0, 0xff, 0xff, 0xff,
    0xff, 0xf0, 0x0, 0x0, 0x0, 0x0, 0x0, 0x0,
    0xa0, 0xff, 0xff, 0xff, 0xff, 0xf0, 0x0, 0x0,
    0x0, 0x0, 0x0, 0x0, 0xa0, 0xff, 0xff, 0xff,
    0xff, 0xf0, 0x0, 0x0, 0x0, 0x0, 0x0, 0x0,
    0xa0, 0xff, 0xff, 0xff, 0xff, 0xf0, 0x0, 0x0,
    0x0, 0x0, 0x0, 0x0, 0xa0, 0xff, 0xff, 0xff,
    0xff, 0xf0, 0x0, 0x0, 0x0, 0x0, 0x0, 0x0,
    0xa0, 0xff, 0xff, 0xff, 0xff, 0xf0, 0x0, 0x0,
    0x0, 0x0, 0x0, 0x0, 0xa0, 0xff, 0xff, 0xff,
    0xff, 0xf0, 0x0, 0x0, 0x0, 0x0, 0x0, 0x0,
    0xa0, 0xff, 0xff, 0xff, 0xff, 0xf0, 0x0, 0x0,
    0x0, 0x0, 0x0, 0x0, 0xa0, 0xff, 0xff, 0xff,
    0xff, 0xf0, 0x0, 0x9, 0x74, 0x2c, 0x0, 0x0,
    0xa0, 0xff, 0xff, 0xff, 0xff, 0xf0, 0x55, 0xe1,
    0xff, 0xfc, 0x93, 0x11, 0xa0, 0xff, 0xff, 0xff,
    0xff, 0xff, 0xff, 0xff, 0xff, 0xff, 0xff, 0x7c,
    0xa0, 0xff, 0xff, 0xff, 0xff, 0xff, 0xff, 0xff,
    0xff, 0xff, 0xff, 0x7c, 0xa0, 0xff, 0xff, 0xff,
    0xff, 0xff, 0xff, 0xff, 0xff, 0xff, 0xff, 0x7c,
    0x91, 0xff, 0xff, 0xff, 0xff, 0xff, 0xff, 0xff,
    0xff, 0xff, 0xcd, 0x2e, 0x3e, 0xfb, 0xff, 0xff,
    0xff, 0xff, 0xff, 0xff, 0xeb, 0x66, 0x2, 0x0,
    0x0, 0x33, 0xc5, 0xff, 0xff, 0xff, 0xfb, 0x92,
    0x10, 0x0, 0x0, 0x0, 0x0, 0x0, 0x0, 0x5b,
    0xc9, 0xab, 0x2b, 0x0, 0x0, 0x0, 0x0, 0x0,
    0x0, 0x0, 0x0, 0x0, 0x0, 0x0, 0x0, 0x0,
    0x0, 0x0, 0x0, 0x0,

    /* U+005C "\\" */
    0x0, 0x0, 0x58, 0x9a, 0x15, 0x0, 0x0, 0x0,
    0x0, 0x0, 0x0, 0x0, 0x0, 0x0, 0x0, 0x0,
    0x0, 0x0, 0x0, 0x30, 0xf5, 0xff, 0xf0, 0x66,
    0x0, 0x0, 0x0, 0x0, 0x0, 0x0, 0x0, 0x0,
    0x0, 0x0, 0x0, 0x0, 0x14, 0xe0, 0xff, 0xff,
    0xff, 0xf8, 0x10, 0x0, 0x0, 0x0, 0x0, 0x0,
    0x0, 0x0, 0x0, 0x0, 0x0, 0x0, 0x5d, 0xff,
    0xff, 0xff, 0xff, 0xff, 0x63, 0x0, 0x0, 0x0,
    0x0, 0x0, 0x0, 0x0, 0x0, 0x0, 0x0, 0x0,
    0xf, 0xf7, 0xff, 0xff, 0xff, 0xff, 0xbf, 0x0,
    0x0, 0x0, 0x0, 0x0, 0x0, 0x0, 0x0, 0x0,
    0x0, 0x0, 0x0, 0xac, 0xff, 0xff, 0xff, 0xff,
    0xfe, 0x1c, 0x0, 0x0, 0x0, 0x0, 0x0, 0x0,
    0x0, 0x0, 0x0, 0x0, 0x0, 0x51, 0xff, 0xff,
    0xff, 0xff, 0xff, 0x75, 0x0, 0x0, 0x0, 0x0,
    0x0, 0x0, 0x0, 0x0, 0x0, 0x0, 0x0, 0x6,
    0xee, 0xff, 0xff, 0xff, 0xff, 0xd1, 0x0, 0x0,
    0x0, 0x0, 0x0, 0x0, 0x0, 0x0, 0x0, 0x0,
    0x0, 0x0, 0x9a, 0xff, 0xff, 0xff, 0xff, 0xff,
    0x2c, 0x0, 0x0, 0x0, 0x0, 0x0, 0x0, 0x0,
    0x0, 0x0, 0x0, 0x0, 0x3f, 0xff, 0xff, 0xff,
    0xff, 0xff, 0x87, 0x0, 0x0, 0x0, 0x0, 0x0,
    0x0, 0x0, 0x0, 0x0, 0x0, 0x0, 0x1, 0xe2,
    0xff, 0xff, 0xff, 0xff, 0xe1, 0x1, 0x0, 0x0,
    0x0, 0x0, 0x0, 0x0, 0x0, 0x0, 0x0, 0x0,
    0x0, 0x89, 0xff, 0xff, 0xff, 0xff, 0xff, 0x3e,
    0x0, 0x0, 0x0, 0x0, 0x0, 0x0, 0x0, 0x0,
    0x0, 0x0, 0x0, 0x2e, 0xff, 0xff, 0xff, 0xff,
    0xff, 0x99, 0x0, 0x0, 0x0, 0x0, 0x0, 0x0,
    0x0, 0x0, 0x0, 0x0, 0x0, 0x0, 0xd3, 0xff,
    0xff, 0xff, 0xff, 0xee, 0x6, 0x0, 0x0, 0x0,
    0x0, 0x0, 0x0, 0x0, 0x0, 0x0, 0x0, 0x0,
    0x78, 0xff, 0xff, 0xff, 0xff, 0xff, 0x50, 0x0,
    0x0, 0x0, 0x0, 0x0, 0x0, 0x0, 0x0, 0x0,
    0x0, 0x0, 0x1e, 0xfe, 0xff, 0xff, 0xff, 0xff,
    0xab, 0x0, 0x0, 0x0, 0x0, 0x0, 0x0, 0x0,
    0x0, 0x0, 0x0, 0x0, 0x0, 0xc1, 0xff, 0xff,
    0xff, 0xff, 0xf7, 0xf, 0x0, 0x0, 0x0, 0x0,
    0x0, 0x0, 0x0, 0x0, 0x0, 0x0, 0x0, 0x66,
    0xff, 0xff, 0xff, 0xff, 0xff, 0x62, 0x0, 0x0,
    0x0, 0x0, 0x0, 0x0, 0x0, 0x0, 0x0, 0x0,
    0x0, 0x11, 0xf9, 0xff, 0xff, 0xff, 0xff, 0xbe,
    0x0, 0x0, 0x0, 0x0, 0x0, 0x0, 0x0, 0x0,
    0x0, 0x0, 0x0, 0x0, 0xb0, 0xff, 0xff, 0xff,
    0xff, 0xfd, 0x1b, 0x0, 0x0, 0x0, 0x0, 0x0,
    0x0, 0x0, 0x0, 0x0, 0x0, 0x0, 0x55, 0xff,
    0xff, 0xff, 0xff, 0xff, 0x74, 0x0, 0x0, 0x0,
    0x0, 0x0, 0x0, 0x0, 0x0, 0x0, 0x0, 0x0,
    0x8, 0xf1, 0xff, 0xff, 0xff, 0xff, 0xd0, 0x0,
    0x0, 0x0, 0x0, 0x0, 0x0, 0x0, 0x0, 0x0,
    0x0, 0x0, 0x0, 0x9e, 0xff, 0xff, 0xff, 0xff,
    0xff, 0x2b, 0x0, 0x0, 0x0, 0x0, 0x0, 0x0,
    0x0, 0x0, 0x0, 0x0, 0x0, 0x43, 0xff, 0xff,
    0xff, 0xff, 0xff, 0x86, 0x0, 0x0, 0x0, 0x0,
    0x0, 0x0, 0x0, 0x0, 0x0, 0x0, 0x0, 0x2,
    0xe5, 0xff, 0xff, 0xff, 0xff, 0xe0, 0x1, 0x0,
    0x0, 0x0, 0x0, 0x0, 0x0, 0x0, 0x0, 0x0,
    0x0, 0x0, 0x8d, 0xff, 0xff, 0xff, 0xff, 0xff,
    0x3d, 0x0, 0x0, 0x0, 0x0, 0x0, 0x0, 0x0,
    0x0, 0x0, 0x0, 0x0, 0x32, 0xff, 0xff, 0xff,
    0xff, 0xff, 0x98, 0x0, 0x0, 0x0, 0x0, 0x0,
    0x0, 0x0, 0x0, 0x0, 0x0, 0x0, 0x0, 0xd7,
    0xff, 0xff, 0xff, 0xff, 0xed, 0x6, 0x0, 0x0,
    0x0, 0x0, 0x0, 0x0, 0x0, 0x0, 0x0, 0x0,
    0x0, 0x7c, 0xff, 0xff, 0xff, 0xff, 0xff, 0x4f,
    0x0, 0x0, 0x0, 0x0, 0x0, 0x0, 0x0, 0x0,
    0x0, 0x0, 0x0, 0x21, 0xff, 0xff, 0xff, 0xff,
    0xff, 0xaa, 0x0, 0x0, 0x0, 0x0, 0x0, 0x0,
    0x0, 0x0, 0x0, 0x0, 0x0, 0x0, 0xc5, 0xff,
    0xff, 0xff, 0xff, 0xf7, 0xe, 0x0, 0x0, 0x0,
    0x0, 0x0, 0x0, 0x0, 0x0, 0x0, 0x0, 0x0,
    0x6a, 0xff, 0xff, 0xff, 0xff, 0xff, 0x61, 0x0,
    0x0, 0x0, 0x0, 0x0, 0x0, 0x0, 0x0, 0x0,
    0x0, 0x0, 0x14, 0xfb, 0xff, 0xff, 0xff, 0xff,
    0xbc, 0x0, 0x0, 0x0, 0x0, 0x0, 0x0, 0x0,
    0x0, 0x0, 0x0, 0x0, 0x0, 0xb4, 0xff, 0xff,
    0xff, 0xff, 0xf9, 0xa, 0x0, 0x0, 0x0, 0x0,
    0x0, 0x0, 0x0, 0x0, 0x0, 0x0, 0x0, 0x59,
    0xff, 0xff, 0xff, 0xff, 0x6e, 0x0, 0x0, 0x0,
    0x0, 0x0, 0x0, 0x0, 0x0, 0x0, 0x0, 0x0,
    0x0, 0x4, 0x74, 0xf1, 0xff, 0x9e, 0x0, 0x0,
    0x0, 0x0, 0x0, 0x0, 0x0, 0x0, 0x0, 0x0,
    0x0, 0x0, 0x0, 0x0, 0x0, 0x18, 0x81, 0x7,
    0x0, 0x0,

    /* U+005D "]" */
    0x0, 0x0, 0x0, 0x0, 0x0, 0x0, 0x0, 0x0,
    0x0, 0x0, 0x0, 0x0, 0x0, 0x0, 0x0, 0x0,
    0x0, 0x34, 0xae, 0xb8, 0x3d, 0x0, 0x0, 0x0,
    0x0, 0x0, 0x0, 0x17, 0x9d, 0xfe, 0xff, 0xff,
    0xff, 0xa8, 0x1e, 0x0, 0x0, 0x5, 0x73, 0xf1,
    0xff, 0xff, 0xff, 0xff, 0xff, 0xff, 0xed, 0x22,
    0x40, 0xd9, 0xff, 0xff, 0xff, 0xff, 0xff, 0xff,
    0xff, 0xff, 0xff, 0x6c, 0xa0, 0xff, 0xff, 0xff,
    0xff, 0xff, 0xff, 0xff, 0xff, 0xff, 0xff, 0x7c,
    0xa0, 0xff, 0xff, 0xff, 0xff, 0xff, 0xff, 0xff,
    0xff, 0xff, 0xff, 0x7c, 0xa0, 0xff, 0xff, 0xff,
    0xff, 0xff, 0xff, 0xff, 0xff, 0xff, 0xff, 0x7c,
    0x22, 0xaf, 0xff, 0xff, 0xd6, 0x56, 0xff, 0xff,
    0xff, 0xff, 0xff, 0x7c, 0x0, 0x0, 0x43, 0x6d,
    0x4, 0x10, 0xff, 0xff, 0xff, 0xff, 0xff, 0x7c,
    0x0, 0x0, 0x0, 0x0, 0x0, 0x10, 0xff, 0xff,
    0xff, 0xff, 0xff, 0x7c, 0x0, 0x0, 0x0, 0x0,
    0x0, 0x10, 0xff, 0xff, 0xff, 0xff, 0xff, 0x7c,
    0x0, 0x0, 0x0, 0x0, 0x0, 0x10, 0xff, 0xff,
    0xff, 0xff, 0xff, 0x7c, 0x0, 0x0, 0x0, 0x0,
    0x0, 0x10, 0xff, 0xff, 0xff, 0xff, 0xff, 0x7c,
    0x0, 0x0, 0x0, 0x0, 0x0, 0x10, 0xff, 0xff,
    0xff, 0xff, 0xff, 0x7c, 0x0, 0x0, 0x0, 0x0,
    0x0, 0x10, 0xff, 0xff, 0xff, 0xff, 0xff, 0x7c,
    0x0, 0x0, 0x0, 0x0, 0x0, 0x10, 0xff, 0xff,
    0xff, 0xff, 0xff, 0x7c, 0x0, 0x0, 0x0, 0x0,
    0x0, 0x10, 0xff, 0xff, 0xff, 0xff, 0xff, 0x7c,
    0x0, 0x0, 0x0, 0x0, 0x0, 0x10, 0xff, 0xff,
    0xff, 0xff, 0xff, 0x7c, 0x0, 0x0, 0x0, 0x0,
    0x0, 0x10, 0xff, 0xff, 0xff, 0xff, 0xff, 0x7c,
    0x0, 0x0, 0x0, 0x0, 0x0, 0x10, 0xff, 0xff,
    0xff, 0xff, 0xff, 0x7c, 0x0, 0x0, 0x0, 0x0,
    0x0, 0x10, 0xff, 0xff, 0xff, 0xff, 0xff, 0x7c,
    0x0, 0x0, 0x0, 0x0, 0x0, 0x10, 0xff, 0xff,
    0xff, 0xff, 0xff, 0x7c, 0x0, 0x0, 0x0, 0x0,
    0x0, 0x10, 0xff, 0xff, 0xff, 0xff, 0xff, 0x7c,
    0x0, 0x0, 0x0, 0x0, 0x0, 0x10, 0xff, 0xff,
    0xff, 0xff, 0xff, 0x7c, 0x0, 0x0, 0x0, 0x0,
    0x0, 0x10, 0xff, 0xff, 0xff, 0xff, 0xff, 0x7c,
    0x0, 0x0, 0x0, 0x0, 0x0, 0x10, 0xff, 0xff,
    0xff, 0xff, 0xff, 0x7c, 0x0, 0x0, 0x0, 0x0,
    0x0, 0x10, 0xff, 0xff, 0xff, 0xff, 0xff, 0x7c,
    0x0, 0x0, 0x0, 0x0, 0x0, 0x10, 0xff, 0xff,
    0xff, 0xff, 0xff, 0x7c, 0x0, 0x0, 0x0, 0x0,
    0x0, 0x10, 0xff, 0xff, 0xff, 0xff, 0xff, 0x7c,
    0x0, 0x0, 0x0, 0x0, 0x0, 0x23, 0xff, 0xff,
    0xff, 0xff, 0xff, 0x7a, 0x0, 0x0, 0x0, 0x6,
    0x75, 0xf2, 0xff, 0xff, 0xff, 0xff, 0xff, 0x60,
    0x0, 0x0, 0x4b, 0xda, 0xff, 0xff, 0xff, 0xff,
    0xff, 0xff, 0xfb, 0x19, 0x27, 0xb7, 0xff, 0xff,
    0xff, 0xff, 0xff, 0xff, 0xff, 0xff, 0x99, 0x0,
    0xa0, 0xff, 0xff, 0xff, 0xff, 0xff, 0xff, 0xff,
    0xff, 0xd5, 0xf, 0x0, 0xa0, 0xff, 0xff, 0xff,
    0xff, 0xff, 0xff, 0xff, 0xac, 0x14, 0x0, 0x0,
    0xa0, 0xff, 0xff, 0xff, 0xff, 0xff, 0xd4, 0x43,
    0x0, 0x0, 0x0, 0x0, 0x3b, 0xd3, 0xff, 0xff,
    0xee, 0x6e, 0x4, 0x0, 0x0, 0x0, 0x0, 0x0,
    0x0, 0x3, 0x6b, 0x95, 0x14, 0x0, 0x0, 0x0,
    0x0, 0x0, 0x0, 0x0,

    /* U+005E "^" */
    0x0, 0x0, 0x0, 0x0, 0x0, 0x0, 0x0, 0x0,
    0x0, 0x0, 0x0, 0x0, 0x0, 0x0, 0x0, 0x0,
    0x0, 0x0, 0x0, 0x92, 0xe1, 0xa9, 0x72, 0x3a,
    0x8, 0x0, 0x0, 0x0, 0x0, 0x0, 0x0, 0x0,
    0x4b, 0xff, 0xff, 0xff, 0xff, 0xff, 0xfa, 0xa7,
    0x1c, 0x0, 0x0, 0x0, 0x0, 0x18, 0xea, 0xff,
    0xff, 0xff, 0xff, 0xff, 0xff, 0xff, 0xf5, 0x73,
    0x0, 0x0, 0x1, 0xb9, 0xff, 0xff, 0xff, 0xff,
    0xff, 0xff, 0xff, 0xff, 0xff, 0x91, 0x0, 0x0,
    0x74, 0xff, 0xff, 0xff, 0xff, 0xff, 0xfc, 0xf0,
    0xff, 0xff, 0xfc, 0x21, 0x0, 0x32, 0xf9, 0xff,
    0xff, 0xff, 0xff, 0xff, 0x7f, 0x2, 0x2f, 0x6b,
    0x75, 0x0, 0xb, 0xd9, 0xff, 0xff, 0xff, 0xff,
    0xff, 0xc3, 0x3, 0x0, 0x0, 0x0, 0x0, 0x0,
    0x44, 0xfe, 0xff, 0xff, 0xff, 0xff, 0xef, 0x1e,
    0x0, 0x0, 0x0, 0x0, 0x0, 0x0, 0x0, 0x71,
    0xff, 0xff, 0xff, 0xff, 0x55, 0x0, 0x0, 0x0,
    0x0, 0x0, 0x0, 0x0, 0x0, 0x0, 0x49, 0xd8,
    0xff, 0x9b, 0x0, 0x0, 0x0, 0x0, 0x0, 0x0,
    0x0, 0x0, 0x0, 0x0, 0x0, 0x5, 0x69, 0xa,
    0x0, 0x0, 0x0, 0x0, 0x0, 0x0, 0x0, 0x0,

    /* U+005F "_" */
    0x0, 0x0, 0x0, 0x0, 0x0, 0x0, 0x0, 0x0,
    0x0, 0x0, 0x29, 0x91, 0x24, 0x0, 0x0, 0x0,
    0x0, 0x0, 0x0, 0x0, 0x0, 0x0, 0x0, 0xf,
    0x8f, 0xfb, 0xff, 0xf9, 0x86, 0x9, 0x0, 0x0,
    0x0, 0x0, 0x0, 0x0, 0x2, 0x64, 0xea, 0xff,
    0xff, 0xff, 0xff, 0xff, 0x3c, 0x0, 0x0, 0x0,
    0x0, 0x0, 0x3a, 0xcc, 0xff, 0xff, 0xff, 0xff,
    0xff, 0xff, 0xff, 0x3c, 0x0, 0x0, 0x0, 0x1a,
    0xa4, 0xff, 0xff, 0xff, 0xff, 0xff, 0xff, 0xff,
    0xff, 0xff, 0x3c, 0x0, 0x7, 0x79, 0xf4, 0xff,
    0xff, 0xff, 0xff, 0xff, 0xff, 0xff, 0xff, 0xfb,
    0x92, 0xc, 0x42, 0xdc, 0xff, 0xff, 0xff, 0xff,
    0xff, 0xff, 0xff, 0xff, 0xff, 0xbd, 0x2c, 0x0,
    0x0, 0xa0, 0xff, 0xff, 0xff, 0xff, 0xff, 0xff,
    0xff, 0xff, 0xe0, 0x54, 0x0, 0x0, 0x0, 0x0,
    0xa0, 0xff, 0xff, 0xff, 0xff, 0xff, 0xff, 0xf6,
    0x80, 0x9, 0x0, 0x0, 0x0, 0x0, 0x0, 0xa0,
    0xff, 0xff, 0xff, 0xff, 0xff, 0xab, 0x1f, 0x0,
    0x0, 0x0, 0x0, 0x0, 0x0, 0x0, 0x1d, 0xa9,
    0xff, 0xff, 0xd2, 0x41, 0x0, 0x0, 0x0, 0x0,
    0x0, 0x0, 0x0, 0x0, 0x0, 0x0, 0x0, 0x3e,
    0x69, 0x3, 0x0, 0x0, 0x0, 0x0, 0x0, 0x0,
    0x0, 0x0, 0x0, 0x0,

    /* U+0060 "`" */
    0x0, 0x0, 0x9, 0x0, 0x0, 0x0, 0x0, 0x0,
    0x0, 0x0, 0x0, 0x0, 0x0, 0x0, 0x1d, 0xf8,
    0xcf, 0x92, 0x54, 0x17, 0x0, 0x0, 0x0, 0x0,
    0x0, 0x0, 0x0, 0x92, 0xff, 0xff, 0xff, 0xff,
    0xff, 0xd9, 0x9c, 0x5e, 0x9, 0x0, 0x0, 0x15,
    0xf5, 0xff, 0xff, 0xff, 0xff, 0xff, 0xff, 0xff,
    0xff, 0xe0, 0x54, 0x0, 0x23, 0xc9, 0xff, 0xff,
    0xff, 0xff, 0xff, 0xff, 0xff, 0xff, 0xff, 0xff,
    0x74, 0x0, 0x1, 0x60, 0xe3, 0xff, 0xff, 0xff,
    0xff, 0xff, 0xff, 0xff, 0xfc, 0x21, 0x0, 0x0,
    0x0, 0x0, 0x27, 0x63, 0xa0, 0xdc, 0xff, 0xff,
    0xff, 0xa6, 0x0, 0x0, 0x0, 0x0, 0x0, 0x0,
    0x0, 0x0, 0x0, 0x18, 0x54, 0x91, 0x2d, 0x0,

    /* U+0061 "a" */
    0x0, 0x0, 0x0, 0x0, 0x0, 0x0, 0x0, 0x0,
    0x3c, 0xa6, 0x8d, 0x13, 0x0, 0x0, 0x0, 0x0,
    0x0, 0x0, 0x0, 0x0, 0x0, 0x1d, 0xa7, 0xff,
    0xff, 0xff, 0xee, 0x6c, 0x3, 0x0, 0x0, 0x0,
    0x0, 0x0, 0x8, 0x7d, 0xf5, 0xff, 0xff, 0xff,
    0xff, 0xff, 0xff, 0xb8, 0x2, 0x0, 0x0, 0x0,
    0x52, 0xdf, 0xff, 0xff, 0xff, 0xff, 0xff, 0xff,
    0xff, 0xff, 0xff, 0x28, 0x0, 0x2b, 0xbc, 0xff,
    0xff, 0xff, 0xff, 0xff, 0xff, 0xff, 0xff, 0xff,
    0xff, 0xff, 0x3c, 0x6d, 0xfb, 0xff, 0xff, 0xff,
    0xff, 0xff, 0xff, 0xff, 0xff, 0xff, 0xff, 0xff,
    0xff, 0x3c, 0xa0, 0xff, 0xff, 0xff, 0xff, 0xff,
    0xff, 0xff, 0xff, 0xff, 0xff, 0xff, 0xff, 0xff,
    0x3c, 0xa0, 0xff, 0xff, 0xff, 0xff, 0xff, 0xff,
    0xd0, 0x8a, 0xff, 0xff, 0xff, 0xff, 0xff, 0x3c,
    0x92, 0xff, 0xff, 0xff, 0xff, 0xec, 0x69, 0x9,
    0x8f, 0xff, 0xff, 0xff, 0xff, 0xff, 0x3c, 0x2,
    0x67, 0xea, 0xfc, 0x93, 0x11, 0x4a, 0xd9, 0xff,
    0xff, 0xff, 0xff, 0xff, 0xff, 0x3c, 0x0, 0x0,
    0x10, 0x28, 0x26, 0xb5, 0xff, 0xff, 0xff, 0xff,
    0xff, 0xff, 0xff, 0xff, 0x3c, 0x0, 0x0, 0x9,
    0x8a, 0xf9, 0xff, 0xff, 0xff, 0xff, 0xff, 0xff,
    0xff, 0xff, 0xff, 0x3c, 0x0, 0xc, 0xca, 0xff,
    0xff, 0xff, 0xff, 0xff, 0xff, 0xff, 0xff, 0xff,
    0xff, 0xff, 0x3c, 0x0, 0x90, 0xff, 0xff, 0xff,
    0xff, 0xff, 0xff, 0xff, 0xff, 0xff, 0xff, 0xff,
    0xff, 0x3c, 0x25, 0xfb, 0xff, 0xff, 0xff, 0xff,
    0xff, 0xff, 0xff, 0xff, 0xff, 0xff, 0xff, 0xff,
    0x3c, 0x7b, 0xff, 0xff, 0xff, 0xff, 0xff, 0xfd,
    0x9b, 0x61, 0xff, 0xff, 0xff, 0xff, 0xff, 0x3c,
    0x9c, 0xff, 0xff, 0xff, 0xff, 0xf7, 0x32, 0x20,
    0xec, 0xff, 0xff, 0xff, 0xff, 0xff, 0x3c, 0xa0,
    0xff, 0xff, 0xff, 0xff, 0xfa, 0x82, 0xf7, 0xff,
    0xff, 0xff, 0xff, 0xff, 0xff, 0x3c, 0xa0, 0xff,
    0xff, 0xff, 0xff, 0xff, 0xff, 0xff, 0xff, 0xff,
    0xff, 0xff, 0xff, 0xff, 0x3c, 0xa0, 0xff, 0xff,
    0xff, 0xff, 0xff, 0xff, 0xff, 0xff, 0xff, 0xff,
    0xff, 0xff, 0xd9, 0x1e, 0xa0, 0xff, 0xff, 0xff,
    0xff, 0xff, 0xff, 0xff, 0xff, 0xff, 0xff, 0xe8,
    0x77, 0x6, 0x0, 0x8a, 0xff, 0xff, 0xff, 0xff,
    0xff, 0xff, 0xff, 0xff, 0xe4, 0x19, 0x1, 0x0,
    0x0, 0x0, 0x2a, 0xec, 0xff, 0xff, 0xff, 0xff,
    0xff, 0xff, 0xc7, 0x23, 0x0, 0x0, 0x0, 0x0,
    0x0, 0x0, 0x14, 0x99, 0xfd, 0xff, 0xff, 0xe8,
    0x61, 0x1, 0x0, 0x0, 0x0, 0x0, 0x0, 0x0,
    0x0, 0x0, 0x0, 0x2f, 0x99, 0x7b, 0xe, 0x0,
    0x0, 0x0, 0x0, 0x0, 0x0, 0x0, 0x0,

    /* U+0062 "b" */
    0x0, 0x0, 0x2a, 0x51, 0x0, 0x0, 0x0, 0x0,
    0x0, 0x0, 0x0, 0x0, 0x0, 0x0, 0x0, 0x11,
    0x92, 0xfb, 0xff, 0xc0, 0x2f, 0x0, 0x0, 0x0,
    0x0, 0x0, 0x0, 0x0, 0x0, 0x0, 0x9e, 0xff,
    0xff, 0xff, 0xff, 0xee, 0x0, 0x0, 0x0, 0x0,
    0x0, 0x0, 0x0, 0x0, 0x0, 0xa0, 0xff, 0xff,
    0xff, 0xff, 0xf0, 0x0, 0x0, 0x0, 0x0, 0x0,
    0x0, 0x0, 0x0, 0x0, 0xa0, 0xff, 0xff, 0xff,
    0xff, 0xf0, 0x0, 0x0, 0x0, 0x0, 0x0, 0x0,
    0x0, 0x0, 0x0, 0xa0, 0xff, 0xff, 0xff, 0xff,
    0xf0, 0x0, 0x0, 0x3c, 0xa6, 0x8d, 0x13, 0x0,
    0x0, 0x0, 0xa0, 0xff, 0xff, 0xff, 0xff, 0xf0,
    0x1b, 0xa6, 0xff, 0xff, 0xff, 0xee, 0x6c, 0x3,
    0x0, 0xa0, 0xff, 0xff, 0xff, 0xff, 0xff, 0xf4,
    0xff, 0xff, 0xff, 0xff, 0xff, 0xff, 0xb8, 0x2,
    0xa0, 0xff, 0xff, 0xff, 0xff, 0xff, 0xff, 0xff,
    0xff, 0xff, 0xff, 0xff, 0xff, 0xff, 0x28, 0xa0,
    0xff, 0xff, 0xff, 0xff, 0xff, 0xff, 0xff, 0xff,
    0xff, 0xff, 0xff, 0xff, 0xff, 0x3c, 0xa0, 0xff,
    0xff, 0xff, 0xff, 0xff, 0xff, 0xff, 0xff, 0xff,
    0xff, 0xff, 0xff, 0xff, 0x3c, 0xa0, 0xff, 0xff,
    0xff, 0xff, 0xff, 0xff, 0xff, 0xff, 0xff, 0xff,
    0xff, 0xff, 0xff, 0x3c, 0xa0, 0xff, 0xff, 0xff,
    0xff, 0xff, 0xff, 0xd2, 0x8c, 0xff, 0xff, 0xff,
    0xff, 0xff, 0x3c, 0xa0, 0xff, 0xff, 0xff, 0xff,
    0xff, 0x6c, 0x3, 0x4c, 0xff, 0xff, 0xff, 0xff,
    0xff, 0x3c, 0xa0, 0xff, 0xff, 0xff, 0xff, 0xf0,
    0x0, 0x0, 0x4c, 0xff, 0xff, 0xff, 0xff, 0xff,
    0x3c, 0xa0, 0xff, 0xff, 0xff, 0xff, 0xf0, 0x0,
    0x0, 0x4c, 0xff, 0xff, 0xff, 0xff, 0xff, 0x3c,
    0xa0, 0xff, 0xff, 0xff, 0xff, 0xf0, 0x0, 0x0,
    0x4c, 0xff, 0xff, 0xff, 0xff, 0xff, 0x3c, 0xa0,
    0xff, 0xff, 0xff, 0xff, 0xf0, 0x0, 0x0, 0x4c,
    0xff, 0xff, 0xff, 0xff, 0xff, 0x3c, 0xa0, 0xff,
    0xff, 0xff, 0xff, 0xf0, 0x0, 0x0, 0x4c, 0xff,
    0xff, 0xff, 0xff, 0xff, 0x3c, 0xa0, 0xff, 0xff,
    0xff, 0xff, 0xf0, 0x0, 0x0, 0x4d, 0xff, 0xff,
    0xff, 0xff, 0xff, 0x3b, 0xa0, 0xff, 0xff, 0xff,
    0xff, 0xf0, 0x2, 0x64, 0xea, 0xff, 0xff, 0xff,
    0xff, 0xff, 0x29, 0xa0, 0xff, 0xff, 0xff, 0xff,
    0xff, 0xcc, 0xff, 0xff, 0xff, 0xff, 0xff, 0xff,
    0xe5, 0x1, 0xa0, 0xff, 0xff, 0xff, 0xff, 0xff,
    0xff, 0xff, 0xff, 0xff, 0xff, 0xff, 0xff, 0x68,
    0x0, 0xa0, 0xff, 0xff, 0xff, 0xff, 0xff, 0xff,
    0xff, 0xff, 0xff, 0xff, 0xff, 0xcb, 0x3, 0x0,
    0xa0, 0xff, 0xff, 0xff, 0xff, 0xff, 0xff, 0xff,
    0xff, 0xff, 0xff, 0xbb, 0x16, 0x0, 0x0, 0xa0,
    0xff, 0xff, 0xff, 0xff, 0xff, 0xff, 0xff, 0xff,
    0xe2, 0x57, 0x0, 0x0, 0x0, 0x0, 0xa0, 0xff,
    0xff, 0xff, 0xff, 0xff, 0xff, 0xf7, 0x82, 0xa,
    0x0, 0x0, 0x0, 0x0, 0x0, 0xa0, 0xff, 0xff,
    0xff, 0xff, 0xff, 0xad, 0x1f, 0x0, 0x0, 0x0,
    0x0, 0x0, 0x0, 0x0, 0x1d, 0xa9, 0xff, 0xff,
    0xd3, 0x42, 0x0, 0x0, 0x0, 0x0, 0x0, 0x0,
    0x0, 0x0, 0x0, 0x0, 0x0, 0x3e, 0x69, 0x3,
    0x0, 0x0, 0x0, 0x0, 0x0, 0x0, 0x0, 0x0,
    0x0, 0x0,

    /* U+0063 "c" */
    0x0, 0x0, 0x0, 0x0, 0x0, 0x0, 0x0, 0x0,
    0x3c, 0xa6, 0x8d, 0x13, 0x0, 0x0, 0x0, 0x0,
    0x0, 0x0, 0x0, 0x0, 0x0, 0x1c, 0xa7, 0xff,
    0xff, 0xff, 0xee, 0x6c, 0x3, 0x0, 0x0, 0x0,
    0x0, 0x0, 0x7, 0x7b, 0xf4, 0xff, 0xff, 0xff,
    0xff, 0xff, 0xff, 0xb8, 0x2, 0x0, 0x0, 0x0,
    0x4e, 0xdd, 0xff, 0xff, 0xff, 0xff, 0xff, 0xff,
    0xff, 0xff, 0xff, 0x28, 0x0, 0x1, 0x97, 0xff,
    0xff, 0xff, 0xff, 0xff, 0xff, 0xff, 0xff, 0xff,
    0xff, 0xff, 0x3c, 0x0, 0x6c, 0xff, 0xff, 0xff,
    0xff, 0xff, 0xff, 0xff, 0xff, 0xff, 0xff, 0xff,
    0xff, 0x3c, 0x13, 0xee, 0xff, 0xff, 0xff, 0xff,
    0xff, 0xff, 0xff, 0xff, 0xff, 0xff, 0xff, 0xff,
    0x3c, 0x6c, 0xff, 0xff, 0xff, 0xff, 0xff, 0xff,
    0xd2, 0x50, 0x97, 0xfd, 0xff, 0xfb, 0x8f, 0xb,
    0x98, 0xff, 0xff, 0xff, 0xff, 0xfb, 0x6c, 0x3,
    0x0, 0x0, 0x30, 0x9a, 0x2b, 0x0, 0x0, 0xa0,
    0xff, 0xff, 0xff, 0xff, 0xf0, 0x0, 0x0, 0x0,
    0x0, 0x0, 0x0, 0x0, 0x0, 0x0, 0xa0, 0xff,
    0xff, 0xff, 0xff, 0xf0, 0x0, 0x0, 0x0, 0x0,
    0x0, 0x0, 0x0, 0x0, 0x0, 0xa0, 0xff, 0xff,
    0xff, 0xff, 0xf0, 0x0, 0x0, 0x0, 0x0, 0x1f,
    0x82, 0x1b, 0x0, 0x0, 0xa0, 0xff, 0xff, 0xff,
    0xff, 0xf0, 0x0, 0x0, 0x9, 0x81, 0xf6, 0xff,
    0xf4, 0x79, 0x6, 0xa0, 0xff, 0xff, 0xff, 0xff,
    0xf0, 0x0, 0x0, 0x4c, 0xff, 0xff, 0xff, 0xff,
    0xff, 0x3c, 0xa0, 0xff, 0xff, 0xff, 0xff, 0xf0,
    0x0, 0x0, 0x4c, 0xff, 0xff, 0xff, 0xff, 0xff,
    0x3c, 0xa0, 0xff, 0xff, 0xff, 0xff, 0xf0, 0x0,
    0x0, 0x4c, 0xff, 0xff, 0xff, 0xff, 0xff, 0x3c,
    0xa0, 0xff, 0xff, 0xff, 0xff, 0xf0, 0x0, 0x20,
    0xb6, 0xff, 0xff, 0xff, 0xff, 0xff, 0x32, 0xa0,
    0xff, 0xff, 0xff, 0xff, 0xfa, 0x82, 0xf7, 0xff,
    0xff, 0xff, 0xff, 0xff, 0xf6, 0xa, 0xa0, 0xff,
    0xff, 0xff, 0xff, 0xff, 0xff, 0xff, 0xff, 0xff,
    0xff, 0xff, 0xff, 0x92, 0x0, 0xa0, 0xff, 0xff,
    0xff, 0xff, 0xff, 0xff, 0xff, 0xff, 0xff, 0xff,
    0xff, 0xee, 0x14, 0x0, 0xa0, 0xff, 0xff, 0xff,
    0xff, 0xff, 0xff, 0xff, 0xff, 0xff, 0xff, 0xee,
    0x3f, 0x0, 0x0, 0x8a, 0xff, 0xff, 0xff, 0xff,
    0xff, 0xff, 0xff, 0xff, 0xfe, 0xa3, 0x1a, 0x0,
    0x0, 0x0, 0x2a, 0xec, 0xff, 0xff, 0xff, 0xff,
    0xff, 0xff, 0xcb, 0x39, 0x0, 0x0, 0x0, 0x0,
    0x0, 0x0, 0x14, 0x99, 0xfd, 0xff, 0xff, 0xe9,
    0x63, 0x2, 0x0, 0x0, 0x0, 0x0, 0x0, 0x0,
    0x0, 0x0, 0x0, 0x2f, 0x99, 0x7b, 0xe, 0x0,
    0x0, 0x0, 0x0, 0x0, 0x0, 0x0, 0x0,

    /* U+0064 "d" */
    0x0, 0x0, 0x0, 0x0, 0x0, 0x0, 0x0, 0x0,
    0x0, 0x0, 0xe, 0x62, 0xb, 0x0, 0x0, 0x0,
    0x0, 0x0, 0x0, 0x0, 0x0, 0x0, 0x0, 0x1,
    0x61, 0xe8, 0xff, 0xe3, 0x59, 0x0, 0x0, 0x0,
    0x0, 0x0, 0x0, 0x0, 0x0, 0x0, 0x4a, 0xff,
    0xff, 0xff, 0xff, 0xff, 0x3a, 0x0, 0x0, 0x0,
    0x0, 0x0, 0x0, 0x0, 0x0, 0x4c, 0xff, 0xff,
    0xff, 0xff, 0xff, 0x3c, 0x0, 0x0, 0x0, 0x0,
    0x0, 0x0, 0x0, 0x0, 0x4c, 0xff, 0xff, 0xff,
    0xff, 0xff, 0x3c, 0x0, 0x0, 0x0, 0x0, 0x0,
    0x0, 0x0, 0x0, 0x4c, 0xff, 0xff, 0xff, 0xff,
    0xff, 0x3c, 0x0, 0x0, 0x0, 0x0, 0x0, 0x0,
    0x0, 0x0, 0x4c, 0xff, 0xff, 0xff, 0xff, 0xff,
    0x3c, 0x0, 0x0, 0x0, 0x0, 0x0, 0x0, 0x0,
    0x0, 0x4c, 0xff, 0xff, 0xff, 0xff, 0xff, 0x3c,
    0x0, 0x0, 0x0, 0x0, 0x0, 0x31, 0xaa, 0xb4,
    0x85, 0xff, 0xff, 0xff, 0xff, 0xff, 0x3c, 0x0,
    0x0, 0x0, 0x14, 0x98, 0xfd, 0xff, 0xff, 0xff,
    0xff, 0xff, 0xff, 0xff, 0xff, 0x3c, 0x0, 0x0,
    0x4f, 0xee, 0xff, 0xff, 0xff, 0xff, 0xff, 0xff,
    0xff, 0xff, 0xff, 0xff, 0x3c, 0x0, 0x3d, 0xfb,
    0xff, 0xff, 0xff, 0xff, 0xff, 0xff, 0xff, 0xff,
    0xff, 0xff, 0xff, 0x3c, 0x3, 0xd2, 0xff, 0xff,
    0xff, 0xff, 0xff, 0xff, 0xff, 0xff, 0xff, 0xff,
    0xff, 0xff, 0x3c, 0x54, 0xff, 0xff, 0xff, 0xff,
    0xff, 0xff, 0xfa, 0xd8, 0xff, 0xff, 0xff, 0xff,
    0xff, 0x3c, 0x90, 0xff, 0xff, 0xff, 0xff, 0xff,
    0xb7, 0x27, 0x4c, 0xff, 0xff, 0xff, 0xff, 0xff,
    0x3c, 0x9f, 0xff, 0xff, 0xff, 0xff, 0xf0, 0x0,
    0x0, 0x4c, 0xff, 0xff, 0xff, 0xff, 0xff, 0x3c,
    0xa0, 0xff, 0xff, 0xff, 0xff, 0xf0, 0x0, 0x0,
    0x4c, 0xff, 0xff, 0xff, 0xff, 0xff, 0x3c, 0xa0,
    0xff, 0xff, 0xff, 0xff, 0xf0, 0x0, 0x0, 0x4c,
    0xff, 0xff, 0xff, 0xff, 0xff, 0x3c, 0xa0, 0xff,
    0xff, 0xff, 0xff, 0xf0, 0x0, 0x0, 0x4c, 0xff,
    0xff, 0xff, 0xff, 0xff, 0x3c, 0xa0, 0xff, 0xff,
    0xff, 0xff, 0xf0, 0x0, 0x0, 0x4c, 0xff, 0xff,
    0xff, 0xff, 0xff, 0x3c, 0xa0, 0xff, 0xff, 0xff,
    0xff, 0xf0, 0x0, 0x0, 0x4c, 0xff, 0xff, 0xff,
    0xff, 0xff, 0x3c, 0xa0, 0xff, 0xff, 0xff, 0xff,
    0xf0, 0x0, 0x20, 0xdd, 0xff, 0xff, 0xff, 0xff,
    0xff, 0x3c, 0xa0, 0xff, 0xff, 0xff, 0xff, 0xfa,
    0x82, 0xf7, 0xff, 0xff, 0xff, 0xff, 0xff, 0xff,
    0x3c, 0xa0, 0xff, 0xff, 0xff, 0xff, 0xff, 0xff,
    0xff, 0xff, 0xff, 0xff, 0xff, 0xff, 0xff, 0x3c,
    0xa0, 0xff, 0xff, 0xff, 0xff, 0xff, 0xff, 0xff,
    0xff, 0xff, 0xfe, 0x47, 0xa6, 0xb7, 0x1d, 0xa0,
    0xff, 0xff, 0xff, 0xff, 0xff, 0xff, 0xff, 0xff,
    0xff, 0xab, 0x0, 0x0, 0x0, 0x0, 0x8a, 0xff,
    0xff, 0xff, 0xff, 0xff, 0xff, 0xff, 0xff, 0xe4,
    0x19, 0x0, 0x0, 0x0, 0x0, 0x2a, 0xec, 0xff,
    0xff, 0xff, 0xff, 0xff, 0xff, 0xc7, 0x23, 0x0,
    0x0, 0x0, 0x0, 0x0, 0x0, 0x14, 0x99, 0xfd,
    0xff, 0xff, 0xe8, 0x61, 0x1, 0x0, 0x0, 0x0,
    0x0, 0x0, 0x0, 0x0, 0x0, 0x0, 0x2f, 0x99,
    0x7b, 0xe, 0x0, 0x0, 0x0, 0x0, 0x0, 0x0,
    0x0, 0x0,

    /* U+0065 "e" */
    0x0, 0x0, 0x0, 0x0, 0x0, 0x0, 0x0, 0x0,
    0x3c, 0xa6, 0x8d, 0x13, 0x0, 0x0, 0x0, 0x0,
    0x0, 0x0, 0x0, 0x0, 0x0, 0x1c, 0xa7, 0xff,
    0xff, 0xff, 0xee, 0x6c, 0x3, 0x0, 0x0, 0x0,
    0x0, 0x0, 0x7, 0x7b, 0xf4, 0xff, 0xff, 0xff,
    0xff, 0xff, 0xff, 0xb8, 0x2, 0x0, 0x0, 0x0,
    0x4e, 0xdd, 0xff, 0xff, 0xff, 0xff, 0xff, 0xff,
    0xff, 0xff, 0xff, 0x28, 0x0, 0x1, 0x97, 0xff,
    0xff, 0xff, 0xff, 0xff, 0xff, 0xff, 0xff, 0xff,
    0xff, 0xff, 0x3c, 0x0, 0x6c, 0xff, 0xff, 0xff,
    0xff, 0xff, 0xff, 0xff, 0xff, 0xff, 0xff, 0xff,
    0xff, 0x3c, 0x13, 0xee, 0xff, 0xff, 0xff, 0xff,
    0xff, 0xff, 0xff, 0xff, 0xff, 0xff, 0xff, 0xff,
    0x3c, 0x6c, 0xff, 0xff, 0xff, 0xff, 0xff, 0xff,
    0xd2, 0x8c, 0xff, 0xff, 0xff, 0xff, 0xff, 0x3c,
    0x98, 0xff, 0xff, 0xff, 0xff, 0xfb, 0x6c, 0x3,
    0x59, 0xff, 0xff, 0xff, 0xff, 0xff, 0x3b, 0xa0,
    0xff, 0xff, 0xff, 0xff, 0xf0, 0xe, 0x8c, 0xfa,
    0xff, 0xff, 0xff, 0xff, 0xff, 0x22, 0xa0, 0xff,
    0xff, 0xff, 0xff, 0xff, 0xe8, 0xff, 0xff, 0xff,
    0xff, 0xff, 0xff, 0xd6, 0x0, 0xa0, 0xff, 0xff,
    0xff, 0xff, 0xff, 0xff, 0xff, 0xff, 0xff, 0xff,
    0xff, 0xff, 0x52, 0x0, 0xa0, 0xff, 0xff, 0xff,
    0xff, 0xff, 0xff, 0xff, 0xff, 0xff, 0xff, 0xff,
    0xb1, 0x0, 0x0, 0xa0, 0xff, 0xff, 0xff, 0xff,
    0xff, 0xff, 0xff, 0xff, 0xff, 0xfd, 0x94, 0x8,
    0x0, 0x0, 0xa0, 0xff, 0xff, 0xff, 0xff, 0xff,
    0xff, 0xff, 0xff, 0xc1, 0x34, 0x45, 0x2, 0x0,
    0x0, 0xa0, 0xff, 0xff, 0xff, 0xff, 0xf0, 0x3b,
    0x8e, 0x4f, 0x44, 0xd4, 0xff, 0xce, 0x3b, 0x0,
    0xa0, 0xff, 0xff, 0xff, 0xff, 0xf0, 0x0, 0x21,
    0xad, 0xff, 0xff, 0xff, 0xff, 0xff, 0x33, 0xa0,
    0xff, 0xff, 0xff, 0xff, 0xfa, 0x83, 0xf7, 0xff,
    0xff, 0xff, 0xff, 0xff, 0xff, 0x3c, 0xa0, 0xff,
    0xff, 0xff, 0xff, 0xff, 0xff, 0xff, 0xff, 0xff,
    0xff, 0xff, 0xff, 0xff, 0x3c, 0xa0, 0xff, 0xff,
    0xff, 0xff, 0xff, 0xff, 0xff, 0xff, 0xff, 0xff,
    0xff, 0xff, 0xd8, 0x1e, 0xa0, 0xff, 0xff, 0xff,
    0xff, 0xff, 0xff, 0xff, 0xff, 0xff, 0xff, 0xf2,
    0x75, 0x5, 0x0, 0x8a, 0xff, 0xff, 0xff, 0xff,
    0xff, 0xff, 0xff, 0xff, 0xfe, 0xa0, 0x18, 0x0,
    0x0, 0x0, 0x2a, 0xec, 0xff, 0xff, 0xff, 0xff,
    0xff, 0xff, 0xc9, 0x37, 0x0, 0x0, 0x0, 0x0,
    0x0, 0x0, 0x14, 0x99, 0xfd, 0xff, 0xff, 0xe8,
    0x62, 0x1, 0x0, 0x0, 0x0, 0x0, 0x0, 0x0,
    0x0, 0x0, 0x0, 0x2f, 0x99, 0x7b, 0xe, 0x0,
    0x0, 0x0, 0x0, 0x0, 0x0, 0x0, 0x0,

    /* U+0066 "f" */
    0x0, 0x0, 0x0, 0x0, 0x0, 0x0, 0x0, 0x0,
    0x0, 0x0, 0x0, 0x14, 0x0, 0x0, 0x0, 0x0,
    0x0, 0x0, 0x0, 0x0, 0x0, 0x0, 0x0, 0x0,
    0x1a, 0xa4, 0xfd, 0x9d, 0x16, 0x0, 0x0, 0x0,
    0x0, 0x0, 0x0, 0x0, 0x0, 0x6, 0x78, 0xf3,
    0xff, 0xff, 0xff, 0xf0, 0x27, 0x0, 0x0, 0x0,
    0x0, 0x0, 0x0, 0x4c, 0xdb, 0xff, 0xff, 0xff,
    0xff, 0xff, 0xff, 0x3c, 0x0, 0x0, 0x0, 0x0,
    0x4, 0xa3, 0xff, 0xff, 0xff, 0xff, 0xff, 0xff,
    0xff, 0xff, 0x3c, 0x0, 0x0, 0x0, 0x0, 0x8d,
    0xff, 0xff, 0xff, 0xff, 0xff, 0xff, 0xff, 0xff,
    0xf5, 0x2a, 0x0, 0x0, 0x0, 0x29, 0xfb, 0xff,
    0xff, 0xff, 0xff, 0xff, 0xff, 0xff, 0xa9, 0x1d,
    0x0, 0x0, 0x0, 0x0, 0x99, 0xff, 0xff, 0xff,
    0xff, 0xff, 0xff, 0xd2, 0x3f, 0x0, 0x0, 0x0,
    0x0, 0x0, 0x0, 0xcd, 0xff, 0xff, 0xff, 0xff,
    0xf1, 0x6c, 0x8, 0x49, 0x3, 0x0, 0x0, 0x0,
    0x0, 0x0, 0xd8, 0xff, 0xff, 0xff, 0xff, 0xb4,
    0x46, 0xd7, 0xff, 0xd2, 0x3f, 0x0, 0x0, 0x0,
    0x0, 0xd8, 0xff, 0xff, 0xff, 0xff, 0xff, 0xff,
    0xff, 0xff, 0xff, 0xff, 0x34, 0x0, 0x0, 0x0,
    0xd8, 0xff, 0xff, 0xff, 0xff, 0xff, 0xff, 0xff,
    0xff, 0xff, 0xff, 0x3c, 0x0, 0x0, 0x0, 0xd8,
    0xff, 0xff, 0xff, 0xff, 0xff, 0xff, 0xff, 0xff,
    0xff, 0xff, 0x3c, 0x0, 0x0, 0x33, 0xed, 0xff,
    0xff, 0xff, 0xff, 0xff, 0xff, 0xff, 0xff, 0xff,
    0xd5, 0x1d, 0x16, 0x9c, 0xfd, 0xff, 0xff, 0xff,
    0xff, 0xff, 0xff, 0xff, 0xff, 0xef, 0x70, 0x4,
    0x0, 0x9f, 0xff, 0xff, 0xff, 0xff, 0xff, 0xff,
    0xff, 0xff, 0xfd, 0x9b, 0x15, 0x0, 0x0, 0x0,
    0xa0, 0xff, 0xff, 0xff, 0xff, 0xff, 0xff, 0xff,
    0xff, 0x33, 0x0, 0x0, 0x0, 0x0, 0x0, 0xa0,
    0xff, 0xff, 0xff, 0xff, 0xff, 0xff, 0xff, 0xb4,
    0x0, 0x0, 0x0, 0x0, 0x0, 0x0, 0x4a, 0xe4,
    0xff, 0xff, 0xff, 0xff, 0xff, 0xff, 0xb4, 0x0,
    0x0, 0x0, 0x0, 0x0, 0x0, 0x0, 0xb, 0x86,
    0xff, 0xff, 0xff, 0xff, 0xff, 0xb4, 0x0, 0x0,
    0x0, 0x0, 0x0, 0x0, 0x0, 0x0, 0x0, 0xd8,
    0xff, 0xff, 0xff, 0xff, 0xb4, 0x0, 0x0, 0x0,
    0x0, 0x0, 0x0, 0x0, 0x0, 0x0, 0xd8, 0xff,
    0xff, 0xff, 0xff, 0xb4, 0x0, 0x0, 0x0, 0x0,
    0x0, 0x0, 0x0, 0x0, 0x0, 0xd8, 0xff, 0xff,
    0xff, 0xff, 0xb4, 0x0, 0x0, 0x0, 0x0, 0x0,
    0x0, 0x0, 0x0, 0x0, 0xd8, 0xff, 0xff, 0xff,
    0xff, 0xb4, 0x0, 0x0, 0x0, 0x0, 0x0, 0x0,
    0x0, 0x0, 0x0, 0xd8, 0xff, 0xff, 0xff, 0xff,
    0xb4, 0x0, 0x0, 0x0, 0x0, 0x0, 0x0, 0x0,
    0x0, 0x0, 0xd8, 0xff, 0xff, 0xff, 0xff, 0xb4,
    0x0, 0x0, 0x0, 0x0, 0x0, 0x0, 0x0, 0x0,
    0x0, 0xd8, 0xff, 0xff, 0xff, 0xff, 0xb4, 0x0,
    0x0, 0x0, 0x0, 0x0, 0x0, 0x0, 0x0, 0x0,
    0xc0, 0xff, 0xff, 0xff, 0xff, 0x9c, 0x0, 0x0,
    0x0, 0x0, 0x0, 0x0, 0x0, 0x0, 0x0, 0x6,
    0x75, 0xf2, 0xe8, 0x61, 0x1, 0x0, 0x0, 0x0,
    0x0, 0x0, 0x0, 0x0, 0x0, 0x0, 0x0, 0x0,
    0x17, 0xe, 0x0, 0x0, 0x0, 0x0, 0x0, 0x0,
    0x0, 0x0,

    /* U+0067 "g" */
    0x0, 0x0, 0x0, 0x0, 0x0, 0x0, 0x0, 0x0,
    0x0, 0x0, 0x21, 0x86, 0x1d, 0x0, 0x0, 0x0,
    0x0, 0x0, 0x0, 0x0, 0x0, 0x0, 0x0, 0xb,
    0x85, 0xf8, 0xff, 0xf5, 0x7d, 0x7, 0x0, 0x0,
    0x0, 0x0, 0x0, 0x0, 0x0, 0x0, 0x4c, 0xff,
    0xff, 0xff, 0xff, 0xff, 0x3c, 0x0, 0x0, 0x0,
    0x0, 0x0, 0x31, 0xaa, 0xb4, 0x85, 0xff, 0xff,
    0xff, 0xff, 0xff, 0x3c, 0x0, 0x0, 0x0, 0x14,
    0x98, 0xfd, 0xff, 0xff, 0xff, 0xff, 0xff, 0xff,
    0xff, 0xff, 0x3c, 0x0, 0x0, 0x4f, 0xee, 0xff,
    0xff, 0xff, 0xff, 0xff, 0xff, 0xff, 0xff, 0xff,
    0xff, 0x3c, 0x0, 0x3d, 0xfb, 0xff, 0xff, 0xff,
    0xff, 0xff, 0xff, 0xff, 0xff, 0xff, 0xff, 0xff,
    0x3c, 0x3, 0xd2, 0xff, 0xff, 0xff, 0xff, 0xff,
    0xff, 0xff, 0xff, 0xff, 0xff, 0xff, 0xff, 0x3c,
    0x54, 0xff, 0xff, 0xff, 0xff, 0xff, 0xff, 0xfa,
    0xd8, 0xff, 0xff, 0xff, 0xff, 0xff, 0x3c, 0x90,
    0xff, 0xff, 0xff, 0xff, 0xff, 0xb7, 0x27, 0x4c,
    0xff, 0xff, 0xff, 0xff, 0xff, 0x3c, 0x9f, 0xff,
    0xff, 0xff, 0xff, 0xf0, 0x0, 0x0, 0x4c, 0xff,
    0xff, 0xff, 0xff, 0xff, 0x3c, 0xa0, 0xff, 0xff,
    0xff, 0xff, 0xf0, 0x0, 0x0, 0x4c, 0xff, 0xff,
    0xff, 0xff, 0xff, 0x3c, 0xa0, 0xff, 0xff, 0xff,
    0xff, 0xf0, 0x0, 0x50, 0xff, 0xff, 0xff, 0xff,
    0xff, 0xff, 0x3c, 0xa0, 0xff, 0xff, 0xff, 0xff,
    0xff, 0xba, 0xff, 0xff, 0xff, 0xff, 0xff, 0xff,
    0xff, 0x3c, 0xa0, 0xff, 0xff, 0xff, 0xff, 0xff,
    0xff, 0xff, 0xff, 0xff, 0xff, 0xff, 0xff, 0xff,
    0x3c, 0xa0, 0xff, 0xff, 0xff, 0xff, 0xff, 0xff,
    0xff, 0xff, 0xff, 0xff, 0xff, 0xff, 0xff, 0x3c,
    0x9f, 0xff, 0xff, 0xff, 0xff, 0xff, 0xff, 0xff,
    0xff, 0xff, 0xff, 0xff, 0xff, 0xff, 0x3c, 0x80,
    0xff, 0xff, 0xff, 0xff, 0xff, 0xff, 0xff, 0xff,
    0xff, 0xff, 0xff, 0xff, 0xff, 0x3c, 0x12, 0xc7,
    0xff, 0xff, 0xff, 0xff, 0xff, 0xfc, 0xe0, 0xff,
    0xff, 0xff, 0xff, 0xff, 0x3c, 0x0, 0x1, 0x62,
    0xe8, 0xff, 0xff, 0xbf, 0x33, 0x8b, 0xff, 0xff,
    0xff, 0xff, 0xff, 0x37, 0x0, 0x0, 0x0, 0xe,
    0x65, 0x44, 0x47, 0xd7, 0xff, 0xff, 0xff, 0xff,
    0xff, 0xfd, 0x13, 0x0, 0x0, 0x0, 0x0, 0x23,
    0xb1, 0xff, 0xff, 0xff, 0xff, 0xff, 0xff, 0xff,
    0xb2, 0x0, 0x0, 0x0, 0xc, 0x86, 0xf8, 0xff,
    0xff, 0xff, 0xff, 0xff, 0xff, 0xff, 0xfc, 0x29,
    0x0, 0x0, 0x5b, 0xe5, 0xff, 0xff, 0xff, 0xff,
    0xff, 0xff, 0xff, 0xff, 0xfe, 0x6e, 0x0, 0x0,
    0x8c, 0xff, 0xff, 0xff, 0xff, 0xff, 0xff, 0xff,
    0xff, 0xff, 0xd9, 0x45, 0x0, 0x0, 0x0, 0xa0,
    0xff, 0xff, 0xff, 0xff, 0xff, 0xff, 0xff, 0xf2,
    0x75, 0x5, 0x0, 0x0, 0x0, 0x0, 0xa0, 0xff,
    0xff, 0xff, 0xff, 0xff, 0xfe, 0x9f, 0x17, 0x0,
    0x0, 0x0, 0x0, 0x0, 0x0, 0x72, 0xfd, 0xff,
    0xff, 0xff, 0xc8, 0x36, 0x0, 0x0, 0x0, 0x0,
    0x0, 0x0, 0x0, 0x0, 0x0, 0x33, 0xc5, 0xe7,
    0x5f, 0x1, 0x0, 0x0, 0x0, 0x0, 0x0, 0x0,
    0x0, 0x0, 0x0, 0x0, 0x0, 0x0, 0x9, 0x0,
    0x0, 0x0, 0x0, 0x0, 0x0, 0x0, 0x0, 0x0,
    0x0, 0x0,

    /* U+0068 "h" */
    0x0, 0x0, 0x2a, 0x51, 0x0, 0x0, 0x0, 0x0,
    0x0, 0x0, 0x0, 0x0, 0x0, 0x0, 0x0, 0x11,
    0x92, 0xfb, 0xff, 0xc0, 0x2f, 0x0, 0x0, 0x0,
    0x0, 0x0, 0x0, 0x0, 0x0, 0x0, 0x9e, 0xff,
    0xff, 0xff, 0xff, 0xee, 0x0, 0x0, 0x0, 0x0,
    0x0, 0x0, 0x0, 0x0, 0x0, 0xa0, 0xff, 0xff,
    0xff, 0xff, 0xf0, 0x0, 0x0, 0x0, 0x0, 0x0,
    0x0, 0x0, 0x0, 0x0, 0xa0, 0xff, 0xff, 0xff,
    0xff, 0xf0, 0x0, 0x0, 0x0, 0x0, 0x0, 0x0,
    0x0, 0x0, 0x0, 0xa0, 0xff, 0xff, 0xff, 0xff,
    0xf0, 0x0, 0x0, 0x3c, 0xa6, 0x8d, 0x13, 0x0,
    0x0, 0x0, 0xa0, 0xff, 0xff, 0xff, 0xff, 0xf0,
    0x1b, 0xa6, 0xff, 0xff, 0xff, 0xee, 0x6c, 0x3,
    0x0, 0xa0, 0xff, 0xff, 0xff, 0xff, 0xff, 0xf4,
    0xff, 0xff, 0xff, 0xff, 0xff, 0xff, 0xb8, 0x2,
    0xa0, 0xff, 0xff, 0xff, 0xff, 0xff, 0xff, 0xff,
    0xff, 0xff, 0xff, 0xff, 0xff, 0xff, 0x28, 0xa0,
    0xff, 0xff, 0xff, 0xff, 0xff, 0xff, 0xff, 0xff,
    0xff, 0xff, 0xff, 0xff, 0xff, 0x3c, 0xa0, 0xff,
    0xff, 0xff, 0xff, 0xff, 0xff, 0xff, 0xff, 0xff,
    0xff, 0xff, 0xff, 0xff, 0x3c, 0xa0, 0xff, 0xff,
    0xff, 0xff, 0xff, 0xff, 0xff, 0xff, 0xff, 0xff,
    0xff, 0xff, 0xff, 0x3c, 0xa0, 0xff, 0xff, 0xff,
    0xff, 0xff, 0xff, 0xd2, 0x8c, 0xff, 0xff, 0xff,
    0xff, 0xff, 0x3c, 0xa0, 0xff, 0xff, 0xff, 0xff,
    0xff, 0x6c, 0x3, 0x4c, 0xff, 0xff, 0xff, 0xff,
    0xff, 0x3c, 0xa0, 0xff, 0xff, 0xff, 0xff, 0xf0,
    0x0, 0x0, 0x4c, 0xff, 0xff, 0xff, 0xff, 0xff,
    0x3c, 0xa0, 0xff, 0xff, 0xff, 0xff, 0xf0, 0x0,
    0x0, 0x4c, 0xff, 0xff, 0xff, 0xff, 0xff, 0x3c,
    0xa0, 0xff, 0xff, 0xff, 0xff, 0xf0, 0x0, 0x0,
    0x4c, 0xff, 0xff, 0xff, 0xff, 0xff, 0x3c, 0xa0,
    0xff, 0xff, 0xff, 0xff, 0xf0, 0x0, 0x0, 0x4c,
    0xff, 0xff, 0xff, 0xff, 0xff, 0x3c, 0xa0, 0xff,
    0xff, 0xff, 0xff, 0xf0, 0x0, 0x0, 0x4c, 0xff,
    0xff, 0xff, 0xff, 0xff, 0x3c, 0xa0, 0xff, 0xff,
    0xff, 0xff, 0xf0, 0x0, 0x0, 0x4c, 0xff, 0xff,
    0xff, 0xff, 0xff, 0x3c, 0xa0, 0xff, 0xff, 0xff,
    0xff, 0xf0, 0x0, 0x0, 0x4c, 0xff, 0xff, 0xff,
    0xff, 0xff, 0x3c, 0xa0, 0xff, 0xff, 0xff, 0xff,
    0xf0, 0x0, 0x0, 0x4c, 0xff, 0xff, 0xff, 0xff,
    0xff, 0x3c, 0xa0, 0xff, 0xff, 0xff, 0xff, 0xf0,
    0x0, 0x0, 0x4c, 0xff, 0xff, 0xff, 0xff, 0xff,
    0x3c, 0xa0, 0xff, 0xff, 0xff, 0xff, 0xf0, 0x0,
    0x0, 0x11, 0x9b, 0xfd, 0xff, 0xfc, 0x93, 0xc,
    0xa0, 0xff, 0xff, 0xff, 0xff, 0xf0, 0x0, 0x0,
    0x0, 0x0, 0x33, 0x9e, 0x2e, 0x0, 0x0, 0xa0,
    0xff, 0xff, 0xff, 0xff, 0xf0, 0x0, 0x0, 0x0,
    0x0, 0x0, 0x0, 0x0, 0x0, 0x0, 0xa0, 0xff,
    0xff, 0xff, 0xff, 0xf0, 0x0, 0x0, 0x0, 0x0,
    0x0, 0x0, 0x0, 0x0, 0x0, 0xa0, 0xff, 0xff,
    0xff, 0xff, 0xf0, 0x0, 0x0, 0x0, 0x0, 0x0,
    0x0, 0x0, 0x0, 0x0, 0x1d, 0xa9, 0xff, 0xff,
    0xd3, 0x41, 0x0, 0x0, 0x0, 0x0, 0x0, 0x0,
    0x0, 0x0, 0x0, 0x0, 0x0, 0x3e, 0x69, 0x3,
    0x0, 0x0, 0x0, 0x0, 0x0, 0x0, 0x0, 0x0,
    0x0, 0x0,

    /* U+0069 "i" */
    0x0, 0x0, 0x0, 0x0, 0x0, 0x0, 0x15, 0x6,
    0x0, 0x0, 0x0, 0x0, 0x0, 0x0, 0x0, 0x0,
    0x0, 0x0, 0x0, 0x0, 0x8a, 0xfd, 0xe4, 0x5c,
    0x1, 0x0, 0x0, 0x0, 0x0, 0x0, 0x0, 0x0,
    0x0, 0x0, 0x62, 0xff, 0xff, 0xff, 0xff, 0xc6,
    0x1d, 0x0, 0x0, 0x0, 0x0, 0x0, 0x0, 0x0,
    0x0, 0xd4, 0xff, 0xff, 0xff, 0xff, 0xff, 0x92,
    0x0, 0x0, 0x0, 0x0, 0x0, 0x0, 0x0, 0x0,
    0xfa, 0xff, 0xff, 0xff, 0xff, 0xff, 0x8b, 0x0,
    0x0, 0x0, 0x0, 0x0, 0x0, 0x0, 0x0, 0xae,
    0xff, 0xff, 0xff, 0xff, 0xff, 0x57, 0x86, 0x1d,
    0x0, 0x0, 0x0, 0x0, 0x0, 0x0, 0x1, 0x60,
    0xe7, 0xff, 0xff, 0xff, 0xf7, 0xff, 0xf5, 0x7d,
    0x7, 0x0, 0x0, 0x0, 0x0, 0x0, 0x0, 0xd,
    0xce, 0xff, 0xff, 0xff, 0xff, 0xff, 0xff, 0x3c,
    0x0, 0x0, 0x0, 0x0, 0x0, 0x32, 0xc4, 0xff,
    0xff, 0xff, 0xff, 0xff, 0xff, 0xff, 0x3c, 0x0,
    0x0, 0x0, 0x15, 0x9a, 0xfd, 0xff, 0xff, 0xff,
    0xff, 0xff, 0xff, 0xff, 0xff, 0x3c, 0x0, 0x4,
    0x70, 0xf0, 0xff, 0xff, 0xff, 0xff, 0xff, 0xff,
    0xff, 0xff, 0xfe, 0x9e, 0xf, 0x3d, 0xd6, 0xff,
    0xff, 0xff, 0xff, 0xff, 0xff, 0xff, 0xff, 0xff,
    0xc6, 0x34, 0x0, 0x0, 0xa0, 0xff, 0xff, 0xff,
    0xff, 0xff, 0xff, 0xff, 0xff, 0xff, 0x64, 0x1,
    0x0, 0x0, 0x0, 0xa0, 0xff, 0xff, 0xff, 0xff,
    0xff, 0xff, 0xff, 0xff, 0xff, 0x14, 0x0, 0x0,
    0x0, 0x0, 0xa0, 0xff, 0xff, 0xff, 0xff, 0xff,
    0xff, 0xff, 0xff, 0xff, 0x14, 0x0, 0x0, 0x0,
    0x0, 0x24, 0xb3, 0xff, 0xff, 0xff, 0xff, 0xff,
    0xff, 0xff, 0xff, 0x14, 0x0, 0x0, 0x0, 0x0,
    0x0, 0x0, 0x47, 0x71, 0x7e, 0xff, 0xff, 0xff,
    0xff, 0xff, 0x14, 0x0, 0x0, 0x0, 0x0, 0x0,
    0x0, 0x0, 0x0, 0x78, 0xff, 0xff, 0xff, 0xff,
    0xff, 0x14, 0x0, 0x0, 0x0, 0x0, 0x0, 0x0,
    0x0, 0x0, 0x78, 0xff, 0xff, 0xff, 0xff, 0xff,
    0x3e, 0x92, 0x24, 0x0, 0x0, 0x0, 0x0, 0x0,
    0x0, 0x78, 0xff, 0xff, 0xff, 0xff, 0xff, 0xff,
    0xff, 0xf9, 0x86, 0x9, 0x0, 0x0, 0x0, 0x0,
    0x78, 0xff, 0xff, 0xff, 0xff, 0xff, 0xff, 0xff,
    0xff, 0xff, 0x3c, 0x0, 0x0, 0x0, 0x0, 0x78,
    0xff, 0xff, 0xff, 0xff, 0xff, 0xff, 0xff, 0xff,
    0xff, 0x3c, 0x0, 0x0, 0x0, 0x1c, 0xbe, 0xff,
    0xff, 0xff, 0xff, 0xff, 0xff, 0xff, 0xff, 0xff,
    0x3c, 0x0, 0x7, 0x7a, 0xf4, 0xff, 0xff, 0xff,
    0xff, 0xff, 0xff, 0xff, 0xff, 0xfb, 0x92, 0xc,
    0x42, 0xdc, 0xff, 0xff, 0xff, 0xff, 0xff, 0xff,
    0xff, 0xff, 0xff, 0xbd, 0x2c, 0x0, 0x0, 0xa0,
    0xff, 0xff, 0xff, 0xff, 0xff, 0xff, 0xff, 0xff,
    0xe0, 0x54, 0x0, 0x0, 0x0, 0x0, 0xa0, 0xff,
    0xff, 0xff, 0xff, 0xff, 0xff, 0xf6, 0x80, 0x9,
    0x0, 0x0, 0x0, 0x0, 0x0, 0xa0, 0xff, 0xff,
    0xff, 0xff, 0xff, 0xab, 0x1f, 0x0, 0x0, 0x0,
    0x0, 0x0, 0x0, 0x0, 0x1d, 0xa9, 0xff, 0xff,
    0xd2, 0x41, 0x0, 0x0, 0x0, 0x0, 0x0, 0x0,
    0x0, 0x0, 0x0, 0x0, 0x0, 0x3e, 0x69, 0x3,
    0x0, 0x0, 0x0, 0x0, 0x0, 0x0, 0x0, 0x0,
    0x0, 0x0,

    /* U+006A "j" */
    0x0, 0x0, 0x0, 0x0, 0x0, 0x0, 0x0, 0x0,
    0x0, 0x0, 0x0, 0x0, 0x0, 0x0, 0x0, 0x0,
    0x0, 0x0, 0x0, 0x25, 0xc8, 0xe9, 0x6c, 0x3,
    0x0, 0x0, 0x0, 0x0, 0x0, 0x0, 0x0, 0xb,
    0xdd, 0xff, 0xff, 0xff, 0xd3, 0x39, 0x0, 0x0,
    0x0, 0x0, 0x0, 0x0, 0x65, 0xff, 0xff, 0xff,
    0xff, 0xff, 0xec, 0x0, 0x0, 0x0, 0x0, 0x0,
    0x0, 0x96, 0xff, 0xff, 0xff, 0xff, 0xff, 0xf5,
    0x1, 0x0, 0x0, 0x0, 0x0, 0x0, 0x66, 0xff,
    0xff, 0xff, 0xff, 0xff, 0xae, 0x0, 0x0, 0x0,
    0x0, 0x0, 0x0, 0x0, 0x50, 0xdd, 0xff, 0xff,
    0xf0, 0x25, 0x0, 0x0, 0x0, 0x0, 0x0, 0x0,
    0x0, 0x1, 0x63, 0xff, 0xff, 0x3a, 0x0, 0x0,
    0x0, 0x0, 0x0, 0x0, 0x0, 0x3a, 0xe8, 0xff,
    0xff, 0xff, 0xee, 0x47, 0x0, 0x0, 0x0, 0x0,
    0x16, 0x9b, 0xff, 0xff, 0xff, 0xff, 0xff, 0xff,
    0x7c, 0x0, 0x0, 0x4, 0x71, 0xf0, 0xff, 0xff,
    0xff, 0xff, 0xff, 0xff, 0xff, 0x7c, 0x0, 0x3d,
    0xd7, 0xff, 0xff, 0xff, 0xff, 0xff, 0xff, 0xff,
    0xff, 0xff, 0x7c, 0x0, 0xa0, 0xff, 0xff, 0xff,
    0xff, 0xff, 0xff, 0xff, 0xff, 0xff, 0xff, 0x7c,
    0x0, 0xa0, 0xff, 0xff, 0xff, 0xff, 0xff, 0xff,
    0xff, 0xff, 0xff, 0xff, 0x7c, 0x0, 0xa0, 0xff,
    0xff, 0xff, 0xff, 0xff, 0xff, 0xff, 0xff, 0xff,
    0xff, 0x7c, 0x0, 0x24, 0xb3, 0xff, 0xff, 0xda,
    0x5c, 0xff, 0xff, 0xff, 0xff, 0xff, 0x7c, 0x0,
    0x0, 0x0, 0x47, 0x71, 0x6, 0x10, 0xff, 0xff,
    0xff, 0xff, 0xff, 0x7c, 0x0, 0x0, 0x0, 0x0,
    0x0, 0x0, 0x10, 0xff, 0xff, 0xff, 0xff, 0xff,
    0x7c, 0x0, 0x0, 0x0, 0x0, 0x0, 0x0, 0x10,
    0xff, 0xff, 0xff, 0xff, 0xff, 0x7c, 0x0, 0x0,
    0x0, 0x0, 0x0, 0x0, 0x10, 0xff, 0xff, 0xff,
    0xff, 0xff, 0x7c, 0x0, 0x0, 0x0, 0x0, 0x0,
    0x0, 0x10, 0xff, 0xff, 0xff, 0xff, 0xff, 0x7c,
    0x0, 0x0, 0x0, 0x0, 0x0, 0x0, 0x10, 0xff,
    0xff, 0xff, 0xff, 0xff, 0x7c, 0x0, 0x0, 0x0,
    0x0, 0x0, 0x0, 0x10, 0xff, 0xff, 0xff, 0xff,
    0xff, 0x7c, 0x0, 0x0, 0x0, 0x0, 0x0, 0x0,
    0x10, 0xff, 0xff, 0xff, 0xff, 0xff, 0x7c, 0x0,
    0x0, 0x0, 0x0, 0x0, 0x0, 0x10, 0xff, 0xff,
    0xff, 0xff, 0xff, 0x7c, 0x0, 0x0, 0x0, 0x0,
    0x0, 0x0, 0x10, 0xff, 0xff, 0xff, 0xff, 0xff,
    0x7c, 0x0, 0x0, 0x0, 0x0, 0x0, 0x21, 0xaf,
    0xff, 0xff, 0xff, 0xff, 0xff, 0x6f, 0x0, 0x0,
    0x0, 0xb, 0x84, 0xf8, 0xff, 0xff, 0xff, 0xff,
    0xff, 0xff, 0x35, 0x0, 0x0, 0x5b, 0xe4, 0xff,
    0xff, 0xff, 0xff, 0xff, 0xff, 0xff, 0xcb, 0x0,
    0x0, 0x8c, 0xff, 0xff, 0xff, 0xff, 0xff, 0xff,
    0xff, 0xff, 0xf9, 0x34, 0x0, 0x0, 0xa0, 0xff,
    0xff, 0xff, 0xff, 0xff, 0xff, 0xff, 0xf0, 0x4d,
    0x0, 0x0, 0x0, 0xa0, 0xff, 0xff, 0xff, 0xff,
    0xff, 0xfe, 0xa0, 0x18, 0x0, 0x0, 0x0, 0x0,
    0x72, 0xfd, 0xff, 0xff, 0xff, 0xc8, 0x36, 0x0,
    0x0, 0x0, 0x0, 0x0, 0x0, 0x0, 0x33, 0xc5,
    0xe7, 0x60, 0x1, 0x0, 0x0, 0x0, 0x0, 0x0,
    0x0, 0x0, 0x0, 0x0, 0x0, 0x9, 0x0, 0x0,
    0x0, 0x0, 0x0, 0x0, 0x0, 0x0, 0x0,

    /* U+006B "k" */
    0x0, 0x0, 0x2a, 0x51, 0x0, 0x0, 0x0, 0x0,
    0x0, 0x0, 0x0, 0x0, 0x0, 0x0, 0x0, 0x11,
    0x92, 0xfb, 0xff, 0xc0, 0x2f, 0x0, 0x0, 0x0,
    0x0, 0x0, 0x0, 0x0, 0x0, 0x0, 0x9e, 0xff,
    0xff, 0xff, 0xff, 0xee, 0x0, 0x0, 0x0, 0x0,
    0x0, 0x0, 0x0, 0x0, 0x0, 0xa0, 0xff, 0xff,
    0xff, 0xff, 0xf0, 0x0, 0x0, 0x0, 0x0, 0x0,
    0x0, 0x0, 0x0, 0x0, 0xa0, 0xff, 0xff, 0xff,
    0xff, 0xf0, 0x0, 0x0, 0x0, 0x0, 0x0, 0x0,
    0x0, 0x0, 0x0, 0xa0, 0xff, 0xff, 0xff, 0xff,
    0xf0, 0x0, 0x0, 0x0, 0x0, 0x21, 0x86, 0x1d,
    0x0, 0x0, 0xa0, 0xff, 0xff, 0xff, 0xff, 0xf0,
    0x0, 0x0, 0xb, 0x85, 0xf8, 0xff, 0xf5, 0x7d,
    0x7, 0xa0, 0xff, 0xff, 0xff, 0xff, 0xf0, 0x0,
    0x0, 0x4c, 0xff, 0xff, 0xff, 0xff, 0xff, 0x3c,
    0xa0, 0xff, 0xff, 0xff, 0xff, 0xf0, 0x0, 0x0,
    0x4c, 0xff, 0xff, 0xff, 0xff, 0xff, 0x3c, 0xa0,
    0xff, 0xff, 0xff, 0xff, 0xf0, 0x0, 0x0, 0x4c,
    0xff, 0xff, 0xff, 0xff, 0xff, 0x3c, 0xa0, 0xff,
    0xff, 0xff, 0xff, 0xf0, 0x0, 0x0, 0x4c, 0xff,
    0xff, 0xff, 0xff, 0xff, 0x32, 0xa0, 0xff, 0xff,
    0xff, 0xff, 0xf0, 0x0, 0x0, 0x4c, 0xff, 0xff,
    0xff, 0xff, 0xf6, 0x9, 0xa0, 0xff, 0xff, 0xff,
    0xff, 0xf0, 0x0, 0x0, 0x4c, 0xff, 0xff, 0xff,
    0xff, 0x90, 0x0, 0xa0, 0xff, 0xff, 0xff, 0xff,
    0xf0, 0x0, 0x6, 0x9b, 0xff, 0xff, 0xff, 0xed,
    0x12, 0x0, 0xa0, 0xff, 0xff, 0xff, 0xff, 0xf0,
    0x4a, 0xd9, 0xff, 0xff, 0xff, 0xff, 0xe3, 0x1a,
    0x0, 0xa0, 0xff, 0xff, 0xff, 0xff, 0xff, 0xff,
    0xff, 0xff, 0xff, 0xff, 0xff, 0xff, 0xdd, 0x7,
    0xa0, 0xff, 0xff, 0xff, 0xff, 0xff, 0xff, 0xff,
    0xff, 0xff, 0xff, 0xff, 0xff, 0xff, 0x31, 0xa0,
    0xff, 0xff, 0xff, 0xff, 0xff, 0xff, 0xff, 0xff,
    0xff, 0xff, 0xff, 0xff, 0xff, 0x3c, 0xa0, 0xff,
    0xff, 0xff, 0xff, 0xff, 0xff, 0xff, 0xff, 0xff,
    0xff, 0xff, 0xff, 0xff, 0x3c, 0xa0, 0xff, 0xff,
    0xff, 0xff, 0xff, 0xff, 0xff, 0xff, 0xff, 0xff,
    0xff, 0xff, 0xff, 0x3c, 0xa0, 0xff, 0xff, 0xff,
    0xff, 0xff, 0xfd, 0x9b, 0x61, 0xff, 0xff, 0xff,
    0xff, 0xff, 0x3c, 0xa0, 0xff, 0xff, 0xff, 0xff,
    0xf7, 0x32, 0x0, 0x4c, 0xff, 0xff, 0xff, 0xff,
    0xff, 0x3c, 0xa0, 0xff, 0xff, 0xff, 0xff, 0xf0,
    0x0, 0x0, 0x4c, 0xff, 0xff, 0xff, 0xff, 0xff,
    0x3c, 0xa0, 0xff, 0xff, 0xff, 0xff, 0xf0, 0x0,
    0x0, 0x11, 0x9b, 0xfd, 0xff, 0xfc, 0x93, 0xc,
    0xa0, 0xff, 0xff, 0xff, 0xff, 0xf0, 0x0, 0x0,
    0x0, 0x0, 0x33, 0x9e, 0x2e, 0x0, 0x0, 0xa0,
    0xff, 0xff, 0xff, 0xff, 0xf0, 0x0, 0x0, 0x0,
    0x0, 0x0, 0x0, 0x0, 0x0, 0x0, 0xa0, 0xff,
    0xff, 0xff, 0xff, 0xf0, 0x0, 0x0, 0x0, 0x0,
    0x0, 0x0, 0x0, 0x0, 0x0, 0xa0, 0xff, 0xff,
    0xff, 0xff, 0xf0, 0x0, 0x0, 0x0, 0x0, 0x0,
    0x0, 0x0, 0x0, 0x0, 0x1d, 0xa9, 0xff, 0xff,
    0xd3, 0x41, 0x0, 0x0, 0x0, 0x0, 0x0, 0x0,
    0x0, 0x0, 0x0, 0x0, 0x0, 0x3e, 0x69, 0x3,
    0x0, 0x0, 0x0, 0x0, 0x0, 0x0, 0x0, 0x0,
    0x0, 0x0,

    /* U+006C "l" */
    0x0, 0x0, 0x2a, 0x51, 0x0, 0x0, 0x0, 0x0,
    0x0, 0x0, 0x0, 0x11, 0x92, 0xfb, 0xff, 0xc0,
    0x2f, 0x0, 0x0, 0x0, 0x0, 0x0, 0x9e, 0xff,
    0xff, 0xff, 0xff, 0xee, 0x0, 0x0, 0x0, 0x0,
    0x0, 0xa0, 0xff, 0xff, 0xff, 0xff, 0xf0, 0x0,
    0x0, 0x0, 0x0, 0x0, 0xa0, 0xff, 0xff, 0xff,
    0xff, 0xf0, 0x0, 0x0, 0x0, 0x0, 0x0, 0xa0,
    0xff, 0xff, 0xff, 0xff, 0xf0, 0x0, 0x0, 0x0,
    0x0, 0x0, 0xa0, 0xff, 0xff, 0xff, 0xff, 0xf0,
    0x0, 0x0, 0x0, 0x0, 0x0, 0xa0, 0xff, 0xff,
    0xff, 0xff, 0xf0, 0x0, 0x0, 0x0, 0x0, 0x0,
    0xa0, 0xff, 0xff, 0xff, 0xff, 0xf0, 0x0, 0x0,
    0x0, 0x0, 0x0, 0xa0, 0xff, 0xff, 0xff, 0xff,
    0xf0, 0x0, 0x0, 0x0, 0x0, 0x0, 0xa0, 0xff,
    0xff, 0xff, 0xff, 0xf0, 0x0, 0x0, 0x0, 0x0,
    0x0, 0xa0, 0xff, 0xff, 0xff, 0xff, 0xf0, 0x0,
    0x0, 0x0, 0x0, 0x0, 0xa0, 0xff, 0xff, 0xff,
    0xff, 0xf0, 0x0, 0x0, 0x0, 0x0, 0x0, 0xa0,
    0xff, 0xff, 0xff, 0xff, 0xf0, 0x0, 0x0, 0x0,
    0x0, 0x0, 0xa0, 0xff, 0xff, 0xff, 0xff, 0xf0,
    0x0, 0x0, 0x0, 0x0, 0x0, 0xa0, 0xff, 0xff,
    0xff, 0xff, 0xf0, 0x0, 0x0, 0x0, 0x0, 0x0,
    0xa0, 0xff, 0xff, 0xff, 0xff, 0xf0, 0x0, 0x0,
    0x0, 0x0, 0x0, 0xa0, 0xff, 0xff, 0xff, 0xff,
    0xf0, 0x0, 0x0, 0x0, 0x0, 0x0, 0xa0, 0xff,
    0xff, 0xff, 0xff, 0xf0, 0x0, 0x0, 0x0, 0x0,
    0x0, 0xa0, 0xff, 0xff, 0xff, 0xff, 0xf0, 0x0,
    0x0, 0x0, 0x0, 0x0, 0xa0, 0xff, 0xff, 0xff,
    0xff, 0xf0, 0x0, 0x0, 0x0, 0x0, 0x0, 0xa0,
    0xff, 0xff, 0xff, 0xff, 0xf0, 0x0, 0x0, 0x0,
    0x0, 0x0, 0xa0, 0xff, 0xff, 0xff, 0xff, 0xfb,
    0x85, 0xd4, 0x4d, 0x0, 0x0, 0xa0, 0xff, 0xff,
    0xff, 0xff, 0xff, 0xff, 0xff, 0xff, 0xb6, 0x7,
    0xa0, 0xff, 0xff, 0xff, 0xff, 0xff, 0xff, 0xff,
    0xff, 0xff, 0x14, 0xa0, 0xff, 0xff, 0xff, 0xff,
    0xff, 0xff, 0xff, 0xff, 0xff, 0x14, 0x8a, 0xff,
    0xff, 0xff, 0xff, 0xff, 0xff, 0xff, 0xff, 0xfe,
    0x11, 0x2a, 0xec, 0xff, 0xff, 0xff, 0xff, 0xff,
    0xff, 0xc8, 0x35, 0x0, 0x0, 0x14, 0x99, 0xfd,
    0xff, 0xff, 0xe8, 0x61, 0x1, 0x0, 0x0, 0x0,
    0x0, 0x0, 0x2f, 0x99, 0x7b, 0xe, 0x0, 0x0,
    0x0, 0x0,

    /* U+006D "m" */
    0x0, 0x0, 0x0, 0x0, 0x0, 0x0, 0x0, 0x0,
    0x0, 0x0, 0x0, 0x0, 0x0, 0x1d, 0x42, 0x4,
    0x0, 0x0, 0x0, 0x0, 0x0, 0x0, 0x0, 0x0,
    0x0, 0x0, 0x0, 0x0, 0x0, 0x0, 0x8, 0x8d,
    0xfb, 0xff, 0xd5, 0x44, 0x0, 0x0, 0x0, 0x0,
    0x0, 0x0, 0x0, 0x0, 0x0, 0x0, 0x0, 0x0,
    0x6, 0xc1, 0xff, 0xff, 0xff, 0xff, 0xff, 0xad,
    0xb, 0x0, 0x0, 0x0, 0x0, 0x0, 0x0, 0x0,
    0x0, 0x0, 0x0, 0x79, 0xff, 0xff, 0xff, 0xff,
    0xff, 0xff, 0xff, 0x84, 0x0, 0x0, 0x0, 0x0,
    0x0, 0x0, 0x1c, 0x80, 0x6f, 0x1c, 0xf3, 0xff,
    0xff, 0xff, 0xff, 0xff, 0xff, 0xff, 0xad, 0x0,
    0x0, 0x0, 0x0, 0x0, 0x67, 0xf4, 0xff, 0xff,
    0xff, 0xff, 0xff, 0xff, 0xff, 0xff, 0xff, 0xff,
    0xff, 0xb0, 0x0, 0x0, 0x0, 0x5, 0x62, 0xff,
    0xff, 0xff, 0xff, 0xff, 0xff, 0xff, 0xff, 0xff,
    0xff, 0xff, 0xff, 0xff, 0xb0, 0x0, 0x2a, 0xba,
    0xf3, 0xff, 0xff, 0xff, 0xff, 0xff, 0xff, 0xff,
    0xff, 0xff, 0xff, 0xff, 0xff, 0xff, 0xff, 0xb0,
    0x6c, 0xfb, 0xff, 0xff, 0xff, 0xff, 0xff, 0xff,
    0xff, 0xff, 0xff, 0xff, 0x50, 0xdc, 0xff, 0xff,
    0xff, 0xff, 0xb0, 0xa0, 0xff, 0xff, 0xff, 0xff,
    0xff, 0xff, 0xff, 0xff, 0xff, 0xff, 0xff, 0x50,
    0xdc, 0xff, 0xff, 0xff, 0xff, 0xb0, 0xa0, 0xff,
    0xff, 0xff, 0xff, 0xff, 0xff, 0xff, 0xff, 0xff,
    0xff, 0xff, 0x50, 0xdc, 0xff, 0xff, 0xff, 0xff,
    0xb0, 0xa0, 0xff, 0xff, 0xff, 0xff, 0xff, 0xac,
    0xff, 0xff, 0xff, 0xff, 0xff, 0x50, 0xdc, 0xff,
    0xff, 0xff, 0xff, 0xb0, 0xa0, 0xff, 0xff, 0xff,
    0xff, 0xf0, 0x40, 0xff, 0xff, 0xff, 0xff, 0xff,
    0x50, 0xdc, 0xff, 0xff, 0xff, 0xff, 0xb0, 0xa0,
    0xff, 0xff, 0xff, 0xff, 0xf0, 0x40, 0xff, 0xff,
    0xff, 0xff, 0xff, 0x50, 0xdc, 0xff, 0xff, 0xff,
    0xff, 0xb0, 0xa0, 0xff, 0xff, 0xff, 0xff, 0xf0,
    0x40, 0xff, 0xff, 0xff, 0xff, 0xff, 0x50, 0xdc,
    0xff, 0xff, 0xff, 0xff, 0xb0, 0xa0, 0xff, 0xff,
    0xff, 0xff, 0xf0, 0x40, 0xff, 0xff, 0xff, 0xff,
    0xff, 0x50, 0xdc, 0xff, 0xff, 0xff, 0xff, 0xb0,
    0xa0, 0xff, 0xff, 0xff, 0xff, 0xf0, 0x40, 0xff,
    0xff, 0xff, 0xff, 0xff, 0x50, 0xdc, 0xff, 0xff,
    0xff, 0xff, 0xb0, 0xa0, 0xff, 0xff, 0xff, 0xff,
    0xf0, 0x40, 0xff, 0xff, 0xff, 0xff, 0xff, 0x50,
    0xdc, 0xff, 0xff, 0xff, 0xff, 0xb0, 0xa0, 0xff,
    0xff, 0xff, 0xff, 0xf0, 0x40, 0xff, 0xff, 0xff,
    0xff, 0xff, 0x50, 0xaf, 0xff, 0xff, 0xff, 0xff,
    0x83, 0xa0, 0xff, 0xff, 0xff, 0xff, 0xf0, 0x40,
    0xff, 0xff, 0xff, 0xff, 0xff, 0x50, 0x0, 0x5a,
    0xe5, 0xce, 0x3d, 0x0, 0xa0, 0xff, 0xff, 0xff,
    0xff, 0xf0, 0x40, 0xff, 0xff, 0xff, 0xff, 0xff,
    0x50, 0x0, 0x0, 0xa, 0x2, 0x0, 0x0, 0xa0,
    0xff, 0xff, 0xff, 0xff, 0xf0, 0x40, 0xff, 0xff,
    0xff, 0xff, 0xff, 0x50, 0x0, 0x0, 0x0, 0x0,
    0x0, 0x0, 0xa0, 0xff, 0xff, 0xff, 0xff, 0xf0,
    0x16, 0xb7, 0xff, 0xff, 0xff, 0xc0, 0x1d, 0x0,
    0x0, 0x0, 0x0, 0x0, 0x0, 0xa0, 0xff, 0xff,
    0xff, 0xff, 0xf0, 0x0, 0x0, 0x4c, 0xbf, 0x55,
    0x0, 0x0, 0x0, 0x0, 0x0, 0x0, 0x0, 0x0,
    0xa0, 0xff, 0xff, 0xff, 0xff, 0xf0, 0x0, 0x0,
    0x0, 0x0, 0x0, 0x0, 0x0, 0x0, 0x0, 0x0,
    0x0, 0x0, 0x0, 0xa0, 0xff, 0xff, 0xff, 0xff,
    0xf0, 0x0, 0x0, 0x0, 0x0, 0x0, 0x0, 0x0,
    0x0, 0x0, 0x0, 0x0, 0x0, 0x0, 0x1d, 0xa9,
    0xff, 0xff, 0xd3, 0x41, 0x0, 0x0, 0x0, 0x0,
    0x0, 0x0, 0x0, 0x0, 0x0, 0x0, 0x0, 0x0,
    0x0, 0x0, 0x0, 0x3e, 0x69, 0x3, 0x0, 0x0,
    0x0, 0x0, 0x0, 0x0, 0x0, 0x0, 0x0, 0x0,
    0x0, 0x0, 0x0, 0x0,

    /* U+006E "n" */
    0x0, 0x0, 0x0, 0x0, 0x0, 0x0, 0x0, 0x0,
    0x3c, 0xa6, 0x8d, 0x13, 0x0, 0x0, 0x0, 0x0,
    0x0, 0x0, 0x0, 0x0, 0x0, 0x1b, 0xa6, 0xff,
    0xff, 0xff, 0xee, 0x6c, 0x3, 0x0, 0x0, 0x0,
    0x0, 0x0, 0x0, 0x67, 0xf4, 0xff, 0xff, 0xff,
    0xff, 0xff, 0xff, 0xb8, 0x2, 0x0, 0x0, 0x0,
    0x5, 0x62, 0xff, 0xff, 0xff, 0xff, 0xff, 0xff,
    0xff, 0xff, 0xff, 0x28, 0x0, 0x2a, 0xba, 0xf3,
    0xff, 0xff, 0xff, 0xff, 0xff, 0xff, 0xff, 0xff,
    0xff, 0xff, 0x3c, 0x6c, 0xfb, 0xff, 0xff, 0xff,
    0xff, 0xff, 0xff, 0xff, 0xff, 0xff, 0xff, 0xff,
    0xff, 0x3c, 0xa0, 0xff, 0xff, 0xff, 0xff, 0xff,
    0xff, 0xff, 0xff, 0xff, 0xff, 0xff, 0xff, 0xff,
    0x3c, 0xa0, 0xff, 0xff, 0xff, 0xff, 0xff, 0xff,
    0xd2, 0x8c, 0xff, 0xff, 0xff, 0xff, 0xff, 0x3c,
    0xa0, 0xff, 0xff, 0xff, 0xff, 0xff, 0x6c, 0x3,
    0x4c, 0xff, 0xff, 0xff, 0xff, 0xff, 0x3c, 0xa0,
    0xff, 0xff, 0xff, 0xff, 0xf0, 0x0, 0x0, 0x4c,
    0xff, 0xff, 0xff, 0xff, 0xff, 0x3c, 0xa0, 0xff,
    0xff, 0xff, 0xff, 0xf0, 0x0, 0x0, 0x4c, 0xff,
    0xff, 0xff, 0xff, 0xff, 0x3c, 0xa0, 0xff, 0xff,
    0xff, 0xff, 0xf0, 0x0, 0x0, 0x4c, 0xff, 0xff,
    0xff, 0xff, 0xff, 0x3c, 0xa0, 0xff, 0xff, 0xff,
    0xff, 0xf0, 0x0, 0x0, 0x4c, 0xff, 0xff, 0xff,
    0xff, 0xff, 0x3c, 0xa0, 0xff, 0xff, 0xff, 0xff,
    0xf0, 0x0, 0x0, 0x4c, 0xff, 0xff, 0xff, 0xff,
    0xff, 0x3c, 0xa0, 0xff, 0xff, 0xff, 0xff, 0xf0,
    0x0, 0x0, 0x4c, 0xff, 0xff, 0xff, 0xff, 0xff,
    0x3c, 0xa0, 0xff, 0xff, 0xff, 0xff, 0xf0, 0x0,
    0x0, 0x4c, 0xff, 0xff, 0xff, 0xff, 0xff, 0x3c,
    0xa0, 0xff, 0xff, 0xff, 0xff, 0xf0, 0x0, 0x0,
    0x4c, 0xff, 0xff, 0xff, 0xff, 0xff, 0x3c, 0xa0,
    0xff, 0xff, 0xff, 0xff, 0xf0, 0x0, 0x0, 0x4c,
    0xff, 0xff, 0xff, 0xff, 0xff, 0x3c, 0xa0, 0xff,
    0xff, 0xff, 0xff, 0xf0, 0x0, 0x0, 0x11, 0x9b,
    0xfd, 0xff, 0xfc, 0x93, 0xc, 0xa0, 0xff, 0xff,
    0xff, 0xff, 0xf0, 0x0, 0x0, 0x0, 0x0, 0x33,
    0x9e, 0x2e, 0x0, 0x0, 0xa0, 0xff, 0xff, 0xff,
    0xff, 0xf0, 0x0, 0x0, 0x0, 0x0, 0x0, 0x0,
    0x0, 0x0, 0x0, 0xa0, 0xff, 0xff, 0xff, 0xff,
    0xf0, 0x0, 0x0, 0x0, 0x0, 0x0, 0x0, 0x0,
    0x0, 0x0, 0xa0, 0xff, 0xff, 0xff, 0xff, 0xf0,
    0x0, 0x0, 0x0, 0x0, 0x0, 0x0, 0x0, 0x0,
    0x0, 0x1d, 0xa9, 0xff, 0xff, 0xd3, 0x41, 0x0,
    0x0, 0x0, 0x0, 0x0, 0x0, 0x0, 0x0, 0x0,
    0x0, 0x0, 0x3e, 0x69, 0x3, 0x0, 0x0, 0x0,
    0x0, 0x0, 0x0, 0x0, 0x0, 0x0, 0x0,

    /* U+006F "o" */
    0x0, 0x0, 0x0, 0x0, 0x0, 0x0, 0x0, 0x0,
    0x3c, 0xa6, 0x8d, 0x13, 0x0, 0x0, 0x0, 0x0,
    0x0, 0x0, 0x0, 0x0, 0x0, 0x1c, 0xa7, 0xff,
    0xff, 0xff, 0xee, 0x6c, 0x3, 0x0, 0x0, 0x0,
    0x0, 0x0, 0x7, 0x7b, 0xf4, 0xff, 0xff, 0xff,
    0xff, 0xff, 0xff, 0xb8, 0x2, 0x0, 0x0, 0x0,
    0x4e, 0xdd, 0xff, 0xff, 0xff, 0xff, 0xff, 0xff,
    0xff, 0xff, 0xff, 0x28, 0x0, 0x1, 0x97, 0xff,
    0xff, 0xff, 0xff, 0xff, 0xff, 0xff, 0xff, 0xff,
    0xff, 0xff, 0x3c, 0x0, 0x6c, 0xff, 0xff, 0xff,
    0xff, 0xff, 0xff, 0xff, 0xff, 0xff, 0xff, 0xff,
    0xff, 0x3c, 0x13, 0xee, 0xff, 0xff, 0xff, 0xff,
    0xff, 0xff, 0xff, 0xff, 0xff, 0xff, 0xff, 0xff,
    0x3c, 0x6c, 0xff, 0xff, 0xff, 0xff, 0xff, 0xff,
    0xd2, 0x8c, 0xff, 0xff, 0xff, 0xff, 0xff, 0x3c,
    0x98, 0xff, 0xff, 0xff, 0xff, 0xfb, 0x6c, 0x3,
    0x4c, 0xff, 0xff, 0xff, 0xff, 0xff, 0x3c, 0xa0,
    0xff, 0xff, 0xff, 0xff, 0xf0, 0x0, 0x0, 0x4c,
    0xff, 0xff, 0xff, 0xff, 0xff, 0x3c, 0xa0, 0xff,
    0xff, 0xff, 0xff, 0xf0, 0x0, 0x0, 0x4c, 0xff,
    0xff, 0xff, 0xff, 0xff, 0x3c, 0xa0, 0xff, 0xff,
    0xff, 0xff, 0xf0, 0x0, 0x0, 0x4c, 0xff, 0xff,
    0xff, 0xff, 0xff, 0x3c, 0xa0, 0xff, 0xff, 0xff,
    0xff, 0xf0, 0x0, 0x0, 0x4c, 0xff, 0xff, 0xff,
    0xff, 0xff, 0x3c, 0xa0, 0xff, 0xff, 0xff, 0xff,
    0xf0, 0x0, 0x0, 0x4c, 0xff, 0xff, 0xff, 0xff,
    0xff, 0x3c, 0xa0, 0xff, 0xff, 0xff, 0xff, 0xf0,
    0x0, 0x0, 0x4c, 0xff, 0xff, 0xff, 0xff, 0xff,
    0x3c, 0xa0, 0xff, 0xff, 0xff, 0xff, 0xf0, 0x0,
    0x0, 0x4c, 0xff, 0xff, 0xff, 0xff, 0xff, 0x3c,
    0xa0, 0xff, 0xff, 0xff, 0xff, 0xf0, 0x0, 0x20,
    0xb6, 0xff, 0xff, 0xff, 0xff, 0xff, 0x32, 0xa0,
    0xff, 0xff, 0xff, 0xff, 0xfa, 0x82, 0xf7, 0xff,
    0xff, 0xff, 0xff, 0xff, 0xf6, 0xa, 0xa0, 0xff,
    0xff, 0xff, 0xff, 0xff, 0xff, 0xff, 0xff, 0xff,
    0xff, 0xff, 0xff, 0x92, 0x0, 0xa0, 0xff, 0xff,
    0xff, 0xff, 0xff, 0xff, 0xff, 0xff, 0xff, 0xff,
    0xff, 0xee, 0x14, 0x0, 0xa0, 0xff, 0xff, 0xff,
    0xff, 0xff, 0xff, 0xff, 0xff, 0xff, 0xff, 0xee,
    0x3f, 0x0, 0x0, 0x8a, 0xff, 0xff, 0xff, 0xff,
    0xff, 0xff, 0xff, 0xff, 0xfe, 0xa3, 0x1a, 0x0,
    0x0, 0x0, 0x2a, 0xec, 0xff, 0xff, 0xff, 0xff,
    0xff, 0xff, 0xcb, 0x39, 0x0, 0x0, 0x0, 0x0,
    0x0, 0x0, 0x14, 0x99, 0xfd, 0xff, 0xff, 0xe9,
    0x63, 0x2, 0x0, 0x0, 0x0, 0x0, 0x0, 0x0,
    0x0, 0x0, 0x0, 0x2f, 0x99, 0x7b, 0xe, 0x0,
    0x0, 0x0, 0x0, 0x0, 0x0, 0x0, 0x0,

    /* U+0070 "p" */
    0x0, 0x0, 0x0, 0x0, 0x0, 0x0, 0x0, 0x0,
    0x3c, 0xa6, 0x8d, 0x13, 0x0, 0x0, 0x0, 0x0,
    0x0, 0x0, 0x0, 0x0, 0x0, 0x1b, 0xa6, 0xff,
    0xff, 0xff, 0xee, 0x6c, 0x3, 0x0, 0x0, 0x0,
    0x0, 0x0, 0x0, 0x67, 0xf4, 0xff, 0xff, 0xff,
    0xff, 0xff, 0xff, 0xb8, 0x2, 0x0, 0x0, 0x0,
    0x5, 0x62, 0xff, 0xff, 0xff, 0xff, 0xff, 0xff,
    0xff, 0xff, 0xff, 0x28, 0x0, 0x2a, 0xba, 0xf3,
    0xff, 0xff, 0xff, 0xff, 0xff, 0xff, 0xff, 0xff,
    0xff, 0xff, 0x3c, 0x6c, 0xfb, 0xff, 0xff, 0xff,
    0xff, 0xff, 0xff, 0xff, 0xff, 0xff, 0xff, 0xff,
    0xff, 0x3c, 0xa0, 0xff, 0xff, 0xff, 0xff, 0xff,
    0xff, 0xff, 0xff, 0xff, 0xff, 0xff, 0xff, 0xff,
    0x3c, 0xa0, 0xff, 0xff, 0xff, 0xff, 0xff, 0xff,
    0xd2, 0x8c, 0xff, 0xff, 0xff, 0xff, 0xff, 0x3c,
    0xa0, 0xff, 0xff, 0xff, 0xff, 0xff, 0x6c, 0x3,
    0x4c, 0xff, 0xff, 0xff, 0xff, 0xff, 0x3c, 0xa0,
    0xff, 0xff, 0xff, 0xff, 0xf0, 0x0, 0x0, 0x4c,
    0xff, 0xff, 0xff, 0xff, 0xff, 0x3c, 0xa0, 0xff,
    0xff, 0xff, 0xff, 0xf0, 0x0, 0x0, 0x4c, 0xff,
    0xff, 0xff, 0xff, 0xff, 0x3c, 0xa0, 0xff, 0xff,
    0xff, 0xff, 0xf0, 0x0, 0x0, 0x4c, 0xff, 0xff,
    0xff, 0xff, 0xff, 0x3c, 0xa0, 0xff, 0xff, 0xff,
    0xff, 0xf0, 0x0, 0x0, 0x4c, 0xff, 0xff, 0xff,
    0xff, 0xff, 0x3c, 0xa0, 0xff, 0xff, 0xff, 0xff,
    0xf0, 0x0, 0x0, 0x4c, 0xff, 0xff, 0xff, 0xff,
    0xff, 0x3c, 0xa0, 0xff, 0xff, 0xff, 0xff, 0xf0,
    0x0, 0x0, 0x4d, 0xff, 0xff, 0xff, 0xff, 0xff,
    0x3b, 0xa0, 0xff, 0xff, 0xff, 0xff, 0xf0, 0x2,
    0x64, 0xea, 0xff, 0xff, 0xff, 0xff, 0xff, 0x29,
    0xa0, 0xff, 0xff, 0xff, 0xff, 0xff, 0xcc, 0xff,
    0xff, 0xff, 0xff, 0xff, 0xff, 0xe5, 0x1, 0xa0,
    0xff, 0xff, 0xff, 0xff, 0xff, 0xff, 0xff, 0xff,
    0xff, 0xff, 0xff, 0xff, 0x68, 0x0, 0xa0, 0xff,
    0xff, 0xff, 0xff, 0xff, 0xff, 0xff, 0xff, 0xff,
    0xff, 0xff, 0xcb, 0x3, 0x0, 0xa0, 0xff, 0xff,
    0xff, 0xff, 0xff, 0xff, 0xff, 0xff, 0xff, 0xff,
    0xbb, 0x16, 0x0, 0x0, 0xa0, 0xff, 0xff, 0xff,
    0xff, 0xff, 0xff, 0xff, 0xff, 0xe2, 0x57, 0x0,
    0x0, 0x0, 0x0, 0xa0, 0xff, 0xff, 0xff, 0xff,
    0xff, 0xff, 0xf7, 0x82, 0xa, 0x0, 0x0, 0x0,
    0x0, 0x0, 0xa0, 0xff, 0xff, 0xff, 0xff, 0xff,
    0xac, 0x1f, 0x0, 0x0, 0x0, 0x0, 0x0, 0x0,
    0x0, 0xa0, 0xff, 0xff, 0xff, 0xff, 0xf0, 0x0,
    0x0, 0x0, 0x0, 0x0, 0x0, 0x0, 0x0, 0x0,
    0xa0, 0xff, 0xff, 0xff, 0xff, 0xf0, 0x0, 0x0,
    0x0, 0x0, 0x0, 0x0, 0x0, 0x0, 0x0, 0xa0,
    0xff, 0xff, 0xff, 0xff, 0xf0, 0x0, 0x0, 0x0,
    0x0, 0x0, 0x0, 0x0, 0x0, 0x0, 0xa0, 0xff,
    0xff, 0xff, 0xff, 0xf0, 0x0, 0x0, 0x0, 0x0,
    0x0, 0x0, 0x0, 0x0, 0x0, 0x40, 0xd9, 0xff,
    0xff, 0xf3, 0x75, 0x0, 0x0, 0x0, 0x0, 0x0,
    0x0, 0x0, 0x0, 0x0, 0x0, 0x5, 0x73, 0x9d,
    0x19, 0x0, 0x0, 0x0, 0x0, 0x0, 0x0, 0x0,
    0x0, 0x0, 0x0,

    /* U+0071 "q" */
    0x0, 0x0, 0x0, 0x0, 0x0, 0x0, 0x0, 0x0,
    0x0, 0x0, 0x21, 0x86, 0x1d, 0x0, 0x0, 0x0,
    0x0, 0x0, 0x0, 0x0, 0x0, 0x0, 0x0, 0xa,
    0x83, 0xf7, 0xff, 0xf5, 0x7d, 0x7, 0x0, 0x0,
    0x0, 0x0, 0x0, 0x0, 0x0, 0x58, 0xe3, 0xff,
    0xff, 0xff, 0xff, 0xff, 0x3c, 0x0, 0x0, 0x0,
    0x0, 0x0, 0x30, 0xc2, 0xff, 0xff, 0xff, 0xff,
    0xff, 0xff, 0xff, 0x3c, 0x0, 0x0, 0x0, 0x14,
    0x98, 0xfd, 0xff, 0xff, 0xff, 0xff, 0xff, 0xff,
    0xff, 0xff, 0x3c, 0x0, 0x0, 0x4f, 0xee, 0xff,
    0xff, 0xff, 0xff, 0xff, 0xff, 0xff, 0xff, 0xff,
    0xff, 0x3c, 0x0, 0x3d, 0xfb, 0xff, 0xff, 0xff,
    0xff, 0xff, 0xff, 0xff, 0xff, 0xff, 0xff, 0xff,
    0x3c, 0x3, 0xd2, 0xff, 0xff, 0xff, 0xff, 0xff,
    0xff, 0xff, 0xff, 0xff, 0xff, 0xff, 0xff, 0x3c,
    0x54, 0xff, 0xff, 0xff, 0xff, 0xff, 0xff, 0xfa,
    0xd8, 0xff, 0xff, 0xff, 0xff, 0xff, 0x3c, 0x90,
    0xff, 0xff, 0xff, 0xff, 0xff, 0xb7, 0x27, 0x4c,
    0xff, 0xff, 0xff, 0xff, 0xff, 0x3c, 0x9f, 0xff,
    0xff, 0xff, 0xff, 0xf0, 0x0, 0x0, 0x4c, 0xff,
    0xff, 0xff, 0xff, 0xff, 0x3c, 0xa0, 0xff, 0xff,
    0xff, 0xff, 0xf0, 0x0, 0x0, 0x4c, 0xff, 0xff,
    0xff, 0xff, 0xff, 0x3c, 0xa0, 0xff, 0xff, 0xff,
    0xff, 0xf0, 0x0, 0x0, 0x4c, 0xff, 0xff, 0xff,
    0xff, 0xff, 0x3c, 0xa0, 0xff, 0xff, 0xff, 0xff,
    0xf0, 0x0, 0x0, 0x4c, 0xff, 0xff, 0xff, 0xff,
    0xff, 0x3c, 0xa0, 0xff, 0xff, 0xff, 0xff, 0xf0,
    0x0, 0x0, 0x4c, 0xff, 0xff, 0xff, 0xff, 0xff,
    0x3c, 0xa0, 0xff, 0xff, 0xff, 0xff, 0xf0, 0x0,
    0x0, 0x4c, 0xff, 0xff, 0xff, 0xff, 0xff, 0x3c,
    0xa0, 0xff, 0xff, 0xff, 0xff, 0xf0, 0x0, 0x20,
    0xec, 0xff, 0xff, 0xff, 0xff, 0xff, 0x3c, 0xa0,
    0xff, 0xff, 0xff, 0xff, 0xfa, 0x82, 0xf7, 0xff,
    0xff, 0xff, 0xff, 0xff, 0xff, 0x3c, 0xa0, 0xff,
    0xff, 0xff, 0xff, 0xff, 0xff, 0xff, 0xff, 0xff,
    0xff, 0xff, 0xff, 0xff, 0x3c, 0xa0, 0xff, 0xff,
    0xff, 0xff, 0xff, 0xff, 0xff, 0xff, 0xff, 0xff,
    0xff, 0xff, 0xff, 0x3c, 0xa0, 0xff, 0xff, 0xff,
    0xff, 0xff, 0xff, 0xff, 0xff, 0xff, 0xff, 0xff,
    0xff, 0xff, 0x3c, 0x8a, 0xff, 0xff, 0xff, 0xff,
    0xff, 0xff, 0xff, 0xff, 0xff, 0xff, 0xff, 0xff,
    0xff, 0x3c, 0x2a, 0xec, 0xff, 0xff, 0xff, 0xff,
    0xff, 0xff, 0xff, 0xff, 0xff, 0xff, 0xff, 0xff,
    0x3c, 0x0, 0x14, 0x99, 0xfd, 0xff, 0xff, 0xe8,
    0x61, 0x4d, 0xff, 0xff, 0xff, 0xff, 0xff, 0x3c,
    0x0, 0x0, 0x0, 0x2f, 0x99, 0x7b, 0xe, 0x0,
    0x4c, 0xff, 0xff, 0xff, 0xff, 0xff, 0x3c, 0x0,
    0x0, 0x0, 0x0, 0x0, 0x0, 0x0, 0x0, 0x4c,
    0xff, 0xff, 0xff, 0xff, 0xff, 0x3c, 0x0, 0x0,
    0x0, 0x0, 0x0, 0x0, 0x0, 0x0, 0x4c, 0xff,
    0xff, 0xff, 0xff, 0xff, 0x3c, 0x0, 0x0, 0x0,
    0x0, 0x0, 0x0, 0x0, 0x0, 0x17, 0xae, 0xff,
    0xff, 0xff, 0xa6, 0x11, 0x0, 0x0, 0x0, 0x0,
    0x0, 0x0, 0x0, 0x0, 0x0, 0x0, 0x42, 0xae,
    0x3c, 0x0, 0x0,

    /* U+0072 "r" */
    0x0, 0x0, 0x0, 0x0, 0x0, 0x0, 0x0, 0x0,
    0x0, 0x0, 0x21, 0x86, 0x1d, 0x0, 0x0, 0x0,
    0x0, 0x0, 0x0, 0x0, 0x0, 0x0, 0x0, 0xb,
    0x85, 0xf8, 0xff, 0xf5, 0x7d, 0x7, 0x0, 0x0,
    0x0, 0x0, 0x0, 0x0, 0x0, 0x23, 0xdc, 0xff,
    0xff, 0xff, 0xff, 0xff, 0x3c, 0x0, 0x0, 0x0,
    0x0, 0x0, 0x0, 0x3, 0xd3, 0xff, 0xff, 0xff,
    0xff, 0xff, 0xff, 0x3c, 0x0, 0x0, 0x0, 0x0,
    0x0, 0x0, 0x68, 0xff, 0xff, 0xff, 0xff, 0xff,
    0xff, 0xff, 0x3c, 0x0, 0x4, 0x6e, 0x99, 0x17,
    0x0, 0xd6, 0xff, 0xff, 0xff, 0xff, 0xff, 0xfe,
    0x9e, 0xf, 0x3d, 0xd6, 0xff, 0xff, 0xf1, 0x82,
    0xff, 0xff, 0xff, 0xff, 0xff, 0xd0, 0x35, 0x0,
    0x0, 0xa0, 0xff, 0xff, 0xff, 0xff, 0xff, 0xff,
    0xff, 0xff, 0xff, 0xff, 0x65, 0x0, 0x0, 0x0,
    0xa0, 0xff, 0xff, 0xff, 0xff, 0xff, 0xff, 0xff,
    0xff, 0xff, 0xfe, 0x20, 0x0, 0x0, 0x0, 0xa0,
    0xff, 0xff, 0xff, 0xff, 0xff, 0xff, 0xff, 0xff,
    0xff, 0xa8, 0x0, 0x0, 0x0, 0x0, 0xa0, 0xff,
    0xff, 0xff, 0xff, 0xff, 0xff, 0xff, 0xff, 0xe2,
    0x18, 0x0, 0x0, 0x0, 0x0, 0xa0, 0xff, 0xff,
    0xff, 0xff, 0xff, 0xff, 0xff, 0xc3, 0x20, 0x0,
    0x0, 0x0, 0x0, 0x0, 0xa0, 0xff, 0xff, 0xff,
    0xff, 0xff, 0xe6, 0x5d, 0x1, 0x0, 0x0, 0x0,
    0x0, 0x0, 0x0, 0xa0, 0xff, 0xff, 0xff, 0xff,
    0xf4, 0xd, 0x0, 0x0, 0x0, 0x0, 0x0, 0x0,
    0x0, 0x0, 0xa0, 0xff, 0xff, 0xff, 0xff, 0xf0,
    0x0, 0x0, 0x0, 0x0, 0x0, 0x0, 0x0, 0x0,
    0x0, 0xa0, 0xff, 0xff, 0xff, 0xff, 0xf0, 0x0,
    0x0, 0x0, 0x0, 0x0, 0x0, 0x0, 0x0, 0x0,
    0xa0, 0xff, 0xff, 0xff, 0xff, 0xf0, 0x0, 0x0,
    0x0, 0x0, 0x0, 0x0, 0x0, 0x0, 0x0, 0xa0,
    0xff, 0xff, 0xff, 0xff, 0xf0, 0x0, 0x0, 0x0,
    0x0, 0x0, 0x0, 0x0, 0x0, 0x0, 0xa0, 0xff,
    0xff, 0xff, 0xff, 0xf0, 0x0, 0x0, 0x0, 0x0,
    0x0, 0x0, 0x0, 0x0, 0x0, 0xa0, 0xff, 0xff,
    0xff, 0xff, 0xf0, 0x0, 0x0, 0x0, 0x0, 0x0,
    0x0, 0x0, 0x0, 0x0, 0xa0, 0xff, 0xff, 0xff,
    0xff, 0xf0, 0x0, 0x0, 0x0, 0x0, 0x0, 0x0,
    0x0, 0x0, 0x0, 0xa0, 0xff, 0xff, 0xff, 0xff,
    0xf0, 0x0, 0x0, 0x0, 0x0, 0x0, 0x0, 0x0,
    0x0, 0x0, 0xa0, 0xff, 0xff, 0xff, 0xff, 0xf0,
    0x0, 0x0, 0x0, 0x0, 0x0, 0x0, 0x0, 0x0,
    0x0, 0x1d, 0xa9, 0xff, 0xff, 0xd3, 0x41, 0x0,
    0x0, 0x0, 0x0, 0x0, 0x0, 0x0, 0x0, 0x0,
    0x0, 0x0, 0x3e, 0x69, 0x3, 0x0, 0x0, 0x0,
    0x0, 0x0, 0x0, 0x0, 0x0, 0x0, 0x0,

    /* U+0073 "s" */
    0x0, 0x0, 0x0, 0x0, 0x0, 0x0, 0x0, 0x0,
    0x0, 0x0, 0x21, 0x86, 0x1d, 0x0, 0x0, 0x0,
    0x0, 0x0, 0x0, 0x0, 0x0, 0x0, 0x0, 0xa,
    0x83, 0xf7, 0xff, 0xf5, 0x7d, 0x7, 0x0, 0x0,
    0x0, 0x0, 0x0, 0x0, 0x0, 0x58, 0xe3, 0xff,
    0xff, 0xff, 0xff, 0xff, 0x3c, 0x0, 0x0, 0x0,
    0x0, 0x0, 0x30, 0xc2, 0xff, 0xff, 0xff, 0xff,
    0xff, 0xff, 0xff, 0x3c, 0x0, 0x0, 0x0, 0x14,
    0x98, 0xfd, 0xff, 0xff, 0xff, 0xff, 0xff, 0xff,
    0xff, 0xff, 0x3c, 0x0, 0x0, 0x4f, 0xee, 0xff,
    0xff, 0xff, 0xff, 0xff, 0xff, 0xff, 0xff, 0xfe,
    0x9f, 0xf, 0x0, 0x3d, 0xfb, 0xff, 0xff, 0xff,
    0xff, 0xff, 0xff, 0xff, 0xff, 0xc8, 0x36, 0x0,
    0x0, 0x3, 0xd2, 0xff, 0xff, 0xff, 0xff, 0xff,
    0xff, 0xff, 0xe7, 0x60, 0x1, 0x0, 0x0, 0x0,
    0x54, 0xff, 0xff, 0xff, 0xff, 0xff, 0xff, 0xff,
    0xff, 0xec, 0xc5, 0x3c, 0x0, 0x0, 0x0, 0x90,
    0xff, 0xff, 0xff, 0xff, 0xff, 0xff, 0xff, 0xff,
    0xff, 0xff, 0xff, 0xa6, 0x1a, 0x0, 0x9f, 0xff,
    0xff, 0xff, 0xff, 0xff, 0xff, 0xff, 0xff, 0xff,
    0xff, 0xff, 0xff, 0xdd, 0x7, 0xa0, 0xff, 0xff,
    0xff, 0xff, 0xff, 0xff, 0xff, 0xff, 0xff, 0xff,
    0xff, 0xff, 0xff, 0x31, 0xa0, 0xff, 0xff, 0xff,
    0xff, 0xff, 0xff, 0xff, 0xff, 0xff, 0xff, 0xff,
    0xff, 0xff, 0x3c, 0x93, 0xff, 0xff, 0xff, 0xff,
    0xff, 0xff, 0xff, 0xff, 0xff, 0xff, 0xff, 0xff,
    0xff, 0x3c, 0x44, 0xfd, 0xff, 0xff, 0xff, 0xff,
    0xff, 0xff, 0xff, 0xff, 0xff, 0xff, 0xff, 0xff,
    0x3b, 0x0, 0x3d, 0xcf, 0xff, 0xff, 0xff, 0xff,
    0xff, 0xff, 0xff, 0xff, 0xff, 0xff, 0xff, 0x29,
    0x0, 0x0, 0x2, 0x67, 0xd5, 0xee, 0xff, 0xff,
    0xff, 0xff, 0xff, 0xff, 0xff, 0xe5, 0x1, 0x0,
    0x0, 0x0, 0x1a, 0xa3, 0xfe, 0xff, 0xff, 0xff,
    0xff, 0xff, 0xff, 0xff, 0x68, 0x0, 0x0, 0x7,
    0x79, 0xf4, 0xff, 0xff, 0xff, 0xff, 0xff, 0xff,
    0xff, 0xff, 0xcb, 0x3, 0x0, 0x42, 0xdc, 0xff,
    0xff, 0xff, 0xff, 0xff, 0xff, 0xff, 0xff, 0xff,
    0xbb, 0x16, 0x0, 0x0, 0xa0, 0xff, 0xff, 0xff,
    0xff, 0xff, 0xff, 0xff, 0xff, 0xe2, 0x57, 0x0,
    0x0, 0x0, 0x0, 0xa0, 0xff, 0xff, 0xff, 0xff,
    0xff, 0xff, 0xf7, 0x82, 0xa, 0x0, 0x0, 0x0,
    0x0, 0x0, 0xa0, 0xff, 0xff, 0xff, 0xff, 0xff,
    0xad, 0x1f, 0x0, 0x0, 0x0, 0x0, 0x0, 0x0,
    0x0, 0x1d, 0xa9, 0xff, 0xff, 0xd3, 0x42, 0x0,
    0x0, 0x0, 0x0, 0x0, 0x0, 0x0, 0x0, 0x0,
    0x0, 0x0, 0x3e, 0x69, 0x3, 0x0, 0x0, 0x0,
    0x0, 0x0, 0x0, 0x0, 0x0, 0x0, 0x0,

    /* U+0074 "t" */
    0x0, 0x0, 0x0, 0x0, 0x44, 0xb9, 0x4e, 0x0,
    0x0, 0xc, 0x88, 0x9f, 0x18, 0x0, 0x0, 0x0,
    0x11, 0xac, 0xff, 0xff, 0xff, 0xb9, 0x75, 0xe5,
    0xff, 0xff, 0xf2, 0x6e, 0x0, 0x0, 0x38, 0xff,
    0xff, 0xff, 0xff, 0xff, 0xff, 0xff, 0xff, 0xff,
    0xff, 0xdc, 0x0, 0x0, 0x38, 0xff, 0xff, 0xff,
    0xff, 0xff, 0xff, 0xff, 0xff, 0xff, 0xff, 0xdc,
    0x0, 0x0, 0x38, 0xff, 0xff, 0xff, 0xff, 0xff,
    0xff, 0xff, 0xff, 0xff, 0xff, 0xdb, 0x0, 0x44,
    0xd5, 0xff, 0xff, 0xff, 0xff, 0xff, 0xff, 0xff,
    0xff, 0xff, 0xc6, 0x34, 0xae, 0xff, 0xff, 0xff,
    0xff, 0xff, 0xff, 0xff, 0xff, 0xff, 0xe6, 0x5e,
    0x1, 0x0, 0xff, 0xff, 0xff, 0xff, 0xff, 0xff,
    0xff, 0xff, 0xff, 0x8a, 0xd, 0x0, 0x0, 0x0,
    0xff, 0xff, 0xff, 0xff, 0xff, 0xff, 0xff, 0xff,
    0x67, 0x0, 0x0, 0x0, 0x0, 0x0, 0xfa, 0xff,
    0xff, 0xff, 0xff, 0xff, 0xff, 0xff, 0x50, 0x0,
    0x0, 0x0, 0x0, 0x0, 0x28, 0xb8, 0xff, 0xff,
    0xff, 0xff, 0xff, 0xff, 0x50, 0x0, 0x0, 0x0,
    0x0, 0x0, 0x0, 0x0, 0x7f, 0xff, 0xff, 0xff,
    0xff, 0xff, 0x50, 0x0, 0x0, 0x0, 0x0, 0x0,
    0x0, 0x0, 0x38, 0xff, 0xff, 0xff, 0xff, 0xff,
    0x50, 0x0, 0x0, 0x0, 0x0, 0x0, 0x0, 0x0,
    0x38, 0xff, 0xff, 0xff, 0xff, 0xff, 0x50, 0x0,
    0x0, 0x0, 0x0, 0x0, 0x0, 0x0, 0x38, 0xff,
    0xff, 0xff, 0xff, 0xff, 0x50, 0x0, 0x0, 0x0,
    0x0, 0x0, 0x0, 0x0, 0x38, 0xff, 0xff, 0xff,
    0xff, 0xff, 0x50, 0x0, 0xf, 0x1b, 0x0, 0x0,
    0x0, 0x0, 0x38, 0xff, 0xff, 0xff, 0xff, 0xff,
    0x52, 0x64, 0xea, 0xf5, 0x7d, 0x8, 0x0, 0x0,
    0x38, 0xff, 0xff, 0xff, 0xff, 0xff, 0xff, 0xff,
    0xff, 0xff, 0xff, 0xc8, 0x0, 0x0, 0x38, 0xff,
    0xff, 0xff, 0xff, 0xff, 0xff, 0xff, 0xff, 0xff,
    0xff, 0xdc, 0x0, 0x0, 0x38, 0xff, 0xff, 0xff,
    0xff, 0xff, 0xff, 0xff, 0xff, 0xff, 0xff, 0xdc,
    0x0, 0x0, 0x33, 0xff, 0xff, 0xff, 0xff, 0xff,
    0xff, 0xff, 0xff, 0xff, 0xff, 0xae, 0x0, 0x0,
    0xc, 0xf2, 0xff, 0xff, 0xff, 0xff, 0xff, 0xff,
    0xff, 0xe2, 0x57, 0x0, 0x0, 0x0, 0x0, 0x38,
    0xd4, 0xff, 0xff, 0xff, 0xff, 0xf7, 0x82, 0xa,
    0x0, 0x0, 0x0, 0x0, 0x0, 0x0, 0x4, 0x6f,
    0xf1, 0xfe, 0xab, 0x1f, 0x0, 0x0, 0x0, 0x0,
    0x0, 0x0, 0x0, 0x0, 0x0, 0x0, 0xc, 0x16,
    0x0, 0x0, 0x0, 0x0, 0x0, 0x0,

    /* U+0075 "u" */
    0x0, 0x0, 0x0, 0x0, 0x0, 0x0, 0x0, 0x0,
    0x0, 0x0, 0x21, 0x86, 0x1d, 0x0, 0x0, 0x0,
    0x0, 0x0, 0x0, 0x0, 0x0, 0x0, 0x0, 0xb,
    0x85, 0xf8, 0xff, 0xf5, 0x7d, 0x7, 0x0, 0x0,
    0x0, 0x0, 0x0, 0x0, 0x0, 0x0, 0x4c, 0xff,
    0xff, 0xff, 0xff, 0xff, 0x3c, 0x0, 0x0, 0x0,
    0x0, 0x0, 0x0, 0x0, 0x0, 0x4c, 0xff, 0xff,
    0xff, 0xff, 0xff, 0x3c, 0x0, 0x0, 0x0, 0x0,
    0x0, 0x0, 0x0, 0x0, 0x4c, 0xff, 0xff, 0xff,
    0xff, 0xff, 0x3c, 0x0, 0x4, 0x6e, 0x99, 0x17,
    0x0, 0x0, 0x0, 0x4c, 0xff, 0xff, 0xff, 0xff,
    0xff, 0x3c, 0x3d, 0xd6, 0xff, 0xff, 0xf1, 0x71,
    0x0, 0x0, 0x4c, 0xff, 0xff, 0xff, 0xff, 0xff,
    0x3c, 0xa0, 0xff, 0xff, 0xff, 0xff, 0xf0, 0x0,
    0x0, 0x4c, 0xff, 0xff, 0xff, 0xff, 0xff, 0x3c,
    0xa0, 0xff, 0xff, 0xff, 0xff, 0xf0, 0x0, 0x0,
    0x4c, 0xff, 0xff, 0xff, 0xff, 0xff, 0x3c, 0xa0,
    0xff, 0xff, 0xff, 0xff, 0xf0, 0x0, 0x0, 0x4c,
    0xff, 0xff, 0xff, 0xff, 0xff, 0x3c, 0xa0, 0xff,
    0xff, 0xff, 0xff, 0xf0, 0x0, 0x0, 0x4c, 0xff,
    0xff, 0xff, 0xff, 0xff, 0x3c, 0xa0, 0xff, 0xff,
    0xff, 0xff, 0xf0, 0x0, 0x0, 0x4c, 0xff, 0xff,
    0xff, 0xff, 0xff, 0x3c, 0xa0, 0xff, 0xff, 0xff,
    0xff, 0xf0, 0x0, 0x0, 0x4c, 0xff, 0xff, 0xff,
    0xff, 0xff, 0x3c, 0xa0, 0xff, 0xff, 0xff, 0xff,
    0xf0, 0x0, 0x0, 0x4c, 0xff, 0xff, 0xff, 0xff,
    0xff, 0x3c, 0xa0, 0xff, 0xff, 0xff, 0xff, 0xf0,
    0x0, 0x0, 0x4c, 0xff, 0xff, 0xff, 0xff, 0xff,
    0x3c, 0xa0, 0xff, 0xff, 0xff, 0xff, 0xf0, 0x0,
    0x0, 0x4c, 0xff, 0xff, 0xff, 0xff, 0xff, 0x3c,
    0xa0, 0xff, 0xff, 0xff, 0xff, 0xf0, 0x0, 0x20,
    0xec, 0xff, 0xff, 0xff, 0xff, 0xff, 0x3c, 0xa0,
    0xff, 0xff, 0xff, 0xff, 0xfa, 0x82, 0xf7, 0xff,
    0xff, 0xff, 0xff, 0xff, 0xff, 0x3c, 0xa0, 0xff,
    0xff, 0xff, 0xff, 0xff, 0xff, 0xff, 0xff, 0xff,
    0xff, 0xff, 0xff, 0xff, 0x3c, 0xa0, 0xff, 0xff,
    0xff, 0xff, 0xff, 0xff, 0xff, 0xff, 0xff, 0xff,
    0xff, 0xff, 0xd9, 0x1e, 0xa0, 0xff, 0xff, 0xff,
    0xff, 0xff, 0xff, 0xff, 0xff, 0xff, 0xff, 0xe8,
    0x77, 0x6, 0x0, 0x8a, 0xff, 0xff, 0xff, 0xff,
    0xff, 0xff, 0xff, 0xff, 0xe4, 0x19, 0x1, 0x0,
    0x0, 0x0, 0x2a, 0xec, 0xff, 0xff, 0xff, 0xff,
    0xff, 0xff, 0xc7, 0x23, 0x0, 0x0, 0x0, 0x0,
    0x0, 0x0, 0x14, 0x99, 0xfd, 0xff, 0xff, 0xe8,
    0x61, 0x1, 0x0, 0x0, 0x0, 0x0, 0x0, 0x0,
    0x0, 0x0, 0x0, 0x2f, 0x99, 0x7b, 0xe, 0x0,
    0x0, 0x0, 0x0, 0x0, 0x0, 0x0, 0x0,

    /* U+0076 "v" */
    0x0, 0x0, 0x0, 0x0, 0x0, 0x0, 0x0, 0x0,
    0x0, 0x0, 0x21, 0x86, 0x1d, 0x0, 0x0, 0x0,
    0x0, 0x0, 0x0, 0x0, 0x0, 0x0, 0x0, 0xb,
    0x85, 0xf8, 0xff, 0xf5, 0x7d, 0x7, 0x0, 0x0,
    0x0, 0x0, 0x0, 0x0, 0x0, 0x0, 0x4c, 0xff,
    0xff, 0xff, 0xff, 0xff, 0x3c, 0x0, 0x0, 0x0,
    0x0, 0x0, 0x0, 0x0, 0x0, 0x4c, 0xff, 0xff,
    0xff, 0xff, 0xff, 0x3c, 0x0, 0x0, 0x0, 0x0,
    0x0, 0x0, 0x0, 0x0, 0x4c, 0xff, 0xff, 0xff,
    0xff, 0xff, 0x3c, 0x0, 0x4, 0x6e, 0x99, 0x17,
    0x0, 0x0, 0x0, 0x4c, 0xff, 0xff, 0xff, 0xff,
    0xff, 0x3c, 0x3d, 0xd6, 0xff, 0xff, 0xf1, 0x71,
    0x0, 0x0, 0x4c, 0xff, 0xff, 0xff, 0xff, 0xff,
    0x3c, 0xa0, 0xff, 0xff, 0xff, 0xff, 0xf0, 0x0,
    0x0, 0x4c, 0xff, 0xff, 0xff, 0xff, 0xff, 0x3c,
    0xa0, 0xff, 0xff, 0xff, 0xff, 0xf0, 0x0, 0x0,
    0x4c, 0xff, 0xff, 0xff, 0xff, 0xff, 0x3c, 0xa0,
    0xff, 0xff, 0xff, 0xff, 0xf0, 0x0, 0x0, 0x4c,
    0xff, 0xff, 0xff, 0xff, 0xff, 0x3c, 0xa0, 0xff,
    0xff, 0xff, 0xff, 0xf0, 0x0, 0x0, 0x4c, 0xff,
    0xff, 0xff, 0xff, 0xff, 0x3c, 0xa0, 0xff, 0xff,
    0xff, 0xff, 0xf0, 0x0, 0x0, 0x4c, 0xff, 0xff,
    0xff, 0xff, 0xff, 0x3c, 0xa0, 0xff, 0xff, 0xff,
    0xff, 0xf0, 0x0, 0x0, 0x4c, 0xff, 0xff, 0xff,
    0xff, 0xff, 0x3c, 0xa0, 0xff, 0xff, 0xff, 0xff,
    0xf0, 0x0, 0x0, 0x4c, 0xff, 0xff, 0xff, 0xff,
    0xff, 0x3c, 0xa0, 0xff, 0xff, 0xff, 0xff, 0xf0,
    0x0, 0x0, 0x4c, 0xff, 0xff, 0xff, 0xff, 0xff,
    0x39, 0xa0, 0xff, 0xff, 0xff, 0xff, 0xf0, 0x0,
    0x0, 0x4c, 0xff, 0xff, 0xff, 0xff, 0xff, 0x1a,
    0xa0, 0xff, 0xff, 0xff, 0xff, 0xf0, 0x0, 0x0,
    0x4c, 0xff, 0xff, 0xff, 0xff, 0xc3, 0x0, 0xa0,
    0xff, 0xff, 0xff, 0xff, 0xf0, 0x0, 0x0, 0x53,
    0xff, 0xff, 0xff, 0xff, 0x3a, 0x0, 0xa0, 0xff,
    0xff, 0xff, 0xff, 0xf0, 0x7, 0x7b, 0xf4, 0xff,
    0xff, 0xff, 0x8e, 0x0, 0x0, 0x98, 0xff, 0xff,
    0xff, 0xff, 0xff, 0xdd, 0xff, 0xff, 0xff, 0xff,
    0x97, 0x0, 0x0, 0x0, 0x58, 0xff, 0xff, 0xff,
    0xff, 0xff, 0xff, 0xff, 0xff, 0xff, 0xff, 0x51,
    0x0, 0x0, 0x0, 0x0, 0x62, 0xea, 0xff, 0xff,
    0xff, 0xff, 0xff, 0xff, 0xff, 0xed, 0xa, 0x0,
    0x0, 0x0, 0x0, 0x0, 0xf, 0xe3, 0xff, 0xff,
    0xff, 0xff, 0xff, 0xff, 0x6f, 0x0, 0x0, 0x0,
    0x0, 0x0, 0x0, 0x0, 0x0, 0x2d, 0xb7, 0xff,
    0xff, 0xff, 0xa5, 0x1, 0x0, 0x0, 0x0, 0x0,
    0x0, 0x0, 0x0, 0x0, 0x0, 0x0, 0x4b, 0x9f,
    0x60, 0x1, 0x0, 0x0, 0x0, 0x0, 0x0,

    /* U+0077 "w" */
    0x0, 0x0, 0x0, 0x0, 0x0, 0x0, 0x0, 0x0,
    0x0, 0x0, 0x0, 0x0, 0x0, 0x0, 0x0, 0x16,
    0x8, 0x0, 0x0, 0x0, 0x0, 0x0, 0x0, 0x0,
    0x0, 0x0, 0x0, 0x0, 0x0, 0x0, 0x0, 0x0,
    0x5, 0x73, 0xf1, 0xe0, 0x56, 0x0, 0x0, 0x0,
    0x0, 0x0, 0x0, 0x0, 0x0, 0x0, 0x0, 0x0,
    0x0, 0x0, 0x0, 0xc2, 0xff, 0xff, 0xff, 0xff,
    0x95, 0x0, 0x0, 0x0, 0x0, 0x0, 0x0, 0x0,
    0x0, 0x0, 0x0, 0x0, 0x0, 0x0, 0xdc, 0xff,
    0xff, 0xff, 0xff, 0xb0, 0x0, 0x0, 0x0, 0x0,
    0x0, 0x0, 0x0, 0x0, 0xc, 0x66, 0x10, 0x0,
    0x0, 0xdc, 0xff, 0xff, 0xff, 0xff, 0xb0, 0x0,
    0x0, 0x0, 0x0, 0x0, 0x0, 0x0, 0x5b, 0xe5,
    0xff, 0xea, 0x65, 0x2, 0xdc, 0xff, 0xff, 0xff,
    0xff, 0xb0, 0x0, 0x0, 0x0, 0x0, 0x0, 0x0,
    0x3e, 0xff, 0xff, 0xff, 0xff, 0xff, 0x4e, 0xdc,
    0xff, 0xff, 0xff, 0xff, 0xb0, 0x0, 0x0, 0x0,
    0x0, 0x0, 0x0, 0x40, 0xff, 0xff, 0xff, 0xff,
    0xff, 0x50, 0xdc, 0xff, 0xff, 0xff, 0xff, 0xb0,
    0x0, 0x4, 0x6e, 0x99, 0x17, 0x0, 0x40, 0xff,
    0xff, 0xff, 0xff, 0xff, 0x50, 0xdc, 0xff, 0xff,
    0xff, 0xff, 0xb0, 0x3d, 0xd6, 0xff, 0xff, 0xf1,
    0x71, 0x40, 0xff, 0xff, 0xff, 0xff, 0xff, 0x50,
    0xdc, 0xff, 0xff, 0xff, 0xff, 0xb0, 0xa0, 0xff,
    0xff, 0xff, 0xff, 0xf0, 0x40, 0xff, 0xff, 0xff,
    0xff, 0xff, 0x50, 0xdc, 0xff, 0xff, 0xff, 0xff,
    0xb0, 0xa0, 0xff, 0xff, 0xff, 0xff, 0xf0, 0x40,
    0xff, 0xff, 0xff, 0xff, 0xff, 0x50, 0xdc, 0xff,
    0xff, 0xff, 0xff, 0xb0, 0xa0, 0xff, 0xff, 0xff,
    0xff, 0xf0, 0x40, 0xff, 0xff, 0xff, 0xff, 0xff,
    0x50, 0xdc, 0xff, 0xff, 0xff, 0xff, 0xb0, 0xa0,
    0xff, 0xff, 0xff, 0xff, 0xf0, 0x40, 0xff, 0xff,
    0xff, 0xff, 0xff, 0x50, 0xdc, 0xff, 0xff, 0xff,
    0xff, 0xb0, 0xa0, 0xff, 0xff, 0xff, 0xff, 0xf0,
    0x40, 0xff, 0xff, 0xff, 0xff, 0xff, 0x50, 0xdc,
    0xff, 0xff, 0xff, 0xff, 0xaf, 0xa0, 0xff, 0xff,
    0xff, 0xff, 0xf0, 0x40, 0xff, 0xff, 0xff, 0xff,
    0xff, 0x50, 0xdc, 0xff, 0xff, 0xff, 0xff, 0xa0,
    0xa0, 0xff, 0xff, 0xff, 0xff, 0xf0, 0x40, 0xff,
    0xff, 0xff, 0xff, 0xff, 0x50, 0xdc, 0xff, 0xff,
    0xff, 0xff, 0x62, 0xa0, 0xff, 0xff, 0xff, 0xff,
    0xf0, 0x40, 0xff, 0xff, 0xff, 0xff, 0xff, 0x50,
    0xdc, 0xff, 0xff, 0xff, 0xdd, 0x7, 0xa0, 0xff,
    0xff, 0xff, 0xff, 0xf0, 0x40, 0xff, 0xff, 0xff,
    0xff, 0xff, 0xb7, 0xf6, 0xff, 0xff, 0xfe, 0x4c,
    0x0, 0xa0, 0xff, 0xff, 0xff, 0xff, 0xf0, 0x40,
    0xff, 0xff, 0xff, 0xff, 0xff, 0xff, 0xff, 0xff,
    0xfa, 0x5f, 0x0, 0x0, 0xa0, 0xff, 0xff, 0xff,
    0xff, 0xf0, 0x40, 0xff, 0xff, 0xff, 0xff, 0xff,
    0xff, 0xff, 0xff, 0xce, 0x0, 0x0, 0x0, 0xa0,
    0xff, 0xff, 0xff, 0xff, 0xf0, 0x40, 0xff, 0xff,
    0xff, 0xff, 0xff, 0xff, 0xff, 0xff, 0x88, 0x0,
    0x0, 0x0, 0x98, 0xff, 0xff, 0xff, 0xff, 0xff,
    0xde, 0xff, 0xff, 0xff, 0xff, 0xff, 0xff, 0xff,
    0xf1, 0x16, 0x0, 0x0, 0x0, 0x58, 0xff, 0xff,
    0xff, 0xff, 0xff, 0xff, 0xff, 0xff, 0xff, 0xff,
    0xff, 0xff, 0xff, 0x6c, 0x0, 0x0, 0x0, 0x0,
    0x0, 0x62, 0xea, 0xff, 0xff, 0xff, 0xff, 0xff,
    0xff, 0xff, 0xff, 0xff, 0xf5, 0x6e, 0x0, 0x0,
    0x0, 0x0, 0x0, 0x0, 0x0, 0xf, 0xe3, 0xff,
    0xff, 0xff, 0xff, 0xff, 0xff, 0xff, 0xaa, 0x1d,
    0x0, 0x0, 0x0, 0x0, 0x0, 0x0, 0x0, 0x0,
    0x0, 0x0, 0x2d, 0xb7, 0xff, 0xff, 0xff, 0xd1,
    0x3f, 0x0, 0x0, 0x0, 0x0, 0x0, 0x0, 0x0,
    0x0, 0x0, 0x0, 0x0, 0x0, 0x0, 0x0, 0x4b,
    0x9f, 0x62, 0x3, 0x0, 0x0, 0x0, 0x0, 0x0,
    0x0, 0x0, 0x0, 0x0,

    /* U+0078 "x" */
    0x0, 0x0, 0x0, 0x0, 0x0, 0x0, 0x0, 0x0,
    0x0, 0x0, 0x21, 0x86, 0x1d, 0x0, 0x0, 0x0,
    0x0, 0x0, 0x0, 0x0, 0x0, 0x0, 0x0, 0xb,
    0x85, 0xf8, 0xff, 0xf5, 0x7d, 0x7, 0x0, 0x0,
    0x0, 0x0, 0x0, 0x0, 0x0, 0x0, 0x4c, 0xff,
    0xff, 0xff, 0xff, 0xff, 0x3c, 0x0, 0x0, 0x0,
    0x0, 0x0, 0x0, 0x0, 0x0, 0x4c, 0xff, 0xff,
    0xff, 0xff, 0xff, 0x3c, 0x0, 0x0, 0x0, 0x0,
    0x0, 0x0, 0x0, 0x0, 0x4c, 0xff, 0xff, 0xff,
    0xff, 0xff, 0x3c, 0x0, 0x4, 0x6e, 0x99, 0x17,
    0x0, 0x0, 0x0, 0x4c, 0xff, 0xff, 0xff, 0xff,
    0xff, 0x32, 0x3d, 0xd6, 0xff, 0xff, 0xf1, 0x71,
    0x0, 0x0, 0x4c, 0xff, 0xff, 0xff, 0xff, 0xf6,
    0x9, 0xa0, 0xff, 0xff, 0xff, 0xff, 0xf0, 0x0,
    0x0, 0x4c, 0xff, 0xff, 0xff, 0xff, 0x90, 0x0,
    0xa0, 0xff, 0xff, 0xff, 0xff, 0xf0, 0x0, 0x6,
    0x9b, 0xff, 0xff, 0xff, 0xed, 0x12, 0x0, 0xa0,
    0xff, 0xff, 0xff, 0xff, 0xf0, 0x4a, 0xd9, 0xff,
    0xff, 0xff, 0xff, 0xe3, 0x1a, 0x0, 0xa0, 0xff,
    0xff, 0xff, 0xff, 0xff, 0xff, 0xff, 0xff, 0xff,
    0xff, 0xff, 0xff, 0xdd, 0x7, 0xa0, 0xff, 0xff,
    0xff, 0xff, 0xff, 0xff, 0xff, 0xff, 0xff, 0xff,
    0xff, 0xff, 0xff, 0x31, 0xa0, 0xff, 0xff, 0xff,
    0xff, 0xff, 0xff, 0xff, 0xff, 0xff, 0xff, 0xff,
    0xff, 0xff, 0x3c, 0x93, 0xff, 0xff, 0xff, 0xff,
    0xff, 0xff, 0xff, 0xff, 0xff, 0xff, 0xff, 0xff,
    0xff, 0x3c, 0x44, 0xfd, 0xff, 0xff, 0xff, 0xff,
    0xff, 0xff, 0xff, 0xff, 0xff, 0xff, 0xff, 0xff,
    0x3c, 0x0, 0x3d, 0xff, 0xff, 0xff, 0xff, 0xfd,
    0x9b, 0x61, 0xff, 0xff, 0xff, 0xff, 0xff, 0x3c,
    0x0, 0x6a, 0xff, 0xff, 0xff, 0xff, 0x32, 0x0,
    0x4c, 0xff, 0xff, 0xff, 0xff, 0xff, 0x3c, 0x11,
    0xed, 0xff, 0xff, 0xff, 0xf0, 0x0, 0x0, 0x4c,
    0xff, 0xff, 0xff, 0xff, 0xff, 0x3c, 0x6b, 0xff,
    0xff, 0xff, 0xff, 0xf0, 0x0, 0x0, 0x11, 0x9b,
    0xfd, 0xff, 0xfc, 0x93, 0xc, 0x98, 0xff, 0xff,
    0xff, 0xff, 0xf0, 0x0, 0x0, 0x0, 0x0, 0x33,
    0x9e, 0x2e, 0x0, 0x0, 0xa0, 0xff, 0xff, 0xff,
    0xff, 0xf0, 0x0, 0x0, 0x0, 0x0, 0x0, 0x0,
    0x0, 0x0, 0x0, 0xa0, 0xff, 0xff, 0xff, 0xff,
    0xf0, 0x0, 0x0, 0x0, 0x0, 0x0, 0x0, 0x0,
    0x0, 0x0, 0xa0, 0xff, 0xff, 0xff, 0xff, 0xf0,
    0x0, 0x0, 0x0, 0x0, 0x0, 0x0, 0x0, 0x0,
    0x0, 0x1d, 0xa9, 0xff, 0xff, 0xd3, 0x41, 0x0,
    0x0, 0x0, 0x0, 0x0, 0x0, 0x0, 0x0, 0x0,
    0x0, 0x0, 0x3e, 0x69, 0x3, 0x0, 0x0, 0x0,
    0x0, 0x0, 0x0, 0x0, 0x0, 0x0, 0x0,

    /* U+0079 "y" */
    0x0, 0x0, 0x0, 0x0, 0x0, 0x0, 0x0, 0x0,
    0x0, 0x0, 0x21, 0x86, 0x1d, 0x0, 0x0, 0x0,
    0x0, 0x0, 0x0, 0x0, 0x0, 0x0, 0x0, 0xb,
    0x85, 0xf8, 0xff, 0xf5, 0x7d, 0x7, 0x0, 0x0,
    0x0, 0x0, 0x0, 0x0, 0x0, 0x0, 0x4c, 0xff,
    0xff, 0xff, 0xff, 0xff, 0x3c, 0x0, 0x0, 0x0,
    0x0, 0x0, 0x0, 0x0, 0x0, 0x4c, 0xff, 0xff,
    0xff, 0xff, 0xff, 0x3c, 0x0, 0x0, 0x0, 0x0,
    0x0, 0x0, 0x0, 0x0, 0x4c, 0xff, 0xff, 0xff,
    0xff, 0xff, 0x3c, 0x0, 0x4, 0x6e, 0x99, 0x17,
    0x0, 0x0, 0x0, 0x4c, 0xff, 0xff, 0xff, 0xff,
    0xff, 0x3c, 0x3d, 0xd6, 0xff, 0xff, 0xf1, 0x71,
    0x0, 0x0, 0x4c, 0xff, 0xff, 0xff, 0xff, 0xff,
    0x3c, 0xa0, 0xff, 0xff, 0xff, 0xff, 0xf0, 0x0,
    0x0, 0x4c, 0xff, 0xff, 0xff, 0xff, 0xff, 0x3c,
    0xa0, 0xff, 0xff, 0xff, 0xff, 0xf0, 0x0, 0x0,
    0x4c, 0xff, 0xff, 0xff, 0xff, 0xff, 0x3c, 0xa0,
    0xff, 0xff, 0xff, 0xff, 0xf0, 0x0, 0x0, 0x4c,
    0xff, 0xff, 0xff, 0xff, 0xff, 0x3c, 0xa0, 0xff,
    0xff, 0xff, 0xff, 0xf0, 0x0, 0x0, 0x4c, 0xff,
    0xff, 0xff, 0xff, 0xff, 0x3c, 0xa0, 0xff, 0xff,
    0xff, 0xff, 0xf0, 0x0, 0x0, 0x4c, 0xff, 0xff,
    0xff, 0xff, 0xff, 0x3c, 0xa0, 0xff, 0xff, 0xff,
    0xff, 0xf0, 0x0, 0x50, 0xff, 0xff, 0xff, 0xff,
    0xff, 0xff, 0x3c, 0xa0, 0xff, 0xff, 0xff, 0xff,
    0xff, 0xba, 0xff, 0xff, 0xff, 0xff, 0xff, 0xff,
    0xff, 0x3c, 0xa0, 0xff, 0xff, 0xff, 0xff, 0xff,
    0xff, 0xff, 0xff, 0xff, 0xff, 0xff, 0xff, 0xff,
    0x3c, 0xa0, 0xff, 0xff, 0xff, 0xff, 0xff, 0xff,
    0xff, 0xff, 0xff, 0xff, 0xff, 0xff, 0xff, 0x3c,
    0x9f, 0xff, 0xff, 0xff, 0xff, 0xff, 0xff, 0xff,
    0xff, 0xff, 0xff, 0xff, 0xff, 0xff, 0x3c, 0x80,
    0xff, 0xff, 0xff, 0xff, 0xff, 0xff, 0xff, 0xff,
    0xff, 0xff, 0xff, 0xff, 0xff, 0x3c, 0x12, 0xc7,
    0xff, 0xff, 0xff, 0xff, 0xff, 0xfc, 0xe0, 0xff,
    0xff, 0xff, 0xff, 0xff, 0x3c, 0x0, 0x1, 0x62,
    0xe8, 0xff, 0xff, 0xbf, 0x33, 0x8b, 0xff, 0xff,
    0xff, 0xff, 0xff, 0x37, 0x0, 0x0, 0x0, 0xe,
    0x65, 0x44, 0x47, 0xd7, 0xff, 0xff, 0xff, 0xff,
    0xff, 0xfd, 0x13, 0x0, 0x0, 0x0, 0x0, 0x23,
    0xb1, 0xff, 0xff, 0xff, 0xff, 0xff, 0xff, 0xff,
    0xb2, 0x0, 0x0, 0x0, 0xc, 0x86, 0xf8, 0xff,
    0xff, 0xff, 0xff, 0xff, 0xff, 0xff, 0xfc, 0x29,
    0x0, 0x0, 0x5b, 0xe5, 0xff, 0xff, 0xff, 0xff,
    0xff, 0xff, 0xff, 0xff, 0xfe, 0x6e, 0x0, 0x0,
    0x8c, 0xff, 0xff, 0xff, 0xff, 0xff, 0xff, 0xff,
    0xff, 0xff, 0xd9, 0x45, 0x0, 0x0, 0x0, 0xa0,
    0xff, 0xff, 0xff, 0xff, 0xff, 0xff, 0xff, 0xf2,
    0x75, 0x5, 0x0, 0x0, 0x0, 0x0, 0xa0, 0xff,
    0xff, 0xff, 0xff, 0xff, 0xfe, 0x9f, 0x17, 0x0,
    0x0, 0x0, 0x0, 0x0, 0x0, 0x72, 0xfd, 0xff,
    0xff, 0xff, 0xc8, 0x36, 0x0, 0x0, 0x0, 0x0,
    0x0, 0x0, 0x0, 0x0, 0x0, 0x33, 0xc5, 0xe7,
    0x5f, 0x1, 0x0, 0x0, 0x0, 0x0, 0x0, 0x0,
    0x0, 0x0, 0x0, 0x0, 0x0, 0x0, 0x9, 0x0,
    0x0, 0x0, 0x0, 0x0, 0x0, 0x0, 0x0, 0x0,
    0x0, 0x0,

    /* U+007A "z" */
    0x0, 0x0, 0x0, 0x0, 0x0, 0x0, 0x0, 0x0,
    0x0, 0x0, 0x21, 0x86, 0x1d, 0x0, 0x0, 0x0,
    0x0, 0x0, 0x0, 0x0, 0x0, 0x0, 0x0, 0xb,
    0x83, 0xf7, 0xff, 0xf5, 0x7d, 0x7, 0x0, 0x0,
    0x0, 0x0, 0x0, 0x0, 0x0, 0x59, 0xe3, 0xff,
    0xff, 0xff, 0xff, 0xff, 0x3c, 0x0, 0x0, 0x0,
    0x0, 0x0, 0x32, 0xc4, 0xff, 0xff, 0xff, 0xff,
    0xff, 0xff, 0xff, 0x3c, 0x0, 0x0, 0x0, 0x15,
    0x9a, 0xfd, 0xff, 0xff, 0xff, 0xff, 0xff, 0xff,
    0xff, 0xff, 0x3c, 0x0, 0x4, 0x70, 0xf0, 0xff,
    0xff, 0xff, 0xff, 0xff, 0xff, 0xff, 0xff, 0xff,
    0xff, 0x3c, 0x3d, 0xd6, 0xff, 0xff, 0xff, 0xff,
    0xff, 0xff, 0xff, 0xff, 0xff, 0xff, 0xff, 0xff,
    0x3c, 0xa0, 0xff, 0xff, 0xff, 0xff, 0xff, 0xff,
    0xff, 0xff, 0xff, 0xff, 0xff, 0xff, 0xff, 0x3c,
    0xa0, 0xff, 0xff, 0xff, 0xff, 0xff, 0xff, 0xff,
    0xff, 0xff, 0xff, 0xff, 0xff, 0xff, 0x37, 0xa0,
    0xff, 0xff, 0xff, 0xff, 0xff, 0xff, 0xff, 0xff,
    0xff, 0xff, 0xff, 0xff, 0xfd, 0x13, 0x24, 0xb3,
    0xff, 0xff, 0xff, 0xff, 0xff, 0xff, 0xff, 0xff,
    0xff, 0xff, 0xff, 0xb0, 0x0, 0x0, 0x0, 0x50,
    0xfb, 0xff, 0xff, 0xff, 0xff, 0xff, 0xff, 0xff,
    0xff, 0xfb, 0x27, 0x0, 0x0, 0xc, 0xca, 0xff,
    0xff, 0xff, 0xff, 0xff, 0xff, 0xff, 0xff, 0xfe,
    0x6a, 0x0, 0x0, 0x0, 0x90, 0xff, 0xff, 0xff,
    0xff, 0xff, 0xff, 0xff, 0xff, 0xff, 0xd4, 0x24,
    0x0, 0x0, 0x25, 0xfb, 0xff, 0xff, 0xff, 0xff,
    0xff, 0xff, 0xff, 0xff, 0xff, 0xff, 0xf9, 0x86,
    0x9, 0x7b, 0xff, 0xff, 0xff, 0xff, 0xff, 0xff,
    0xff, 0xff, 0xff, 0xff, 0xff, 0xff, 0xff, 0x3c,
    0x9c, 0xff, 0xff, 0xff, 0xff, 0xff, 0xff, 0xff,
    0xff, 0xff, 0xff, 0xff, 0xff, 0xff, 0x3c, 0xa0,
    0xff, 0xff, 0xff, 0xff, 0xff, 0xff, 0xff, 0xff,
    0xff, 0xff, 0xff, 0xff, 0xff, 0x3c, 0xa0, 0xff,
    0xff, 0xff, 0xff, 0xff, 0xff, 0xff, 0xff, 0xff,
    0xff, 0xff, 0xfb, 0x92, 0xc, 0xa0, 0xff, 0xff,
    0xff, 0xff, 0xff, 0xff, 0xff, 0xff, 0xff, 0xff,
    0xbd, 0x2c, 0x0, 0x0, 0xa0, 0xff, 0xff, 0xff,
    0xff, 0xff, 0xff, 0xff, 0xff, 0xe0, 0x54, 0x0,
    0x0, 0x0, 0x0, 0xa0, 0xff, 0xff, 0xff, 0xff,
    0xff, 0xff, 0xf6, 0x80, 0x9, 0x0, 0x0, 0x0,
    0x0, 0x0, 0xa0, 0xff, 0xff, 0xff, 0xff, 0xff,
    0xab, 0x1f, 0x0, 0x0, 0x0, 0x0, 0x0, 0x0,
    0x0, 0x1d, 0xa9, 0xff, 0xff, 0xd2, 0x41, 0x0,
    0x0, 0x0, 0x0, 0x0, 0x0, 0x0, 0x0, 0x0,
    0x0, 0x0, 0x3e, 0x69, 0x3, 0x0, 0x0, 0x0,
    0x0, 0x0, 0x0, 0x0, 0x0, 0x0, 0x0,

    /* U+007B "{" */
    0x0, 0x0, 0x0, 0x0, 0x0, 0x0, 0x0, 0x18,
    0x59, 0x2, 0x0, 0x0, 0x0, 0x0, 0x0, 0x0,
    0x0, 0x6, 0x77, 0xf2, 0xff, 0xcf, 0x3e, 0x0,
    0x0, 0x0, 0x0, 0x0, 0x24, 0xd6, 0xff, 0xff,
    0xff, 0xff, 0xff, 0x12, 0x0, 0x0, 0x0, 0x9,
    0xdc, 0xff, 0xff, 0xff, 0xff, 0xff, 0xff, 0x14,
    0x0, 0x0, 0x0, 0x7d, 0xff, 0xff, 0xff, 0xff,
    0xff, 0xff, 0xff, 0x14, 0x0, 0x0, 0x4, 0xef,
    0xff, 0xff, 0xff, 0xff, 0xff, 0xff, 0xae, 0x7,
    0x0, 0x0, 0x2b, 0xff, 0xff, 0xff, 0xff, 0xff,
    0xd4, 0x43, 0x0, 0x0, 0x0, 0x0, 0x38, 0xff,
    0xff, 0xff, 0xff, 0xff, 0x50, 0x0, 0x0, 0x0,
    0x0, 0x0, 0x38, 0xff, 0xff, 0xff, 0xff, 0xff,
    0x50, 0x0, 0x0, 0x0, 0x0, 0x0, 0x38, 0xff,
    0xff, 0xff, 0xff, 0xff, 0x50, 0x0, 0x0, 0x0,
    0x0, 0x0, 0x38, 0xff, 0xff, 0xff, 0xff, 0xff,
    0x50, 0x0, 0x0, 0x0, 0x0, 0x0, 0x38, 0xff,
    0xff, 0xff, 0xff, 0xff, 0x50, 0x0, 0x0, 0x0,
    0x0, 0x0, 0x38, 0xff, 0xff, 0xff, 0xff, 0xff,
    0x50, 0x0, 0x0, 0x0, 0x0, 0x0, 0x38, 0xff,
    0xff, 0xff, 0xff, 0xff, 0x50, 0x0, 0x0, 0x0,
    0x0, 0x0, 0x44, 0xff, 0xff, 0xff, 0xff, 0xff,
    0x45, 0x0, 0x0, 0x0, 0x0, 0x0, 0x7f, 0xff,
    0xff, 0xff, 0xff, 0xff, 0x26, 0x0, 0x0, 0x0,
    0x0, 0xd, 0xe8, 0xff, 0xff, 0xff, 0xff, 0xe8,
    0x0, 0x0, 0x0, 0x0, 0x0, 0x8a, 0xff, 0xff,
    0xff, 0xff, 0xff, 0x92, 0x0, 0x0, 0x0, 0x0,
    0x70, 0xfe, 0xff, 0xff, 0xff, 0xff, 0xfd, 0x29,
    0x0, 0x0, 0x0, 0x0, 0xff, 0xff, 0xff, 0xff,
    0xff, 0xff, 0x9c, 0x0, 0x0, 0x0, 0x0, 0x0,
    0xff, 0xff, 0xff, 0xff, 0xff, 0xdb, 0xd, 0x0,
    0x0, 0x0, 0x0, 0x0, 0xff, 0xff, 0xff, 0xff,
    0xfa, 0x33, 0x0, 0x0, 0x0, 0x0, 0x0, 0x0,
    0xff, 0xff, 0xff, 0xff, 0xff, 0x3a, 0x0, 0x0,
    0x0, 0x0, 0x0, 0x0, 0xff, 0xff, 0xff, 0xff,
    0xff, 0xff, 0xab, 0xc, 0x0, 0x0, 0x0, 0x0,
    0xff, 0xff, 0xff, 0xff, 0xff, 0xff, 0xff, 0xac,
    0x0, 0x0, 0x0, 0x0, 0x97, 0xfd, 0xff, 0xff,
    0xff, 0xff, 0xff, 0xfe, 0x1c, 0x0, 0x0, 0x0,
    0x0, 0x2f, 0xff, 0xff, 0xff, 0xff, 0xff, 0xff,
    0x42, 0x0, 0x0, 0x0, 0x0, 0x0, 0x38, 0xff,
    0xff, 0xff, 0xff, 0xff, 0x50, 0x0, 0x0, 0x0,
    0x0, 0x0, 0x38, 0xff, 0xff, 0xff, 0xff, 0xff,
    0x50, 0x0, 0x0, 0x0, 0x0, 0x0, 0x38, 0xff,
    0xff, 0xff, 0xff, 0xff, 0x50, 0x0, 0x0, 0x0,
    0x0, 0x0, 0x38, 0xff, 0xff, 0xff, 0xff, 0xff,
    0x50, 0x0, 0x0, 0x0, 0x0, 0x0, 0x38, 0xff,
    0xff, 0xff, 0xff, 0xff, 0xff, 0x30, 0x0, 0x0,
    0x0, 0x0, 0x38, 0xff, 0xff, 0xff, 0xff, 0xff,
    0xff, 0xfd, 0x96, 0x5, 0x0, 0x0, 0x38, 0xff,
    0xff, 0xff, 0xff, 0xff, 0xff, 0xff, 0xff, 0x14,
    0x0, 0x0, 0x2e, 0xff, 0xff, 0xff, 0xff, 0xff,
    0xff, 0xff, 0xff, 0x14, 0x0, 0x0, 0x6, 0xe1,
    0xff, 0xff, 0xff, 0xff, 0xff, 0xff, 0xff, 0x13,
    0x0, 0x0, 0x0, 0x1e, 0xad, 0xff, 0xff, 0xff,
    0xff, 0xe0, 0x53, 0x0, 0x0, 0x0, 0x0, 0x0,
    0x0, 0x43, 0xd1, 0xe9, 0x7e, 0x9, 0x0, 0x0,
    0x0, 0x0, 0x0, 0x0, 0x0, 0x0, 0x0, 0x0,
    0x0, 0x0, 0x0, 0x0,

    /* U+007C "|" */
    0x0, 0x1, 0x5d, 0x88, 0xe, 0x0, 0x31, 0xc6,
    0xff, 0xff, 0xe8, 0x5f, 0xa0, 0xff, 0xff, 0xff,
    0xff, 0xf0, 0xa0, 0xff, 0xff, 0xff, 0xff, 0xf0,
    0xa0, 0xff, 0xff, 0xff, 0xff, 0xf0, 0xa0, 0xff,
    0xff, 0xff, 0xff, 0xf0, 0xa0, 0xff, 0xff, 0xff,
    0xff, 0xf0, 0xa0, 0xff, 0xff, 0xff, 0xff, 0xf0,
    0xa0, 0xff, 0xff, 0xff, 0xff, 0xf0, 0xa0, 0xff,
    0xff, 0xff, 0xff, 0xf0, 0xa0, 0xff, 0xff, 0xff,
    0xff, 0xf0, 0xa0, 0xff, 0xff, 0xff, 0xff, 0xf0,
    0xa0, 0xff, 0xff, 0xff, 0xff, 0xf0, 0xa0, 0xff,
    0xff, 0xff, 0xff, 0xf0, 0xa0, 0xff, 0xff, 0xff,
    0xff, 0xf0, 0xa0, 0xff, 0xff, 0xff, 0xff, 0xf0,
    0xa0, 0xff, 0xff, 0xff, 0xff, 0xf0, 0xa0, 0xff,
    0xff, 0xff, 0xff, 0xf0, 0xa0, 0xff, 0xff, 0xff,
    0xff, 0xf0, 0xa0, 0xff, 0xff, 0xff, 0xff, 0xf0,
    0xa0, 0xff, 0xff, 0xff, 0xff, 0xf0, 0xa0, 0xff,
    0xff, 0xff, 0xff, 0xf0, 0xa0, 0xff, 0xff, 0xff,
    0xff, 0xf0, 0xa0, 0xff, 0xff, 0xff, 0xff, 0xf0,
    0xa0, 0xff, 0xff, 0xff, 0xff, 0xf0, 0xa0, 0xff,
    0xff, 0xff, 0xff, 0xf0, 0xa0, 0xff, 0xff, 0xff,
    0xff, 0xf0, 0xa0, 0xff, 0xff, 0xff, 0xff, 0xf0,
    0xa0, 0xff, 0xff, 0xff, 0xff, 0xf0, 0xa0, 0xff,
    0xff, 0xff, 0xff, 0xf0, 0xa0, 0xff, 0xff, 0xff,
    0xff, 0xf0, 0xa0, 0xff, 0xff, 0xff, 0xff, 0xf0,
    0xa0, 0xff, 0xff, 0xff, 0xff, 0xf0, 0xa0, 0xff,
    0xff, 0xff, 0xff, 0xf0, 0xa0, 0xff, 0xff, 0xff,
    0xff, 0xf0, 0xa0, 0xff, 0xff, 0xff, 0xff, 0xf0,
    0x9b, 0xff, 0xff, 0xff, 0xff, 0xeb, 0xb, 0x85,
    0xf8, 0xff, 0xb3, 0x24, 0x0, 0x0, 0x22, 0x44,
    0x0, 0x0,

    /* U+007D "}" */
    0x0, 0x0, 0x0, 0x0, 0x0, 0x0, 0x0, 0x0,
    0x0, 0x0, 0x0, 0x0, 0x0, 0x0, 0x1c, 0x99,
    0xc3, 0x5d, 0x1, 0x0, 0x0, 0x0, 0x0, 0x0,
    0x8, 0x7c, 0xf5, 0xff, 0xff, 0xff, 0xc7, 0x36,
    0x0, 0x0, 0x0, 0x0, 0x99, 0xff, 0xff, 0xff,
    0xff, 0xff, 0xff, 0xfd, 0x4b, 0x0, 0x0, 0x0,
    0xa0, 0xff, 0xff, 0xff, 0xff, 0xff, 0xff, 0xff,
    0xa4, 0x0, 0x0, 0x0, 0xa0, 0xff, 0xff, 0xff,
    0xff, 0xff, 0xff, 0xff, 0xb4, 0x0, 0x0, 0x0,
    0x5e, 0xf4, 0xff, 0xff, 0xff, 0xff, 0xff, 0xff,
    0xb4, 0x0, 0x0, 0x0, 0x0, 0x1c, 0xa6, 0xff,
    0xff, 0xff, 0xff, 0xff, 0xb4, 0x0, 0x0, 0x0,
    0x0, 0x0, 0x0, 0xd8, 0xff, 0xff, 0xff, 0xff,
    0xb4, 0x0, 0x0, 0x0, 0x0, 0x0, 0x0, 0xd8,
    0xff, 0xff, 0xff, 0xff, 0xb4, 0x0, 0x0, 0x0,
    0x0, 0x0, 0x0, 0xd8, 0xff, 0xff, 0xff, 0xff,
    0xb4, 0x0, 0x0, 0x0, 0x0, 0x0, 0x0, 0xd8,
    0xff, 0xff, 0xff, 0xff, 0xb4, 0x0, 0x0, 0x0,
    0x0, 0x0, 0x0, 0xd7, 0xff, 0xff, 0xff, 0xff,
    0xba, 0x0, 0x0, 0x0, 0x0, 0x0, 0x0, 0xca,
    0xff, 0xff, 0xff, 0xff, 0xff, 0xa5, 0x1c, 0x0,
    0x0, 0x0, 0x0, 0x97, 0xff, 0xff, 0xff, 0xff,
    0xff, 0xff, 0xf5, 0x4f, 0x0, 0x0, 0x0, 0x27,
    0xf6, 0xff, 0xfb, 0xff, 0xff, 0xff, 0xff, 0x7c,
    0x0, 0x0, 0x0, 0x0, 0x36, 0xd4, 0xfd, 0xff,
    0xff, 0xff, 0xff, 0x7c, 0x0, 0x0, 0x0, 0x0,
    0x0, 0x3, 0x8d, 0xff, 0xff, 0xff, 0xff, 0x9a,
    0x0, 0x0, 0x0, 0x0, 0x0, 0xe, 0xd7, 0xff,
    0xff, 0xff, 0xff, 0x7c, 0x0, 0x0, 0x0, 0x0,
    0x0, 0xa2, 0xff, 0xff, 0xff, 0xff, 0xff, 0x7c,
    0x0, 0x0, 0x0, 0x0, 0x3e, 0xff, 0xff, 0xff,
    0xff, 0xff, 0xff, 0x7b, 0x0, 0x0, 0x0, 0x0,
    0xbf, 0xff, 0xff, 0xff, 0xff, 0xff, 0xc2, 0x14,
    0x0, 0x0, 0x0, 0x27, 0xff, 0xff, 0xff, 0xff,
    0xff, 0xe7, 0xf, 0x0, 0x0, 0x0, 0x0, 0x7b,
    0xff, 0xff, 0xff, 0xff, 0xff, 0x60, 0x0, 0x0,
    0x0, 0x0, 0x0, 0xb5, 0xff, 0xff, 0xff, 0xff,
    0xeb, 0x2, 0x0, 0x0, 0x0, 0x0, 0x0, 0xd0,
    0xff, 0xff, 0xff, 0xff, 0xbd, 0x0, 0x0, 0x0,
    0x0, 0x0, 0x0, 0xd8, 0xff, 0xff, 0xff, 0xff,
    0xb4, 0x0, 0x0, 0x0, 0x0, 0x0, 0x0, 0xd8,
    0xff, 0xff, 0xff, 0xff, 0xb4, 0x0, 0x0, 0x0,
    0x0, 0x0, 0x0, 0xd8, 0xff, 0xff, 0xff, 0xff,
    0xb4, 0x0, 0x0, 0x0, 0x0, 0x0, 0x0, 0xd8,
    0xff, 0xff, 0xff, 0xff, 0xb4, 0x0, 0x0, 0x0,
    0x0, 0x0, 0x0, 0xd8, 0xff, 0xff, 0xff, 0xff,
    0xb4, 0x0, 0x0, 0x0, 0x0, 0x0, 0x0, 0xd8,
    0xff, 0xff, 0xff, 0xff, 0xb4, 0x0, 0x0, 0x0,
    0x0, 0x0, 0x4a, 0xf1, 0xff, 0xff, 0xff, 0xff,
    0xad, 0x0, 0x0, 0x0, 0x26, 0xb6, 0xff, 0xff,
    0xff, 0xff, 0xff, 0xff, 0x82, 0x0, 0x0, 0x0,
    0xa0, 0xff, 0xff, 0xff, 0xff, 0xff, 0xff, 0xf8,
    0x21, 0x0, 0x0, 0x0, 0xa0, 0xff, 0xff, 0xff,
    0xff, 0xff, 0xff, 0x87, 0x0, 0x0, 0x0, 0x0,
    0xa0, 0xff, 0xff, 0xff, 0xff, 0xff, 0xb8, 0x7,
    0x0, 0x0, 0x0, 0x0, 0x3b, 0xd3, 0xff, 0xff,
    0xef, 0x70, 0x3, 0x0, 0x0, 0x0, 0x0, 0x0,
    0x0, 0x3, 0x6b, 0x95, 0x15, 0x0, 0x0, 0x0,
    0x0, 0x0, 0x0, 0x0,

    /* U+007E "~" */
    0x0, 0x0, 0x0, 0x0, 0x0, 0x0, 0x0, 0x0,
    0x0, 0x0, 0x35, 0x5e, 0xb, 0x0, 0x0, 0x0,
    0x0, 0x0, 0x0, 0x0, 0x0, 0x0, 0x0, 0x0,
    0x0, 0x0, 0xbd, 0xff, 0xf3, 0x82, 0xa, 0x0,
    0x0, 0x0, 0x0, 0x0, 0x0, 0x0, 0x0, 0x0,
    0x0, 0x3a, 0xff, 0xff, 0xff, 0xff, 0xe2, 0x4e,
    0x0, 0x0, 0x0, 0x0, 0x4, 0x39, 0x23, 0x0,
    0x0, 0xb7, 0xff, 0xff, 0xff, 0xff, 0xff, 0x6e,
    0x0, 0x0, 0x0, 0x1f, 0xd7, 0xff, 0xff, 0xd0,
    0x8b, 0xff, 0xff, 0xff, 0xff, 0xff, 0xe8, 0x9,
    0x0, 0x0, 0x2, 0xc6, 0xff, 0xff, 0xff, 0xff,
    0xff, 0xff, 0xff, 0xff, 0xff, 0xff, 0x75, 0x0,
    0x0, 0x0, 0x58, 0xff, 0xff, 0xff, 0xff, 0xff,
    0xff, 0xff, 0xff, 0xff, 0xff, 0xec, 0xc, 0x0,
    0x0, 0x1, 0xd3, 0xff, 0xff, 0xff, 0xff, 0xff,
    0xff, 0xff, 0xff, 0xff, 0xff, 0x7c, 0x0, 0x0,
    0x0, 0x52, 0xff, 0xff, 0xff, 0xff, 0xff, 0xff,
    0xff, 0xff, 0xff, 0xff, 0xe0, 0xb, 0x0, 0x0,
    0x0, 0xce, 0xff, 0xff, 0xff, 0xff, 0xff, 0x96,
    0xb6, 0xfb, 0xff, 0xe8, 0x33, 0x0, 0x0, 0x0,
    0x4c, 0xff, 0xff, 0xff, 0xff, 0xff, 0xdd, 0x4,
    0x0, 0x10, 0x33, 0x7, 0x0, 0x0, 0x0, 0x0,
    0x36, 0xd0, 0xff, 0xff, 0xff, 0xff, 0x64, 0x0,
    0x0, 0x0, 0x0, 0x0, 0x0, 0x0, 0x0, 0x0,
    0x0, 0x2, 0x67, 0xe4, 0xff, 0xe0, 0x5, 0x0,
    0x0, 0x0, 0x0, 0x0, 0x0, 0x0, 0x0, 0x0,
    0x0, 0x0, 0x0, 0x2, 0x42, 0x43, 0x0, 0x0,
    0x0, 0x0, 0x0, 0x0, 0x0, 0x0, 0x0, 0x0
};


/*---------------------
 *  GLYPH DESCRIPTION
 *--------------------*/

static const lv_font_fmt_txt_glyph_dsc_t glyph_dsc[] = {
    {.bitmap_index = 0, .adv_w = 0, .box_w = 0, .box_h = 0, .ofs_x = 0, .ofs_y = 0} /* id = 0 reserved */,
    {.bitmap_index = 0, .adv_w = 133, .box_w = 0, .box_h = 0, .ofs_x = 0, .ofs_y = 0},
    {.bitmap_index = 0, .adv_w = 142, .box_w = 7, .box_h = 34, .ofs_x = 1, .ofs_y = -3},
    {.bitmap_index = 238, .adv_w = 240, .box_w = 13, .box_h = 17, .ofs_x = 1, .ofs_y = 14},
    {.bitmap_index = 459, .adv_w = 346, .box_w = 20, .box_h = 28, .ofs_x = 1, .ofs_y = -2},
    {.bitmap_index = 1019, .adv_w = 337, .box_w = 19, .box_h = 31, .ofs_x = 1, .ofs_y = -2},
    {.bitmap_index = 1608, .adv_w = 399, .box_w = 23, .box_h = 29, .ofs_x = 1, .ofs_y = 0},
    {.bitmap_index = 2275, .adv_w = 310, .box_w = 18, .box_h = 30, .ofs_x = 1, .ofs_y = -2},
    {.bitmap_index = 2815, .adv_w = 133, .box_w = 6, .box_h = 13, .ofs_x = 1, .ofs_y = 18},
    {.bitmap_index = 2893, .adv_w = 222, .box_w = 12, .box_h = 38, .ofs_x = 1, .ofs_y = -7},
    {.bitmap_index = 3349, .adv_w = 222, .box_w = 12, .box_h = 38, .ofs_x = 1, .ofs_y = -7},
    {.bitmap_index = 3805, .adv_w = 275, .box_w = 13, .box_h = 19, .ofs_x = 2, .ofs_y = 12},
    {.bitmap_index = 4052, .adv_w = 266, .box_w = 15, .box_h = 17, .ofs_x = 1, .ofs_y = 2},
    {.bitmap_index = 4307, .adv_w = 160, .box_w = 8, .box_h = 12, .ofs_x = 1, .ofs_y = -6},
    {.bitmap_index = 4403, .adv_w = 222, .box_w = 12, .box_h = 11, .ofs_x = 1, .ofs_y = 4},
    {.bitmap_index = 4535, .adv_w = 160, .box_w = 8, .box_h = 9, .ofs_x = 1, .ofs_y = -3},
    {.bitmap_index = 4607, .adv_w = 319, .box_w = 16, .box_h = 37, .ofs_x = 2, .ofs_y = -5},
    {.bitmap_index = 5199, .adv_w = 266, .box_w = 15, .box_h = 29, .ofs_x = 1, .ofs_y = -2},
    {.bitmap_index = 5634, .adv_w = 226, .box_w = 12, .box_h = 30, .ofs_x = 1, .ofs_y = -2},
    {.bitmap_index = 5994, .adv_w = 266, .box_w = 15, .box_h = 30, .ofs_x = 1, .ofs_y = -2},
    {.bitmap_index = 6444, .adv_w = 266, .box_w = 15, .box_h = 30, .ofs_x = 1, .ofs_y = -2},
    {.bitmap_index = 6894, .adv_w = 266, .box_w = 15, .box_h = 30, .ofs_x = 1, .ofs_y = -2},
    {.bitmap_index = 7344, .adv_w = 266, .box_w = 15, .box_h = 30, .ofs_x = 1, .ofs_y = -2},
    {.bitmap_index = 7794, .adv_w = 266, .box_w = 15, .box_h = 30, .ofs_x = 1, .ofs_y = -2},
    {.bitmap_index = 8244, .adv_w = 266, .box_w = 15, .box_h = 30, .ofs_x = 1, .ofs_y = -2},
    {.bitmap_index = 8694, .adv_w = 266, .box_w = 15, .box_h = 30, .ofs_x = 1, .ofs_y = -2},
    {.bitmap_index = 9144, .adv_w = 266, .box_w = 15, .box_h = 30, .ofs_x = 1, .ofs_y = -2},
    {.bitmap_index = 9594, .adv_w = 160, .box_w = 8, .box_h = 25, .ofs_x = 1, .ofs_y = -3},
    {.bitmap_index = 9794, .adv_w = 160, .box_w = 8, .box_h = 28, .ofs_x = 1, .ofs_y = -6},
    {.bitmap_index = 10018, .adv_w = 264, .box_w = 15, .box_h = 20, .ofs_x = 1, .ofs_y = 4},
    {.bitmap_index = 10318, .adv_w = 266, .box_w = 15, .box_h = 21, .ofs_x = 1, .ofs_y = 0},
    {.bitmap_index = 10633, .adv_w = 264, .box_w = 15, .box_h = 19, .ofs_x = 1, .ofs_y = 4},
    {.bitmap_index = 10918, .adv_w = 266, .box_w = 15, .box_h = 34, .ofs_x = 1, .ofs_y = -3},
    {.bitmap_index = 11428, .adv_w = 372, .box_w = 21, .box_h = 31, .ofs_x = 1, .ofs_y = -4},
    {.bitmap_index = 12079, .adv_w = 288, .box_w = 16, .box_h = 33, .ofs_x = 1, .ofs_y = -2},
    {.bitmap_index = 12607, .adv_w = 293, .box_w = 16, .box_h = 33, .ofs_x = 1, .ofs_y = -2},
    {.bitmap_index = 13135, .adv_w = 288, .box_w = 16, .box_h = 33, .ofs_x = 1, .ofs_y = -2},
    {.bitmap_index = 13663, .adv_w = 293, .box_w = 16, .box_h = 33, .ofs_x = 1, .ofs_y = -2},
    {.bitmap_index = 14191, .adv_w = 288, .box_w = 16, .box_h = 32, .ofs_x = 1, .ofs_y = -2},
    {.bitmap_index = 14703, .adv_w = 288, .box_w = 16, .box_h = 32, .ofs_x = 1, .ofs_y = -2},
    {.bitmap_index = 15215, .adv_w = 288, .box_w = 16, .box_h = 33, .ofs_x = 1, .ofs_y = -2},
    {.bitmap_index = 15743, .adv_w = 288, .box_w = 16, .box_h = 32, .ofs_x = 1, .ofs_y = -2},
    {.bitmap_index = 16255, .adv_w = 293, .box_w = 16, .box_h = 33, .ofs_x = 1, .ofs_y = -2},
    {.bitmap_index = 16783, .adv_w = 288, .box_w = 16, .box_h = 32, .ofs_x = 1, .ofs_y = -2},
    {.bitmap_index = 17295, .adv_w = 288, .box_w = 16, .box_h = 32, .ofs_x = 1, .ofs_y = -2},
    {.bitmap_index = 17807, .adv_w = 244, .box_w = 13, .box_h = 32, .ofs_x = 1, .ofs_y = -2},
    {.bitmap_index = 18223, .adv_w = 355, .box_w = 20, .box_h = 35, .ofs_x = 1, .ofs_y = -2},
    {.bitmap_index = 18923, .adv_w = 355, .box_w = 20, .box_h = 35, .ofs_x = 1, .ofs_y = -2},
    {.bitmap_index = 19623, .adv_w = 288, .box_w = 16, .box_h = 33, .ofs_x = 1, .ofs_y = -2},
    {.bitmap_index = 20151, .adv_w = 288, .box_w = 16, .box_h = 33, .ofs_x = 1, .ofs_y = -2},
    {.bitmap_index = 20679, .adv_w = 288, .box_w = 18, .box_h = 33, .ofs_x = 1, .ofs_y = -2},
    {.bitmap_index = 21273, .adv_w = 288, .box_w = 16, .box_h = 33, .ofs_x = 1, .ofs_y = -2},
    {.bitmap_index = 21801, .adv_w = 288, .box_w = 16, .box_h = 33, .ofs_x = 1, .ofs_y = -2},
    {.bitmap_index = 22329, .adv_w = 293, .box_w = 16, .box_h = 33, .ofs_x = 1, .ofs_y = -2},
    {.bitmap_index = 22857, .adv_w = 288, .box_w = 16, .box_h = 32, .ofs_x = 1, .ofs_y = -2},
    {.bitmap_index = 23369, .adv_w = 288, .box_w = 16, .box_h = 32, .ofs_x = 1, .ofs_y = -2},
    {.bitmap_index = 23881, .adv_w = 355, .box_w = 20, .box_h = 35, .ofs_x = 1, .ofs_y = -2},
    {.bitmap_index = 24581, .adv_w = 288, .box_w = 16, .box_h = 32, .ofs_x = 1, .ofs_y = -2},
    {.bitmap_index = 25093, .adv_w = 293, .box_w = 16, .box_h = 33, .ofs_x = 1, .ofs_y = -2},
    {.bitmap_index = 25621, .adv_w = 288, .box_w = 16, .box_h = 32, .ofs_x = 1, .ofs_y = -2},
    {.bitmap_index = 26133, .adv_w = 222, .box_w = 12, .box_h = 39, .ofs_x = 1, .ofs_y = -8},
    {.bitmap_index = 26601, .adv_w = 346, .box_w = 18, .box_h = 37, .ofs_x = 2, .ofs_y = -5},
    {.bitmap_index = 27267, .adv_w = 222, .box_w = 12, .box_h = 39, .ofs_x = 1, .ofs_y = -7},
    {.bitmap_index = 27735, .adv_w = 266, .box_w = 14, .box_h = 12, .ofs_x = 1, .ofs_y = 20},
    {.bitmap_index = 27903, .adv_w = 266, .box_w = 15, .box_h = 12, .ofs_x = 1, .ofs_y = -2},
    {.bitmap_index = 28083, .adv_w = 266, .box_w = 13, .box_h = 8, .ofs_x = 1, .ofs_y = 23},
    {.bitmap_index = 28187, .adv_w = 266, .box_w = 15, .box_h = 25, .ofs_x = 1, .ofs_y = -2},
    {.bitmap_index = 28562, .adv_w = 266, .box_w = 15, .box_h = 30, .ofs_x = 1, .ofs_y = -2},
    {.bitmap_index = 29012, .adv_w = 266, .box_w = 15, .box_h = 25, .ofs_x = 1, .ofs_y = -2},
    {.bitmap_index = 29387, .adv_w = 266, .box_w = 15, .box_h = 30, .ofs_x = 1, .ofs_y = -2},
    {.bitmap_index = 29837, .adv_w = 266, .box_w = 15, .box_h = 25, .ofs_x = 1, .ofs_y = -2},
    {.bitmap_index = 30212, .adv_w = 266, .box_w = 15, .box_h = 30, .ofs_x = 1, .ofs_y = -2},
    {.bitmap_index = 30662, .adv_w = 266, .box_w = 15, .box_h = 30, .ofs_x = 1, .ofs_y = -7},
    {.bitmap_index = 31112, .adv_w = 266, .box_w = 15, .box_h = 30, .ofs_x = 1, .ofs_y = -2},
    {.bitmap_index = 31562, .adv_w = 266, .box_w = 15, .box_h = 30, .ofs_x = 1, .ofs_y = -2},
    {.bitmap_index = 32012, .adv_w = 222, .box_w = 13, .box_h = 35, .ofs_x = 1, .ofs_y = -7},
    {.bitmap_index = 32467, .adv_w = 266, .box_w = 15, .box_h = 30, .ofs_x = 1, .ofs_y = -2},
    {.bitmap_index = 32917, .adv_w = 200, .box_w = 11, .box_h = 30, .ofs_x = 1, .ofs_y = -2},
    {.bitmap_index = 33247, .adv_w = 337, .box_w = 19, .box_h = 28, .ofs_x = 1, .ofs_y = -2},
    {.bitmap_index = 33779, .adv_w = 266, .box_w = 15, .box_h = 25, .ofs_x = 1, .ofs_y = -2},
    {.bitmap_index = 34154, .adv_w = 266, .box_w = 15, .box_h = 25, .ofs_x = 1, .ofs_y = -2},
    {.bitmap_index = 34529, .adv_w = 266, .box_w = 15, .box_h = 29, .ofs_x = 1, .ofs_y = -6},
    {.bitmap_index = 34964, .adv_w = 266, .box_w = 15, .box_h = 29, .ofs_x = 1, .ofs_y = -6},
    {.bitmap_index = 35399, .adv_w = 244, .box_w = 15, .box_h = 25, .ofs_x = 1, .ofs_y = -2},
    {.bitmap_index = 35774, .adv_w = 266, .box_w = 15, .box_h = 25, .ofs_x = 1, .ofs_y = -2},
    {.bitmap_index = 36149, .adv_w = 244, .box_w = 14, .box_h = 25, .ofs_x = 0, .ofs_y = -3},
    {.bitmap_index = 36499, .adv_w = 266, .box_w = 15, .box_h = 25, .ofs_x = 1, .ofs_y = -2},
    {.bitmap_index = 36874, .adv_w = 266, .box_w = 15, .box_h = 25, .ofs_x = 1, .ofs_y = -2},
    {.bitmap_index = 37249, .adv_w = 337, .box_w = 19, .box_h = 28, .ofs_x = 1, .ofs_y = -2},
    {.bitmap_index = 37781, .adv_w = 266, .box_w = 15, .box_h = 25, .ofs_x = 1, .ofs_y = -2},
    {.bitmap_index = 38156, .adv_w = 266, .box_w = 15, .box_h = 30, .ofs_x = 1, .ofs_y = -7},
    {.bitmap_index = 38606, .adv_w = 266, .box_w = 15, .box_h = 25, .ofs_x = 1, .ofs_y = -2},
    {.bitmap_index = 38981, .adv_w = 200, .box_w = 12, .box_h = 39, .ofs_x = 0, .ofs_y = -8},
    {.bitmap_index = 39449, .adv_w = 133, .box_w = 6, .box_h = 39, .ofs_x = 1, .ofs_y = -7},
    {.bitmap_index = 39683, .adv_w = 200, .box_w = 12, .box_h = 39, .ofs_x = 1, .ofs_y = -7},
    {.bitmap_index = 40151, .adv_w = 290, .box_w = 16, .box_h = 14, .ofs_x = 1, .ofs_y = 4}
};

/*---------------------
 *  CHARACTER MAPPING
 *--------------------*/



/*Collect the unicode lists and glyph_id offsets*/
static const lv_font_fmt_txt_cmap_t cmaps[] =
{
    {
        .range_start = 32, .range_length = 95, .glyph_id_start = 1,
        .unicode_list = NULL, .glyph_id_ofs_list = NULL, .list_length = 0, .type = LV_FONT_FMT_TXT_CMAP_FORMAT0_TINY
    }
};

/*-----------------
 *    KERNING
 *----------------*/


/*Map glyph_ids to kern left classes*/
static const uint8_t kern_left_class_mapping[] =
{
    0, 0, 0, 0, 0, 0, 0, 0,
    0, 0, 0, 0, 0, 1, 0, 1,
    2, 3, 0, 0, 0, 0, 0, 0,
    0, 0, 0, 0, 0, 0, 0, 0,
    0, 0, 0, 3, 3, 3, 0, 0,
    0, 0, 0, 3, 0, 4, 0, 0,
    3, 0, 0, 0, 3, 5, 3, 0,
    0, 0, 0, 0, 0, 0, 0, 0,
    0, 0, 0, 6, 6, 0, 0, 7,
    0, 0, 0, 0, 0, 8, 0, 0,
    6, 6, 0, 0, 0, 0, 0, 0,
    0, 0, 0, 0, 0, 0, 0, 0
};

/*Map glyph_ids to kern right classes*/
static const uint8_t kern_right_class_mapping[] =
{
    0, 0, 0, 0, 0, 0, 0, 0,
    0, 0, 0, 0, 0, 1, 0, 1,
    2, 3, 0, 0, 0, 0, 0, 0,
    0, 0, 0, 4, 4, 0, 0, 0,
    0, 0, 3, 4, 3, 4, 3, 3,
    3, 4, 4, 3, 4, 4, 4, 4,
    3, 4, 3, 4, 3, 5, 3, 4,
    4, 4, 4, 4, 0, 0, 0, 6,
    0, 6, 6, 4, 6, 6, 6, 7,
    6, 4, 6, 6, 4, 4, 6, 6,
    6, 6, 6, 6, 6, 8, 6, 6,
    6, 6, 6, 6, 0, 0, 0, 6
};

/*Kern values between classes*/
static const int8_t kern_class_values[] =
{
    0, 0, 0, 0, -51, 0, 0, 0,
    0, -113, 0, 0, 0, 0, 0, 0,
    -51, 0, 0, 0, 0, 0, 0, 0,
    0, 0, 0, 0, -77, 0, 0, 0,
    -26, 0, -31, -26, -26, -67, 0, 0,
    0, 0, 0, 0, -67, 0, 0, 0,
    0, 0, 0, 0, 0, 0, 0, 26,
    0, 0, 0, 0, -51, 0, -51, -26
};


/*Collect the kern class' data in one place*/
static const lv_font_fmt_txt_kern_classes_t kern_classes =
{
    .class_pair_values   = kern_class_values,
    .left_class_mapping  = kern_left_class_mapping,
    .right_class_mapping = kern_right_class_mapping,
    .left_class_cnt      = 8,
    .right_class_cnt     = 8,
};

/*--------------------
 *  ALL CUSTOM DATA
 *--------------------*/

#if LVGL_VERSION_MAJOR == 8
/*Store all the custom data of the font*/
static  lv_font_fmt_txt_glyph_cache_t cache;
#endif

#if LVGL_VERSION_MAJOR >= 8
static const lv_font_fmt_txt_dsc_t font_dsc = {
#else
static lv_font_fmt_txt_dsc_t font_dsc = {
#endif
    .glyph_bitmap = glyph_bitmap,
    .glyph_dsc = glyph_dsc,
    .cmaps = cmaps,
    .kern_dsc = &kern_classes,
    .kern_scale = 16,
    .cmap_num = 1,
    .bpp = 8,
    .kern_classes = 1,
    .bitmap_format = 0,
#if LVGL_VERSION_MAJOR == 8
    .cache = &cache
#endif
};



/*-----------------
 *  PUBLIC FONT
 *----------------*/

/*Initialize a public general font descriptor*/
#if LVGL_VERSION_MAJOR >= 8
const lv_font_t ui_font_funky_32 = {
#else
lv_font_t ui_font_funky_32 = {
#endif
    .get_glyph_dsc = lv_font_get_glyph_dsc_fmt_txt,    /*Function pointer to get glyph's data*/
    .get_glyph_bitmap = lv_font_get_bitmap_fmt_txt,    /*Function pointer to get glyph's bitmap*/
    .line_height = 41,          /*The maximum line height required by the font*/
    .base_line = 8,             /*Baseline measured from the bottom of the line*/
#if !(LVGL_VERSION_MAJOR == 6 && LVGL_VERSION_MINOR == 0)
    .subpx = LV_FONT_SUBPX_NONE,
#endif
#if LV_VERSION_CHECK(7, 4, 0) || LVGL_VERSION_MAJOR >= 8
    .underline_position = -3,
    .underline_thickness = 2,
#endif
    .dsc = &font_dsc,          /*The custom font data. Will be accessed by `get_glyph_bitmap/dsc` */
#if LV_VERSION_CHECK(8, 2, 0) || LVGL_VERSION_MAJOR >= 9
    .fallback = NULL,
#endif
    .user_data = NULL,
};



#endif /*#if UI_FONT_FUNKY_32*/

